{"organizations": ["Google"], "uuid": "4fecf0f5065e17321d8bc843c405f5647540f7f3", "thread": {"social": {"gplus": {"shares": 0}, "pinterest": {"shares": 0}, "vk": {"shares": 0}, "linkedin": {"shares": 0}, "facebook": {"likes": 0, "shares": 0, "comments": 0}, "stumbledupon": {"shares": 0}}, "site_full": "www.industriesnews.net", "main_image": "", "site_section": "http://www.industriesnews.net/rss.php/?ind=technology", "section_title": "industriesnews.net  - Breaking Technology News latest RSS headlines", "url": "http://www.industriesnews.net/story?sid=s236372131&ampcid=400", "country": "US", "title": "Google gets a makeover with new design for iconic logo", "performance_score": 0, "site": "industriesnews.net", "participants_count": 0, "title_full": "Google gets a makeover with new design for iconic logo", "spam_score": 0.0, "site_type": "news", "published": "2015-09-02T19:35:00.000+03:00", "replies_count": 0, "uuid": "4fecf0f5065e17321d8bc843c405f5647540f7f3"}, "author": "", "url": "http://www.industriesnews.net/story?sid=s236372131&ampcid=400", "ord_in_thread": 0, "title": "Google gets a makeover with new design for iconic logo", "locations": [], "entities": {"persons": [], "locations": [], "organizations": []}, "highlightText": "", "language": "english", "persons": [], "text": " ", "external_links": [], "published": "2015-09-02T19:35:00.000+03:00", "crawled": "2015-09-03T09:25:30.424+03:00", "highlightTitle": ""}