{"organizations": [], "uuid": "cedbede35cf8db09c81ce6730cb423d4471d3b71", "thread": {"social": {"gplus": {"shares": 0}, "pinterest": {"shares": 0}, "vk": {"shares": 0}, "linkedin": {"shares": 0}, "facebook": {"likes": 0, "shares": 0, "comments": 0}, "stumbledupon": {"shares": 0}}, "site_full": "www.industriesnews.net", "main_image": "", "site_section": "http://www.industriesnews.net/rss.php/?ind=technology", "section_title": "industriesnews.net  - Breaking Technology News latest RSS headlines", "url": "http://www.industriesnews.net/story?sid=s236319459&cid=400", "country": "US", "title": "Apple to let you talk to your TV and take on the Xbox with new gadget", "performance_score": 0, "site": "industriesnews.net", "participants_count": 0, "title_full": "Apple to let you talk to your TV and take on the Xbox with new gadget", "spam_score": 0.0, "site_type": "news", "published": "2015-09-01T10:31:00.000+03:00", "replies_count": 0, "uuid": "cedbede35cf8db09c81ce6730cb423d4471d3b71"}, "author": "", "url": "http://www.industriesnews.net/story?sid=s236319459&cid=400", "ord_in_thread": 0, "title": "Apple to let you talk to your TV and take on the Xbox with new gadget", "locations": [], "entities": {"persons": [], "locations": [], "organizations": []}, "highlightText": "", "language": "english", "persons": [], "text": " ", "external_links": [], "published": "2015-09-01T10:31:00.000+03:00", "crawled": "2015-09-02T02:19:22.786+03:00", "highlightTitle": ""}