{"organizations": [], "uuid": "3dced2db221fd8b2ea23d27af323a98ab88dfe3a", "thread": {"social": {"gplus": {"shares": 0}, "pinterest": {"shares": 0}, "vk": {"shares": 0}, "linkedin": {"shares": 0}, "facebook": {"likes": 0, "shares": 0, "comments": 0}, "stumbledupon": {"shares": 0}}, "site_full": "www.i360gov.com", "main_image": "", "site_section": "http://feeds.feedburner.com/FederalGovernmentNewsRss-I360Gov", "section_title": "Government Policy, Business and Technology: i360 Gov", "url": "http://www.i360gov.com/education-news/2015/sep/01/california-s-community-colleges-may-seek-a-new-accreditor", "country": "US", "title": "California's community colleges may seek a new accreditor", "performance_score": 0, "site": "i360gov.com", "participants_count": 0, "title_full": "California's community colleges may seek a new accreditor", "spam_score": 0.0, "site_type": "news", "published": "2015-09-01T13:04:00.000+03:00", "replies_count": 0, "uuid": "3dced2db221fd8b2ea23d27af323a98ab88dfe3a"}, "author": "", "url": "http://www.i360gov.com/education-news/2015/sep/01/california-s-community-colleges-may-seek-a-new-accreditor", "ord_in_thread": 0, "title": "California's community colleges may seek a new accreditor", "locations": ["California"], "entities": {"persons": [], "locations": [], "organizations": []}, "highlightText": "", "language": "english", "persons": [], "text": "Education Technology About \ni360Edu is an intelligent network of websites and newsletters that provides policy, business and technology leaders in education with a single destination for the most important news and analysis regarding their strategies and initiatives. Contact Us", "external_links": [], "published": "2015-09-01T13:04:00.000+03:00", "crawled": "2015-09-01T17:55:47.748+03:00", "highlightTitle": ""}