{"organizations": [], "uuid": "07392dcdb673c1d2b9969e18fcc5e6587f6685f8", "thread": {"social": {"gplus": {"shares": 0}, "pinterest": {"shares": 0}, "vk": {"shares": 0}, "linkedin": {"shares": 0}, "facebook": {"likes": 0, "shares": 0, "comments": 0}, "stumbledupon": {"shares": 0}}, "site_full": "www.industriesnews.net", "main_image": "", "site_section": "http://www.industriesnews.net/rss.php/?ind=technology", "section_title": "industriesnews.net  - Breaking Technology News latest RSS headlines", "url": "http://www.industriesnews.net/story?sid=s236335793&cid=400", "country": "US", "title": "iPhone 7 release date price pictures and specs", "performance_score": 0, "site": "industriesnews.net", "participants_count": 0, "title_full": "iPhone 7 release date price pictures and specs", "spam_score": 0.0, "site_type": "news", "published": "2015-09-01T19:46:00.000+03:00", "replies_count": 0, "uuid": "07392dcdb673c1d2b9969e18fcc5e6587f6685f8"}, "author": "", "url": "http://www.industriesnews.net/story?sid=s236335793&cid=400", "ord_in_thread": 0, "title": "iPhone 7 release date price pictures and specs", "locations": [], "entities": {"persons": [], "locations": [], "organizations": []}, "highlightText": "", "language": "english", "persons": [], "text": " ", "external_links": [], "published": "2015-09-01T19:46:00.000+03:00", "crawled": "2015-09-02T11:50:27.738+03:00", "highlightTitle": ""}