{"organizations": [], "uuid": "f65f96370a1c58f43679ba130359709cf10d0dc0", "thread": {"social": {"gplus": {"shares": 0}, "pinterest": {"shares": 0}, "vk": {"shares": 0}, "linkedin": {"shares": 0}, "facebook": {"likes": 0, "shares": 0, "comments": 0}, "stumbledupon": {"shares": 0}}, "site_full": "www.bio-medicine.org", "main_image": "", "site_section": "http://www.bio-medicine.org/inc/biomed/medicine-technology.asp", "section_title": "Latest Medical Technology from Bio-Medicine.Org", "url": "http://www.bio-medicine.org/medicine-technology-1/Norgine-Completes-Agreement-With-Aspen-for-its-Southern-African-Operations-and-Product-Rights-48490-1/", "country": "US", "title": "Norgine Completes Agreement With Aspen for its Southern African Operations and Product Rights", "performance_score": 0, "site": "bio-medicine.org", "participants_count": 0, "title_full": "Norgine Completes Agreement With Aspen for its Southern African Operations and Product Rights", "spam_score": 0.0, "site_type": "news", "published": "2015-09-30T16:31:00.000+03:00", "replies_count": 0, "uuid": "f65f96370a1c58f43679ba130359709cf10d0dc0"}, "author": "", "url": "http://www.bio-medicine.org/medicine-technology-1/Norgine-Completes-Agreement-With-Aspen-for-its-Southern-African-Operations-and-Product-Rights-48490-1/", "ord_in_thread": 0, "title": "Norgine Completes Agreement With Aspen for its Southern African Operations and Product Rights", "locations": [], "entities": {"persons": [], "locations": [], "organizations": []}, "highlightText": "", "language": "english", "persons": [], "text": " ", "external_links": [], "published": "2015-09-30T16:31:00.000+03:00", "crawled": "2015-09-30T23:30:30.355+03:00", "highlightTitle": ""}