{"organizations": [], "uuid": "63a2e8d60e0998eba1618ed8ce31c5e15b5cfd15", "thread": {"social": {"gplus": {"shares": 0}, "pinterest": {"shares": 0}, "vk": {"shares": 0}, "linkedin": {"shares": 0}, "facebook": {"likes": 0, "shares": 0, "comments": 0}, "stumbledupon": {"shares": 0}}, "site_full": "newsr.in", "main_image": "http://cdn.newsserve.net/i/20150901/3190-Star-Wars-Battlefront-multiplayer-test-starts-in-early.jpg", "site_section": "http://newsr.in/latest/Technology.htm", "section_title": "Technology: newsR", "url": "http://newsr.in/n/Technology/755890xx2/Star-Wars-Battlefront-multiplayer-test-starts-in-early.htm", "country": "US", "title": "'Star Wars Battlefront' multiplayer test starts in early October", "performance_score": 0, "site": "newsr.in", "participants_count": 1, "title_full": "'Star Wars Battlefront' multiplayer test starts in early October - newsR", "spam_score": 0.0, "site_type": "news", "published": "2015-09-01T03:00:00.000+03:00", "replies_count": 0, "uuid": "63a2e8d60e0998eba1618ed8ce31c5e15b5cfd15"}, "author": "newsr.in", "url": "http://newsr.in/n/Technology/755890xx2/Star-Wars-Battlefront-multiplayer-test-starts-in-early.htm", "ord_in_thread": 0, "title": "'Star Wars Battlefront' multiplayer test starts in early October", "locations": [], "entities": {"persons": [], "locations": [], "organizations": []}, "highlightText": "", "language": "english", "persons": [], "text": "You won't have to wait until November to find out whether Star Wars Battlefront's large-scale online conflicts are all they're cracked up to be. EA and DICE have announced that Battlefront's multiplayer beta will launch in early October for the Pl... »", "external_links": ["http://cdn.newsserve.net/i/20150901/3190-Star-Wars-Battlefront-multiplayer-test-starts-in-early.jpg"], "published": "2015-09-01T03:00:00.000+03:00", "crawled": "2015-09-01T21:52:17.760+03:00", "highlightTitle": ""}