{"organizations": [], "uuid": "792ddb839596510270620ab29bf97292561b3e42", "thread": {"social": {"gplus": {"shares": 0}, "pinterest": {"shares": 0}, "vk": {"shares": 0}, "linkedin": {"shares": 0}, "facebook": {"likes": 0, "shares": 0, "comments": 0}, "stumbledupon": {"shares": 0}}, "site_full": "www.industriesnews.net", "main_image": "", "site_section": "http://www.industriesnews.net/rss.php/?ind=technology", "section_title": "industriesnews.net  - Breaking Technology News latest RSS headlines", "url": "http://www.industriesnews.net/story?sid=s236372067&ampcid=400", "country": "US", "title": "Ratan Tata invests in startup Holachef", "performance_score": 0, "site": "industriesnews.net", "participants_count": 0, "title_full": "Ratan Tata invests in startup Holachef", "spam_score": 0.0, "site_type": "news", "published": "2015-09-02T19:23:00.000+03:00", "replies_count": 0, "uuid": "792ddb839596510270620ab29bf97292561b3e42"}, "author": "", "url": "http://www.industriesnews.net/story?sid=s236372067&ampcid=400", "ord_in_thread": 0, "title": "Ratan Tata invests in startup Holachef", "locations": ["Holachef"], "entities": {"persons": [], "locations": [], "organizations": []}, "highlightText": "", "language": "english", "persons": [], "text": " ", "external_links": [], "published": "2015-09-02T19:23:00.000+03:00", "crawled": "2015-09-03T09:27:13.032+03:00", "highlightTitle": ""}