{"organizations": [], "uuid": "cf00a180b392e7473171b1a5c6a24f5666da3d41", "thread": {"social": {"gplus": {"shares": 0}, "pinterest": {"shares": 0}, "vk": {"shares": 0}, "linkedin": {"shares": 0}, "facebook": {"likes": 0, "shares": 0, "comments": 0}, "stumbledupon": {"shares": 0}}, "site_full": "www.industriesnews.net", "main_image": "", "site_section": "http://www.industriesnews.net/rss.php/?ind=technology", "section_title": "industriesnews.net  - Breaking Technology News latest RSS headlines", "url": "http://www.industriesnews.net/story?sid=s236335657&cid=400", "country": "US", "title": "New Numericable-SFR chief says not planning price war", "performance_score": 0, "site": "industriesnews.net", "participants_count": 0, "title_full": "New Numericable-SFR chief says not planning price war", "spam_score": 0.0, "site_type": "news", "published": "2015-09-01T19:14:00.000+03:00", "replies_count": 0, "uuid": "cf00a180b392e7473171b1a5c6a24f5666da3d41"}, "author": "", "url": "http://www.industriesnews.net/story?sid=s236335657&cid=400", "ord_in_thread": 0, "title": "New Numericable-SFR chief says not planning price war", "locations": [], "entities": {"persons": [], "locations": [], "organizations": []}, "highlightText": "", "language": "english", "persons": [], "text": " ", "external_links": [], "published": "2015-09-01T19:14:00.000+03:00", "crawled": "2015-09-02T12:09:07.339+03:00", "highlightTitle": ""}