{"organizations": [], "uuid": "7537129927fb37a3d79561fc93e2797a129d74df", "thread": {"social": {"gplus": {"shares": 0}, "pinterest": {"shares": 0}, "vk": {"shares": 0}, "linkedin": {"shares": 0}, "facebook": {"likes": 0, "shares": 0, "comments": 0}, "stumbledupon": {"shares": 0}}, "site_full": "feeds.reuters.com", "main_image": "", "site_section": "http://feeds.reuters.com/reuters/technologysectorNews", "section_title": "Reuters: Technology", "url": "http://feeds.reuters.com/~r/reuters/technologysectorNews/~3/RIxzCjcEahs/story01.htm", "country": "US", "title": "BRIEF-Ericsson wins three-year 4G contract in Indonesia", "performance_score": 0, "site": "reuters.com", "participants_count": 1, "title_full": "BRIEF-Ericsson wins three-year 4G contract in Indonesia | Reuters", "spam_score": 0.0, "site_type": "news", "published": "2015-09-29T12:06:00.000+03:00", "replies_count": 0, "uuid": "7537129927fb37a3d79561fc93e2797a129d74df"}, "author": "Reuters", "url": "http://feeds.reuters.com/~r/reuters/technologysectorNews/~3/RIxzCjcEahs/story01.htm", "ord_in_thread": 0, "title": "BRIEF-Ericsson wins three-year 4G contract in Indonesia", "locations": [], "entities": {"persons": [], "locations": [], "organizations": []}, "highlightText": "", "language": "english", "persons": [], "text": "Sept 29 Ericsson AB\n* Says Axiata selects Ericsson for 4G/LTE deployment in Indonesia\n* Says XL Axiata to deploy 4G/LTE and upgrade existing 2G and 3G networks to meet Indonesia's rapid-growing data-traffic\n* Says XL Axiata selects Ericsson as a turnkey partner for 4G/LTE design and implementation in Jakarta and Central Java\n* XL Axiata has signed a three-year contract with Ericsson for design and implementation of 4G/LTE network and upgrade of existing 2G and 3G networks in Jakarta and Central Java\n* The agreement includes all hardware, software and services to deliver 4G/LTE services for XL Axiata's subscribers. Source text for Eikon: Further company coverage: (Stockholm Newsroom)", "external_links": [], "published": "2015-09-29T12:06:00.000+03:00", "crawled": "2015-09-29T12:28:32.469+03:00", "highlightTitle": ""}