{"organizations": [], "uuid": "f7bdd2686ad6197ad7db90f6d70068241baa09d7", "thread": {"social": {"gplus": {"shares": 0}, "pinterest": {"shares": 0}, "vk": {"shares": 0}, "linkedin": {"shares": 0}, "facebook": {"likes": 0, "shares": 0, "comments": 0}, "stumbledupon": {"shares": 0}}, "site_full": "www.industriesnews.net", "main_image": "", "site_section": "http://www.industriesnews.net/rss.php/?ind=technology", "section_title": "industriesnews.net  - Breaking Technology News latest RSS headlines", "url": "http://www.industriesnews.net/story?sid=s236323611&cid=400", "country": "US", "title": "Meet Big Mike the multi-millionaire legal marijuana entrepreneur who is trying to be the new King of Instagram", "performance_score": 0, "site": "industriesnews.net", "participants_count": 0, "title_full": "Meet Big Mike the multi-millionaire legal marijuana entrepreneur who is trying to be the new King of Instagram", "spam_score": 0.0, "site_type": "news", "published": "2015-09-01T19:32:00.000+03:00", "replies_count": 0, "uuid": "f7bdd2686ad6197ad7db90f6d70068241baa09d7"}, "author": "", "url": "http://www.industriesnews.net/story?sid=s236323611&cid=400", "ord_in_thread": 0, "title": "Meet Big Mike the multi-millionaire legal marijuana entrepreneur who is trying to be the new King of Instagram", "locations": [], "entities": {"persons": [], "locations": [], "organizations": []}, "highlightText": "", "language": "english", "persons": ["Mike"], "text": " ", "external_links": [], "published": "2015-09-01T19:32:00.000+03:00", "crawled": "2015-09-02T11:53:19.108+03:00", "highlightTitle": ""}