{"organizations": [], "uuid": "4fa53464a0ab7bd59eb50c94b80df395f9374722", "thread": {"social": {"gplus": {"shares": 0}, "pinterest": {"shares": 0}, "vk": {"shares": 0}, "linkedin": {"shares": 0}, "facebook": {"likes": 0, "shares": 0, "comments": 0}, "stumbledupon": {"shares": 0}}, "site_full": "www.industriesnews.net", "main_image": "", "site_section": "http://www.industriesnews.net/rss.php/?ind=technology", "section_title": "industriesnews.net  - Breaking Technology News latest RSS headlines", "url": "http://www.industriesnews.net/story?sid=s236392153&ampcid=400", "country": "US", "title": "5 hot smartphones under Rs 7000", "performance_score": 0, "site": "industriesnews.net", "participants_count": 0, "title_full": "5 hot smartphones under Rs 7000", "spam_score": 0.0, "site_type": "news", "published": "2015-09-03T10:24:00.000+03:00", "replies_count": 0, "uuid": "4fa53464a0ab7bd59eb50c94b80df395f9374722"}, "author": "", "url": "http://www.industriesnews.net/story?sid=s236392153&ampcid=400", "ord_in_thread": 0, "title": "5 hot smartphones under Rs 7000", "locations": [], "entities": {"persons": [], "locations": [], "organizations": []}, "highlightText": "", "language": "english", "persons": [], "text": " ", "external_links": [], "published": "2015-09-03T10:24:00.000+03:00", "crawled": "2015-09-03T19:58:50.067+03:00", "highlightTitle": ""}