{"organizations": [], "uuid": "36567fd22cb7e6f45355579278f0d806ef725ece", "thread": {"social": {"gplus": {"shares": 0}, "pinterest": {"shares": 0}, "vk": {"shares": 0}, "linkedin": {"shares": 0}, "facebook": {"likes": 0, "shares": 0, "comments": 0}, "stumbledupon": {"shares": 0}}, "site_full": "www.i360gov.com", "main_image": "", "site_section": "http://feeds.feedburner.com/FederalGovernmentNewsRss-I360Gov", "section_title": "Government Policy, Business and Technology: i360 Gov", "url": "http://www.i360gov.com/government-health-IT-news/2015/sep/03/flawed-va-data-includes-300-000-pending-enrollment-records-for-dead-vets", "country": "US", "title": "Flawed VA data includes 300,000 'pending' enrollment records for dead vets", "performance_score": 0, "site": "i360gov.com", "participants_count": 0, "title_full": "Flawed VA data includes 300,000 'pending' enrollment records for dead vets", "spam_score": 0.0, "site_type": "news", "published": "2015-09-03T15:02:00.000+03:00", "replies_count": 0, "uuid": "36567fd22cb7e6f45355579278f0d806ef725ece"}, "author": "", "url": "http://www.i360gov.com/government-health-IT-news/2015/sep/03/flawed-va-data-includes-300-000-pending-enrollment-records-for-dead-vets", "ord_in_thread": 0, "title": "Flawed VA data includes 300,000 'pending' enrollment records for dead vets", "locations": [], "entities": {"persons": [], "locations": [], "organizations": []}, "highlightText": "", "language": "english", "persons": [], "text": "03 Flawed VA data includes 300,000 'pending' enrollment records for dead vets \nModern Heatlhcare: The Veterans Health Administration's Health Eligibility Center is not effectively managing essential data, causing a large backlog of applications and other problems with getting veterans healthcare, according to a report released Wednesday by the VA's Office of the Inspector General (PDF).As of about a year ago, the VHA's enrollment system had about 867,000 records coded as \"pending.\" About 35% of them were for veterans OIG investigators found to be deceased according Social Security data. \"However, due to the data limitations, we could not reliably determine how many records were associated with actual applications for enrollment,\" investigators wrote in the report.", "external_links": [], "published": "2015-09-03T15:02:00.000+03:00", "crawled": "2015-09-03T17:59:06.607+03:00", "highlightTitle": ""}