{"organizations": [], "uuid": "c59a16a41c7f46f80aa6b2403bb327e55a593aed", "thread": {"social": {"gplus": {"shares": 0}, "pinterest": {"shares": 0}, "vk": {"shares": 0}, "linkedin": {"shares": 0}, "facebook": {"likes": 0, "shares": 0, "comments": 0}, "stumbledupon": {"shares": 0}}, "site_full": "www.industriesnews.net", "main_image": "", "site_section": "http://www.industriesnews.net/rss.php/?ind=technology", "section_title": "industriesnews.net  - Breaking Technology News latest RSS headlines", "url": "http://www.industriesnews.net/story?sid=s236389813&ampcid=400", "country": "US", "title": "Googles New Logo Design How They Made a Stale Font Friendly", "performance_score": 0, "site": "industriesnews.net", "participants_count": 0, "title_full": "Googles New Logo Design How They Made a Stale Font Friendly", "spam_score": 0.0, "site_type": "news", "published": "2015-09-03T10:11:00.000+03:00", "replies_count": 0, "uuid": "c59a16a41c7f46f80aa6b2403bb327e55a593aed"}, "author": "", "url": "http://www.industriesnews.net/story?sid=s236389813&ampcid=400", "ord_in_thread": 0, "title": "Googles New Logo Design How They Made a Stale Font Friendly", "locations": [], "entities": {"persons": [], "locations": [], "organizations": []}, "highlightText": "", "language": "english", "persons": [], "text": " ", "external_links": [], "published": "2015-09-03T10:11:00.000+03:00", "crawled": "2015-09-03T20:00:47.728+03:00", "highlightTitle": ""}