{"organizations": [], "uuid": "917ee8ee80c037e2a059dbce0bbdf59c6d7554a3", "thread": {"social": {"gplus": {"shares": 0}, "pinterest": {"shares": 0}, "vk": {"shares": 0}, "linkedin": {"shares": 0}, "facebook": {"likes": 0, "shares": 0, "comments": 0}, "stumbledupon": {"shares": 0}}, "site_full": "www.dailytelegraph.com.au", "main_image": "http://cdn.newsapi.com.au/image/v1/16a8962c62988bf0d73e451bf697a6f2", "site_section": "http://www.dailytelegraph.com.au/technology/news", "section_title": "Tech News | Latest Technology News | dailytelegraph.com.au", "url": "http://www.dailytelegraph.com.au/entertainment/television/when-the-giggles-attack-my-record-is-28-takes/story-fni0cc2c-1227512145743", "country": "US", "title": "Magda Szubanski, Glenn Robbins: Open Slather comedians on how to stop the giggles | DailyTelegraph", "performance_score": 0, "site": "dailytelegraph.com.au", "participants_count": 1, "title_full": "Magda Szubanski, Glenn Robbins: Open Slather comedians on how to stop the giggles | DailyTelegraph", "spam_score": 0.0, "site_type": "news", "published": "2015-09-04T08:00:00.000+03:00", "replies_count": 0, "uuid": "917ee8ee80c037e2a059dbce0bbdf59c6d7554a3"}, "author": "Andrew Bucklow", "url": "http://www.dailytelegraph.com.au/entertainment/television/when-the-giggles-attack-my-record-is-28-takes/story-fni0cc2c-1227512145743", "ord_in_thread": 0, "title": "Magda Szubanski, Glenn Robbins: Open Slather comedians on how to stop the giggles | DailyTelegraph", "locations": [], "entities": {"persons": [], "locations": [], "organizations": []}, "highlightText": "", "language": "english", "persons": [], "text": "IF YOU ever see Glenn Robbins grabbing his testicles on a TV set, he’s not being a sexual deviant ... he’s just trying to shake the giggles. You’d think that after years of recording sketches for comedy shows such as Fast Forward , Full Frontal and now Open Slather , stars such as Robbins, Magda Szubanski and Gina Riley would have learnt how to ditch the dreaded giggles once they start. But no.\nHere’s what they had to say to news.com.au about what happens when they just can’t stop laughing during a scene:\nThe men of Kath & Kim: Peter Rowsthorn (Brett) and Glenn Robbins (Kel).\nAustralia’s favourite netballer, Sharon Strzelecki.\nGina Riley played Kimberly Day Craig in Kath & Kim from 2002 to 2007.\nRemember when Stephen Curry played Dale Kerrigan in The Castle way back in 1997?\n“There’s a smell in here that will outlast religion,” is just one of Kenny’s many classic lines.\n1 of n", "external_links": ["http://www.thecomedychannel.com.au/shows/open-slather/", "http://cdn.newsapi.com.au/image/v1/96958f6ff31e83de5967c6f37153f4fc?api_key=zw4msefggf9wdvqswdfuqnr5", "http://cdn.newsapi.com.au/image/v1/fb69fe2669cf16fde57308aff10823d1?api_key=zw4msefggf9wdvqswdfuqnr5", "http://cdn.newsapi.com.au/image/v1/b7d86affa890e3cfcdf1900dcc1d1714?api_key=zw4msefggf9wdvqswdfuqnr5", "http://cdn.newsapi.com.au/image/v1/e93adc968ba17dff5d5815f1adb79188?api_key=zw4msefggf9wdvqswdfuqnr5", "http://cdn.newsapi.com.au/image/v1/6293607e72d0691c265269e863e8471b?api_key=zw4msefggf9wdvqswdfuqnr5"], "published": "2015-09-04T08:00:00.000+03:00", "crawled": "2015-09-04T04:11:45.556+03:00", "highlightTitle": ""}