{"organizations": [], "uuid": "c1a5c351d12060bdec6987b02872b557d2a1f9a8", "thread": {"social": {"gplus": {"shares": 0}, "pinterest": {"shares": 0}, "vk": {"shares": 0}, "linkedin": {"shares": 0}, "facebook": {"likes": 0, "shares": 0, "comments": 0}, "stumbledupon": {"shares": 0}}, "site_full": "www.industriesnews.net", "main_image": "", "site_section": "http://www.industriesnews.net/rss.php/?ind=technology", "section_title": "industriesnews.net  - Breaking Technology News latest RSS headlines", "url": "http://www.industriesnews.net/story?sid=s236375007&ampcid=400", "country": "US", "title": "Diver breaks up mortal combat between deadly sea snake stonefish", "performance_score": 0, "site": "industriesnews.net", "participants_count": 0, "title_full": "Diver breaks up mortal combat between deadly sea snake stonefish", "spam_score": 0.0, "site_type": "news", "published": "2015-09-03T10:08:00.000+03:00", "replies_count": 0, "uuid": "c1a5c351d12060bdec6987b02872b557d2a1f9a8"}, "author": "", "url": "http://www.industriesnews.net/story?sid=s236375007&ampcid=400", "ord_in_thread": 0, "title": "Diver breaks up mortal combat between deadly sea snake stonefish", "locations": [], "entities": {"persons": [], "locations": [], "organizations": []}, "highlightText": "", "language": "english", "persons": [], "text": " ", "external_links": [], "published": "2015-09-03T10:08:00.000+03:00", "crawled": "2015-09-03T20:02:18.195+03:00", "highlightTitle": ""}