{"organizations": [], "uuid": "f8a283a0e82936459dfa253223e9b037d4e6096d", "thread": {"social": {"gplus": {"shares": 0}, "pinterest": {"shares": 0}, "vk": {"shares": 0}, "linkedin": {"shares": 0}, "facebook": {"likes": 0, "shares": 0, "comments": 0}, "stumbledupon": {"shares": 0}}, "site_full": "www.news24.com", "main_image": "http://cdn.24.co.za/files/Cms/General/d/3182/70e4384d8e4b4b97a72c33581fa1c125.jpg", "site_section": "http://www.news24.com/", "section_title": "News24, South Africa's premier news source, provides breaking news on national, world, Africa, sport, entertainment, technology &amp; more. ", "url": "http://www.news24.com/SouthAfrica/News/Land-reform-department-posts-dismal-performance-figures-worse-finances-20150903", "country": "ZA", "title": "Land reform department posts ‘dismal’ performance figures, ‘worse’ finances", "performance_score": 0, "site": "news24.com", "participants_count": 1, "title_full": "Land reform department posts ‘dismal’ performance figures, ‘worse’ finances | News24", "spam_score": 0.0, "site_type": "news", "published": "2015-09-03T19:49:00.000+03:00", "replies_count": 0, "uuid": "f8a283a0e82936459dfa253223e9b037d4e6096d"}, "author": "news24.com", "url": "http://www.news24.com/SouthAfrica/News/Land-reform-department-posts-dismal-performance-figures-worse-finances-20150903", "ord_in_thread": 0, "title": "Land reform department posts ‘dismal’ performance figures, ‘worse’ finances", "locations": [], "entities": {"persons": [], "locations": [], "organizations": []}, "highlightText": "", "language": "english", "persons": [], "text": "“Our figures show we have performed dismally. Our finances look even worse.”\nSenior officials from the department of rural development and land reform admitted this before their quarterly report on the department’s finances was tabled in Parliament yesterday.\nIn the first quarter of the financial year the department used R1.4 billion of its R9.3 billion budget.\nRendani Sadiki, chief financial officer of the department, said only two “departments or functions” used more than half of their budgets.", "external_links": [], "published": "2015-09-03T19:49:00.000+03:00", "crawled": "2015-09-03T16:06:10.878+03:00", "highlightTitle": ""}