{"organizations": [], "uuid": "6422ce1834c107109cd574cdcc6afad9d15e6deb", "thread": {"social": {"gplus": {"shares": 0}, "pinterest": {"shares": 0}, "vk": {"shares": 0}, "linkedin": {"shares": 0}, "facebook": {"likes": 0, "shares": 0, "comments": 0}, "stumbledupon": {"shares": 0}}, "site_full": "www.industriesnews.net", "main_image": "", "site_section": "http://www.industriesnews.net/rss.php/?ind=technology", "section_title": "industriesnews.net  - Breaking Technology News latest RSS headlines", "url": "http://www.industriesnews.net/story?sid=s236319425&cid=400", "country": "US", "title": "KeyRaider Malware Targets Jailbroken iPhones", "performance_score": 0, "site": "industriesnews.net", "participants_count": 0, "title_full": "KeyRaider Malware Targets Jailbroken iPhones", "spam_score": 0.0, "site_type": "news", "published": "2015-09-01T10:06:00.000+03:00", "replies_count": 0, "uuid": "6422ce1834c107109cd574cdcc6afad9d15e6deb"}, "author": "", "url": "http://www.industriesnews.net/story?sid=s236319425&cid=400", "ord_in_thread": 0, "title": "KeyRaider Malware Targets Jailbroken iPhones", "locations": [], "entities": {"persons": [], "locations": [], "organizations": []}, "highlightText": "", "language": "english", "persons": [], "text": " ", "external_links": [], "published": "2015-09-01T10:06:00.000+03:00", "crawled": "2015-09-02T02:29:17.247+03:00", "highlightTitle": ""}