{"organizations": [], "uuid": "cf6bbe9ae4d246f9f98526477db3c6081d765e97", "thread": {"social": {"gplus": {"shares": 0}, "pinterest": {"shares": 0}, "vk": {"shares": 0}, "linkedin": {"shares": 0}, "facebook": {"likes": 0, "shares": 0, "comments": 0}, "stumbledupon": {"shares": 0}}, "site_full": "newsr.in", "main_image": "http://cdn.newsserve.net/i/20150905/1254-Listen-to-Janet-Jackson-first-single-from.jpg", "site_section": "http://newsr.in/latest/Technology.htm", "section_title": "Technology: newsR", "url": "http://newsr.in/n/Technology/755893p5f/Listen-to-Janet-Jackson-first-single-from.htm", "country": "US", "title": "Listen to Janet Jackson’s first single from her new album Unbreakable - newsR", "performance_score": 0, "site": "newsr.in", "participants_count": 1, "title_full": "Listen to Janet Jackson’s first single from her new album Unbreakable - newsR", "spam_score": 0.0, "site_type": "news", "published": "2015-09-05T03:00:00.000+03:00", "replies_count": 0, "uuid": "cf6bbe9ae4d246f9f98526477db3c6081d765e97"}, "author": "newsr.in", "url": "http://newsr.in/n/Technology/755893p5f/Listen-to-Janet-Jackson-first-single-from.htm", "ord_in_thread": 0, "title": "Listen to Janet Jackson’s first single from her new album Unbreakable - newsR", "locations": [], "entities": {"persons": [], "locations": [], "organizations": []}, "highlightText": "", "language": "english", "persons": [], "text": "On the heels of her first new studio record in seven years, the pop diva just dropped the soulful title track. The artist shows she’s ready for a full-on comeback on her title track Unbreakable. »", "external_links": ["http://cdn.newsserve.net/i/20150905/1254-Listen-to-Janet-Jackson-first-single-from.jpg"], "published": "2015-09-05T03:00:00.000+03:00", "crawled": "2015-09-05T16:15:40.063+03:00", "highlightTitle": ""}