{"organizations": [], "uuid": "94462d945d9232f5d5ecd546cc6f0875349b7b57", "thread": {"social": {"gplus": {"shares": 0}, "pinterest": {"shares": 0}, "vk": {"shares": 0}, "linkedin": {"shares": 0}, "facebook": {"likes": 0, "shares": 0, "comments": 0}, "stumbledupon": {"shares": 0}}, "site_full": "www.crutchtech.com", "main_image": "http://rc.feedsportal.com/r/238385152831/u/370/f/645093/c/34938/s/498cb1a1/sc/23/rc/1/rc.img", "site_section": "http://crutchtech.com/?feed=rss2", "section_title": "Crutch Technologies", "url": "http://www.crutchtech.com/2015/09/03/look-out-ipad-pro-samsung-teases-its-own-big-screen-tablet/", "country": "US", "title": "Look out, iPad Pro: Samsung teases its own big-screen tablet", "performance_score": 0, "site": "crutchtech.com", "participants_count": 1, "title_full": "Look out, iPad Pro: Samsung teases its own big-screen tablet", "spam_score": 0.0, "site_type": "news", "published": "2015-09-03T20:57:00.000+03:00", "replies_count": 0, "uuid": "94462d945d9232f5d5ecd546cc6f0875349b7b57"}, "author": "Chris Kerins", "url": "http://www.crutchtech.com/2015/09/03/look-out-ipad-pro-samsung-teases-its-own-big-screen-tablet/", "ord_in_thread": 0, "title": "Look out, iPad Pro: Samsung teases its own big-screen tablet", "locations": [], "entities": {"persons": [], "locations": [], "organizations": []}, "highlightText": "", "language": "english", "persons": [], "text": " ", "external_links": [], "published": "2015-09-03T20:57:00.000+03:00", "crawled": "2015-09-03T21:00:24.658+03:00", "highlightTitle": ""}