{"organizations": [], "uuid": "37f72fc6b915ef1d77d36a2cda6147c4a756a02a", "thread": {"social": {"gplus": {"shares": 0}, "pinterest": {"shares": 0}, "vk": {"shares": 0}, "linkedin": {"shares": 0}, "facebook": {"likes": 0, "shares": 0, "comments": 0}, "stumbledupon": {"shares": 0}}, "site_full": "www.industriesnews.net", "main_image": "", "site_section": "http://www.industriesnews.net/rss.php/?ind=technology", "section_title": "industriesnews.net  - Breaking Technology News latest RSS headlines", "url": "http://www.industriesnews.net/story?sid=s236335735&cid=400", "country": "US", "title": "Yahoo boss Marissa Mayer expecting identical twin girls", "performance_score": 0, "site": "industriesnews.net", "participants_count": 0, "title_full": "Yahoo boss Marissa Mayer expecting identical twin girls", "spam_score": 0.0, "site_type": "news", "published": "2015-09-01T19:35:00.000+03:00", "replies_count": 0, "uuid": "37f72fc6b915ef1d77d36a2cda6147c4a756a02a"}, "author": "", "url": "http://www.industriesnews.net/story?sid=s236335735&cid=400", "ord_in_thread": 0, "title": "Yahoo boss Marissa Mayer expecting identical twin girls", "locations": [], "entities": {"persons": [], "locations": [], "organizations": []}, "highlightText": "", "language": "english", "persons": ["Marissa Mayer"], "text": " ", "external_links": [], "published": "2015-09-01T19:35:00.000+03:00", "crawled": "2015-09-02T11:51:49.418+03:00", "highlightTitle": ""}