{"organizations": [], "uuid": "17f3f9bc70c7ca81968697d4e0a914b150acc7de", "thread": {"social": {"gplus": {"shares": 0}, "pinterest": {"shares": 0}, "vk": {"shares": 0}, "linkedin": {"shares": 0}, "facebook": {"likes": 0, "shares": 0, "comments": 0}, "stumbledupon": {"shares": 0}}, "site_full": "www.industriesnews.net", "main_image": "", "site_section": "http://www.industriesnews.net/rss.php/?ind=technology", "section_title": "industriesnews.net  - Breaking Technology News latest RSS headlines", "url": "http://www.industriesnews.net/story?sid=s236335731&cid=400", "country": "US", "title": "New Apple TV will work with game controllers Report", "performance_score": 0, "site": "industriesnews.net", "participants_count": 0, "title_full": "New Apple TV will work with game controllers Report", "spam_score": 0.0, "site_type": "news", "published": "2015-09-01T19:19:00.000+03:00", "replies_count": 0, "uuid": "17f3f9bc70c7ca81968697d4e0a914b150acc7de"}, "author": "", "url": "http://www.industriesnews.net/story?sid=s236335731&cid=400", "ord_in_thread": 0, "title": "New Apple TV will work with game controllers Report", "locations": [], "entities": {"persons": [], "locations": [], "organizations": []}, "highlightText": "", "language": "english", "persons": [], "text": " ", "external_links": [], "published": "2015-09-01T19:19:00.000+03:00", "crawled": "2015-09-02T12:01:33.069+03:00", "highlightTitle": ""}