{"organizations": ["Yahoo"], "uuid": "7735f88474dd8bc3f833e8480d5c36a6979734b4", "thread": {"social": {"gplus": {"shares": 0}, "pinterest": {"shares": 0}, "vk": {"shares": 0}, "linkedin": {"shares": 0}, "facebook": {"likes": 0, "shares": 0, "comments": 0}, "stumbledupon": {"shares": 0}}, "site_full": "www.industriesnews.net", "main_image": "", "site_section": "http://www.industriesnews.net/rss.php/?ind=technology", "section_title": "industriesnews.net  - Breaking Technology News latest RSS headlines", "url": "http://www.industriesnews.net/story?sid=s236317223&cid=400", "country": "US", "title": "Yahoo CEO Marissa Mayer says expecting twin girls", "performance_score": 0, "site": "industriesnews.net", "participants_count": 0, "title_full": "Yahoo CEO Marissa Mayer says expecting twin girls", "spam_score": 0.0, "site_type": "news", "published": "2015-09-01T10:25:00.000+03:00", "replies_count": 0, "uuid": "7735f88474dd8bc3f833e8480d5c36a6979734b4"}, "author": "", "url": "http://www.industriesnews.net/story?sid=s236317223&cid=400", "ord_in_thread": 0, "title": "Yahoo CEO Marissa Mayer says expecting twin girls", "locations": [], "entities": {"persons": [], "locations": [], "organizations": []}, "highlightText": "", "language": "english", "persons": ["Marissa Mayer"], "text": " ", "external_links": [], "published": "2015-09-01T10:25:00.000+03:00", "crawled": "2015-09-02T02:21:46.108+03:00", "highlightTitle": ""}