{"organizations": ["Google"], "uuid": "9b8c919a70e462ecc73366200cd3c8f2042cc45b", "thread": {"social": {"gplus": {"shares": 0}, "pinterest": {"shares": 0}, "vk": {"shares": 0}, "linkedin": {"shares": 0}, "facebook": {"likes": 0, "shares": 0, "comments": 0}, "stumbledupon": {"shares": 0}}, "site_full": "www.industriesnews.net", "main_image": "", "site_section": "http://www.industriesnews.net/rss.php/?ind=technology", "section_title": "industriesnews.net  - Breaking Technology News latest RSS headlines", "url": "http://www.industriesnews.net/story?sid=s236334289&cid=400", "country": "US", "title": "U.S. law firm targets Google foes for private damages claims", "performance_score": 0, "site": "industriesnews.net", "participants_count": 0, "title_full": "U.S. law firm targets Google foes for private damages claims", "spam_score": 0.0, "site_type": "news", "published": "2015-09-01T19:14:00.000+03:00", "replies_count": 0, "uuid": "9b8c919a70e462ecc73366200cd3c8f2042cc45b"}, "author": "", "url": "http://www.industriesnews.net/story?sid=s236334289&cid=400", "ord_in_thread": 0, "title": "U.S. law firm targets Google foes for private damages claims", "locations": ["U.S."], "entities": {"persons": [], "locations": [], "organizations": []}, "highlightText": "", "language": "english", "persons": [], "text": " ", "external_links": [], "published": "2015-09-01T19:14:00.000+03:00", "crawled": "2015-09-02T12:09:34.967+03:00", "highlightTitle": ""}