{"organizations": [], "uuid": "08c0d62ac97d3b045c7b13f431ec99d32516ed6b", "thread": {"social": {"gplus": {"shares": 0}, "pinterest": {"shares": 0}, "vk": {"shares": 0}, "linkedin": {"shares": 0}, "facebook": {"likes": 0, "shares": 0, "comments": 0}, "stumbledupon": {"shares": 0}}, "site_full": "www.industriesnews.net", "main_image": "", "site_section": "http://www.industriesnews.net/rss.php/?ind=technology", "section_title": "industriesnews.net  - Breaking Technology News latest RSS headlines", "url": "http://www.industriesnews.net/story?sid=s236319429&cid=400", "country": "US", "title": "Android Wear Watches Come To The iPhone--But No Third-Party Apps", "performance_score": 0, "site": "industriesnews.net", "participants_count": 0, "title_full": "Android Wear Watches Come To The iPhone--But No Third-Party Apps", "spam_score": 0.0, "site_type": "news", "published": "2015-09-01T10:09:00.000+03:00", "replies_count": 0, "uuid": "08c0d62ac97d3b045c7b13f431ec99d32516ed6b"}, "author": "", "url": "http://www.industriesnews.net/story?sid=s236319429&cid=400", "ord_in_thread": 0, "title": "Android Wear Watches Come To The iPhone--But No Third-Party Apps", "locations": [], "entities": {"persons": [], "locations": [], "organizations": []}, "highlightText": "", "language": "english", "persons": [], "text": " ", "external_links": [], "published": "2015-09-01T10:09:00.000+03:00", "crawled": "2015-09-02T02:27:16.437+03:00", "highlightTitle": ""}