{"organizations": ["MasterCard", "FirstMerit Bank Now Offers Apple"], "uuid": "13adf2a2fb85818ce233ccef8d68e0ee24e68c9c", "thread": {"social": {"gplus": {"shares": 0}, "pinterest": {"shares": 0}, "vk": {"shares": 0}, "linkedin": {"shares": 0}, "facebook": {"likes": 0, "shares": 0, "comments": 0}, "stumbledupon": {"shares": 0}}, "site_full": "www.industriesnews.net", "main_image": "", "site_section": "http://www.industriesnews.net/rss.php/?ind=technology", "section_title": "industriesnews.net  - Breaking Technology News latest RSS headlines", "url": "http://www.industriesnews.net/story?sid=s236335745&cid=400", "country": "US", "title": "FirstMerit Bank Now Offers Apple Pay for MasterCard® Debit and Credit Card Customers", "performance_score": 0, "site": "industriesnews.net", "participants_count": 0, "title_full": "FirstMerit Bank Now Offers Apple Pay for MasterCard® Debit and Credit Card Customers", "spam_score": 0.0, "site_type": "news", "published": "2015-09-01T19:32:00.000+03:00", "replies_count": 0, "uuid": "13adf2a2fb85818ce233ccef8d68e0ee24e68c9c"}, "author": "", "url": "http://www.industriesnews.net/story?sid=s236335745&cid=400", "ord_in_thread": 0, "title": "FirstMerit Bank Now Offers Apple Pay for MasterCard® Debit and Credit Card Customers", "locations": [], "entities": {"persons": [], "locations": [], "organizations": []}, "highlightText": "", "language": "english", "persons": [], "text": " ", "external_links": [], "published": "2015-09-01T19:32:00.000+03:00", "crawled": "2015-09-02T11:53:04.485+03:00", "highlightTitle": ""}