{"organizations": ["Amitabh Bachchan", "Reuters"], "uuid": "f85f99eb44db4c7a202507079fbc19bbdb0a108b", "thread": {"social": {"gplus": {"shares": 0}, "pinterest": {"shares": 0}, "vk": {"shares": 0}, "linkedin": {"shares": 0}, "facebook": {"likes": 0, "shares": 0, "comments": 0}, "stumbledupon": {"shares": 0}}, "site_full": "www.ibtimes.co.uk", "main_image": "http://d.ibtimes.co.uk/en/full/1456512/amitabh-bachchan.jpg", "site_section": "http://www.ibtimes.co.uk/rss/technology", "section_title": "IBTimes.co.uk : Technology", "url": "http://www.ibtimes.co.uk/amitabh-bachchan-fights-back-after-twitter-account-hacked-1517918", "country": "US", "title": "Amitabh Bachchan fights back after Twitter account is hacked", "performance_score": 0, "site": "ibtimes.co.uk", "participants_count": 0, "title_full": "Amitabh Bachchan fights back after Twitter account is hacked", "spam_score": 0.0, "site_type": "news", "published": "2015-09-01T11:19:00.000+03:00", "replies_count": 0, "uuid": "f85f99eb44db4c7a202507079fbc19bbdb0a108b"}, "author": "", "url": "http://www.ibtimes.co.uk/amitabh-bachchan-fights-back-after-twitter-account-hacked-1517918", "ord_in_thread": 0, "title": "Amitabh Bachchan fights back after Twitter account is hacked", "locations": [], "entities": {"persons": [], "locations": [], "organizations": []}, "highlightText": "", "language": "english", "persons": [], "text": "September 1, 2015 09:19 BST Bollywood superstar Amitabh Bachchan has alleged that his Twitter account was hacked (Reuters) \nBollywood icon Amitabh Bachchan was in a state of shock when he learned that his Twitter account was hacked and it appeared that the superstar was following porn sites. However, little damage seemed to have been done to the veteran actor, who immediately \"unfollowed\" all the sites. \nBachchan then tweeted, \"WHOA !..My Twitter handle hacked ! Sex sites planted as 'following' ! Whoever did this, try someone else, buddy, I don't need this !\". \nWith 16.6 million followers, The Great Gatsby star holds the top position among Indian celebrities on Twitter. The 72-year-old has many more Twitter followers than Indian Prime Minister Narendra Modi. T 1980 -WHOA !..My Twitter handle hacked ! Sex sites planted as 'following' ! Whoever did this, try someone else, buddy, I don't need this ! — Amitabh Bachchan (@SrBachchan) August 31, 2015 \nAccording to BBC, the Bollywood superstar also filed a complaint with the police over a string of \"dirty, abusive\" messages (SMS) that he has been receiving for over a year. \nHe also posted the following on his Twitter handle: \"OKAAY.. Plot thickens! Had been getting several really dirty abusive sms for a year.. just handed all of them to the POLICE!\" T 1980 - OKAAY .. !! Plot thickens ! Had been getting several really dirty abusive sms for a year .. just handed all of them to the POLICE ! — Amitabh Bachchan (@SrBachchan) August 31, 2015 \nThe actor has been extremely active on social media and his used Twitter, Facebook and his personal blog to interact with fans and update them on his projects and personal life. More about Amitabh Bachchan", "external_links": [], "published": "2015-09-01T11:19:00.000+03:00", "crawled": "2015-09-01T12:03:27.382+03:00", "highlightTitle": ""}