{"organizations": ["Wowza Media Systems"], "uuid": "1d63a0ffed62efdb5a0784cc008037155794e1bc", "thread": {"social": {"gplus": {"shares": 0}, "pinterest": {"shares": 0}, "vk": {"shares": 0}, "linkedin": {"shares": 0}, "facebook": {"likes": 0, "shares": 0, "comments": 0}, "stumbledupon": {"shares": 0}}, "site_full": "www.industriesnews.net", "main_image": "", "site_section": "http://www.industriesnews.net/rss.php/?ind=technology", "section_title": "industriesnews.net  - Breaking Technology News latest RSS headlines", "url": "http://www.industriesnews.net/story?sid=s236301519&cid=400", "country": "US", "title": "Wowza Media Systems Announces the Wowza Streaming Engine REST API - Expands Support for Streaming Solution Development", "performance_score": 0, "site": "industriesnews.net", "participants_count": 0, "title_full": "Wowza Media Systems Announces the Wowza Streaming Engine REST API - Expands Support for Streaming Solution Development", "spam_score": 0.0, "site_type": "news", "published": "2015-09-01T11:00:00.000+03:00", "replies_count": 0, "uuid": "1d63a0ffed62efdb5a0784cc008037155794e1bc"}, "author": "", "url": "http://www.industriesnews.net/story?sid=s236301519&cid=400", "ord_in_thread": 0, "title": "Wowza Media Systems Announces the Wowza Streaming Engine REST API - Expands Support for Streaming Solution Development", "locations": [], "entities": {"persons": [], "locations": [], "organizations": []}, "highlightText": "", "language": "english", "persons": [], "text": " ", "external_links": [], "published": "2015-09-01T11:00:00.000+03:00", "crawled": "2015-09-02T02:14:42.330+03:00", "highlightTitle": ""}