{"organizations": ["Chemical Applications Technology"], "uuid": "02675055461ec0ea91a91e0c6adf1b37b5131ab8", "thread": {"social": {"gplus": {"shares": 0}, "pinterest": {"shares": 0}, "vk": {"shares": 0}, "linkedin": {"shares": 0}, "facebook": {"likes": 0, "shares": 0, "comments": 0}, "stumbledupon": {"shares": 0}}, "site_full": "www.chemicals-technology.com", "main_image": "", "site_section": "http://www.chemicals-technology.com/feeds/site-feed.xml", "section_title": "Chemicals Technology-Updates", "url": "http://www.chemicals-technology.com/contractors/filtration/infolabel2/", "country": "", "title": "INFOLABEL-Process Filters for Chemical Applications", "performance_score": 0, "site": "chemicals-technology.com", "participants_count": 0, "title_full": "INFOLABEL-Process Filters for Chemical Applications", "spam_score": 0.0, "site_type": "news", "published": "2015-09-01T12:13:00.000+03:00", "replies_count": 0, "uuid": "02675055461ec0ea91a91e0c6adf1b37b5131ab8"}, "author": "", "url": "http://www.chemicals-technology.com/contractors/filtration/infolabel2/", "ord_in_thread": 0, "title": "INFOLABEL-Process Filters for Chemical Applications", "locations": [], "entities": {"persons": [], "locations": [], "organizations": []}, "highlightText": "", "language": "english", "persons": [], "text": "Technology, construction and process engineering Spare parts Test equipment Compact pressure plates filters \nCompact pressure plates filters from INFOLABEL can be used fully automatically in manufacturing, testing and production processes. Aggradation, filtration, residual volume filtration and cake washing, thermal cake drying and removal of the filter cake is carried out in a closed system, in accordance with the Chemap® technology. \nSelf-cleaning pressure plates filters from Filter Spares Service feature the latest drive technology and are available in two models. Type R is designed for the dry discharge from the cake and Type A is designed for the liquid discharge (slurry) of the cake. With our RA Type the cake can be discharged optimally in liquid or dry form. \nOur complete standard solutions, coupled with our engineers' know-how and experience, guarantee the optimal configuration of your filtration equipment. Pressure plates filter spare parts and repair \nINFOLABEL can supply all the pressure plates filter spare parts that are necessary for the safe and trouble-free operation of your filter equipment, even decades after the start of operation. \nWe know how important an efficient spare parts service is for maintaining production; therefore we deliver the parts that you have ordered for your filter or your filter equipment to any desired location in the world. If you require, we will also provide you with a specialised technician for repair or revision on-site. \nWe are ready to advise you and deliver the necessary spare parts in the customary Filter Spares Service manner. Contact Details", "external_links": [], "published": "2015-09-01T12:13:00.000+03:00", "crawled": "2015-09-01T18:38:37.501+03:00", "highlightTitle": ""}