{"organizations": [], "uuid": "e1770036344fc0bc878794202e85d0d26ef2774b", "thread": {"social": {"gplus": {"shares": 0}, "pinterest": {"shares": 0}, "vk": {"shares": 0}, "linkedin": {"shares": 0}, "facebook": {"likes": 0, "shares": 0, "comments": 0}, "stumbledupon": {"shares": 0}}, "site_full": "www.industriesnews.net", "main_image": "", "site_section": "http://www.industriesnews.net/rss.php/?ind=technology", "section_title": "industriesnews.net  - Breaking Technology News latest RSS headlines", "url": "http://www.industriesnews.net/story?sid=s236335691&cid=400", "country": "US", "title": "Cyberattacks US weighing sanctions against Russia China", "performance_score": 0, "site": "industriesnews.net", "participants_count": 0, "title_full": "Cyberattacks US weighing sanctions against Russia China", "spam_score": 0.0, "site_type": "news", "published": "2015-09-01T19:24:00.000+03:00", "replies_count": 0, "uuid": "e1770036344fc0bc878794202e85d0d26ef2774b"}, "author": "", "url": "http://www.industriesnews.net/story?sid=s236335691&cid=400", "ord_in_thread": 0, "title": "Cyberattacks US weighing sanctions against Russia China", "locations": ["US", "Russia China"], "entities": {"persons": [], "locations": [], "organizations": []}, "highlightText": "", "language": "english", "persons": [], "text": " ", "external_links": [], "published": "2015-09-01T19:24:00.000+03:00", "crawled": "2015-09-02T12:00:16.899+03:00", "highlightTitle": ""}