{"organizations": [], "uuid": "137eea8ff3683d73e57d53bb80017a9862c35410", "thread": {"social": {"gplus": {"shares": 0}, "pinterest": {"shares": 0}, "vk": {"shares": 0}, "linkedin": {"shares": 0}, "facebook": {"likes": 0, "shares": 0, "comments": 0}, "stumbledupon": {"shares": 0}}, "site_full": "www.industriesnews.net", "main_image": "", "site_section": "http://www.industriesnews.net/rss.php/?ind=technology", "section_title": "industriesnews.net  - Breaking Technology News latest RSS headlines", "url": "http://www.industriesnews.net/story?sid=s236319397&cid=400", "country": "US", "title": "Gadget show extravaganza to reveal latest phones and watches", "performance_score": 0, "site": "industriesnews.net", "participants_count": 0, "title_full": "Gadget show extravaganza to reveal latest phones and watches", "spam_score": 0.0, "site_type": "news", "published": "2015-09-01T10:35:00.000+03:00", "replies_count": 0, "uuid": "137eea8ff3683d73e57d53bb80017a9862c35410"}, "author": "", "url": "http://www.industriesnews.net/story?sid=s236319397&cid=400", "ord_in_thread": 0, "title": "Gadget show extravaganza to reveal latest phones and watches", "locations": [], "entities": {"persons": [], "locations": [], "organizations": []}, "highlightText": "", "language": "english", "persons": [], "text": " ", "external_links": [], "published": "2015-09-01T10:35:00.000+03:00", "crawled": "2015-09-02T02:18:19.548+03:00", "highlightTitle": ""}