{"organizations": [], "uuid": "386d0dddbe10e30132d4e404c78379ce86e55a21", "thread": {"social": {"gplus": {"shares": 0}, "pinterest": {"shares": 0}, "vk": {"shares": 0}, "linkedin": {"shares": 0}, "facebook": {"likes": 0, "shares": 0, "comments": 0}, "stumbledupon": {"shares": 0}}, "site_full": "newsr.in", "main_image": "http://cdn.newsserve.net/i/20150908/745-Baidu-unveils-an-AI-powered-virtual-assistant-for.jpg", "site_section": "http://newsr.in/latest/Technology.htm", "section_title": "Technology: newsR", "url": "http://newsr.in/n/Technology/7558959bu/Baidu-unveils-an-AI-powered-virtual-assistant-for.htm", "country": "US", "title": "Baidu unveils an AI-powered virtual assistant for its mobile search app - newsR", "performance_score": 0, "site": "newsr.in", "participants_count": 1, "title_full": "Baidu unveils an AI-powered virtual assistant for its mobile search app - newsR", "spam_score": 0.0, "site_type": "news", "published": "2015-09-08T03:00:00.000+03:00", "replies_count": 0, "uuid": "386d0dddbe10e30132d4e404c78379ce86e55a21"}, "author": "newsr.in", "url": "http://newsr.in/n/Technology/7558959bu/Baidu-unveils-an-AI-powered-virtual-assistant-for.htm", "ord_in_thread": 0, "title": "Baidu unveils an AI-powered virtual assistant for its mobile search app - newsR", "locations": [], "entities": {"persons": [], "locations": [], "organizations": []}, "highlightText": "", "language": "english", "persons": [], "text": "Hot on the heels of Facebook announcing M at the end of August — its AI-powered personal assistant that will live inside the Messenger chat app — China’s Internet search giant Baidu on Tuesday unveiled something similar in Beijing . Named “Du Secretary ,” Baidu’s virtual assistant will live within the latest version (6.8) of its flagship Mobile Baidu search app. […] »", "external_links": ["http://cdn.newsserve.net/i/20150908/745-Baidu-unveils-an-AI-powered-virtual-assistant-for.jpg"], "published": "2015-09-08T03:00:00.000+03:00", "crawled": "2015-09-08T14:42:03.096+03:00", "highlightTitle": ""}