{"organizations": [], "uuid": "61c1e104d25d0955d17eec6eb2a9eb6be0167cfb", "thread": {"social": {"gplus": {"shares": 0}, "pinterest": {"shares": 0}, "vk": {"shares": 0}, "linkedin": {"shares": 0}, "facebook": {"likes": 0, "shares": 0, "comments": 0}, "stumbledupon": {"shares": 0}}, "site_full": "globenewswire.com", "main_image": "http://globenewswire.com/Attachment/LogoDisplay/305332?filename=305332.png&amp;size=1", "site_section": "http://globenewswire.com//Rss/industry/9000/Technology", "section_title": "GlobeNewswire: Industry News on Technology", "url": "http://globenewswire.com/news-release/2015/09/03/765997/0/fi/OMIEN-OSAKKEIDEN-HANKINTA-3-9-2015.html?f=22&fvtc=3&fvtv=9000", "country": "US", "title": "OMIEN OSAKKEIDEN HANKINTA 3.9.2015", "performance_score": 0, "site": "globenewswire.com", "participants_count": 0, "title_full": "OMIEN OSAKKEIDEN HANKINTA 3.9.2015", "spam_score": 0.0, "site_type": "news", "published": "2015-09-03T18:30:00.000+03:00", "replies_count": 0, "uuid": "61c1e104d25d0955d17eec6eb2a9eb6be0167cfb"}, "author": "", "url": "http://globenewswire.com/news-release/2015/09/03/765997/0/fi/OMIEN-OSAKKEIDEN-HANKINTA-3-9-2015.html?f=22&fvtc=3&fvtv=9000", "ord_in_thread": 0, "title": "OMIEN OSAKKEIDEN HANKINTA 3.9.2015", "locations": [], "entities": {"persons": [], "locations": [], "organizations": []}, "highlightText": "", "language": "english", "persons": [], "text": "LOGO URL | Copy the link below \nFormats available: You must be a registered user to download this file. Medium", "external_links": [], "published": "2015-09-03T18:30:00.000+03:00", "crawled": "2015-09-03T19:02:57.282+03:00", "highlightTitle": ""}