{"organizations": ["Google"], "uuid": "2a96b4e24ec5e0efaac19f40b55e88bc9a69d065", "thread": {"social": {"gplus": {"shares": 0}, "pinterest": {"shares": 0}, "vk": {"shares": 0}, "linkedin": {"shares": 0}, "facebook": {"likes": 0, "shares": 0, "comments": 0}, "stumbledupon": {"shares": 0}}, "site_full": "www.industriesnews.net", "main_image": "", "site_section": "http://www.industriesnews.net/rss.php/?ind=technology", "section_title": "industriesnews.net  - Breaking Technology News latest RSS headlines", "url": "http://www.industriesnews.net/story?sid=s236353725&ampcid=400", "country": "US", "title": "Here are some Google logos that didnt make the cut", "performance_score": 0, "site": "industriesnews.net", "participants_count": 0, "title_full": "Here are some Google logos that didnt make the cut", "spam_score": 0.0, "site_type": "news", "published": "2015-09-02T10:12:00.000+03:00", "replies_count": 0, "uuid": "2a96b4e24ec5e0efaac19f40b55e88bc9a69d065"}, "author": "", "url": "http://www.industriesnews.net/story?sid=s236353725&ampcid=400", "ord_in_thread": 0, "title": "Here are some Google logos that didnt make the cut", "locations": [], "entities": {"persons": [], "locations": [], "organizations": []}, "highlightText": "", "language": "english", "persons": [], "text": " ", "external_links": [], "published": "2015-09-02T10:12:00.000+03:00", "crawled": "2015-09-02T22:29:23.391+03:00", "highlightTitle": ""}