{"organizations": [], "uuid": "058567f7e83c00a7a658106ad71af810f3515102", "thread": {"social": {"gplus": {"shares": 0}, "pinterest": {"shares": 0}, "vk": {"shares": 0}, "linkedin": {"shares": 0}, "facebook": {"likes": 0, "shares": 0, "comments": 0}, "stumbledupon": {"shares": 0}}, "site_full": "www.industriesnews.net", "main_image": "", "site_section": "http://www.industriesnews.net/rss.php/?ind=technology", "section_title": "industriesnews.net  - Breaking Technology News latest RSS headlines", "url": "http://www.industriesnews.net/story?sid=s236334269&cid=400", "country": "US", "title": "UPDATE 1-Apple explores move into original programming business - Variety", "performance_score": 0, "site": "industriesnews.net", "participants_count": 0, "title_full": "UPDATE 1-Apple explores move into original programming business - Variety", "spam_score": 0.0, "site_type": "news", "published": "2015-09-01T19:14:00.000+03:00", "replies_count": 0, "uuid": "058567f7e83c00a7a658106ad71af810f3515102"}, "author": "", "url": "http://www.industriesnews.net/story?sid=s236334269&cid=400", "ord_in_thread": 0, "title": "UPDATE 1-Apple explores move into original programming business - Variety", "locations": [], "entities": {"persons": [], "locations": [], "organizations": []}, "highlightText": "", "language": "english", "persons": [], "text": " ", "external_links": [], "published": "2015-09-01T19:14:00.000+03:00", "crawled": "2015-09-02T12:07:58.964+03:00", "highlightTitle": ""}