{"organizations": [], "uuid": "b57d6ceb3e533d3935ea8dcbf22c252f8c1d1a23", "thread": {"social": {"gplus": {"shares": 0}, "pinterest": {"shares": 0}, "vk": {"shares": 0}, "linkedin": {"shares": 0}, "facebook": {"likes": 0, "shares": 0, "comments": 0}, "stumbledupon": {"shares": 0}}, "site_full": "newsr.in", "main_image": "http://cdn.newsserve.net/newsR256.jpg", "site_section": "http://newsr.in/latest/Technology.htm", "section_title": "Technology: newsR", "url": "http://newsr.in/n/Technology/755896n5g/New-iPhones-are-here-iPhone-6s-and-6s.htm", "country": "US", "title": "New iPhones are here: iPhone 6s and 6s Plus debut with new 3D Touch displays", "performance_score": 0, "site": "newsr.in", "participants_count": 1, "title_full": "New iPhones are here: iPhone 6s and 6s Plus debut with new 3D Touch displays - newsR", "spam_score": 0.0, "site_type": "news", "published": "2015-09-09T03:00:00.000+03:00", "replies_count": 0, "uuid": "b57d6ceb3e533d3935ea8dcbf22c252f8c1d1a23"}, "author": "newsr.in", "url": "http://newsr.in/n/Technology/755896n5g/New-iPhones-are-here-iPhone-6s-and-6s.htm", "ord_in_thread": 0, "title": "New iPhones are here: iPhone 6s and 6s Plus debut with new 3D Touch displays", "locations": [], "entities": {"persons": [], "locations": [], "organizations": []}, "highlightText": "", "language": "english", "persons": [], "text": "Apple reinvented the multi-touch display for its new iPhones. »", "external_links": [], "published": "2015-09-09T03:00:00.000+03:00", "crawled": "2015-09-10T00:29:25.978+03:00", "highlightTitle": ""}