{"organizations": [], "uuid": "7506bfed5ba8fe1dc33f7b8ecb3459bc417602b4", "thread": {"social": {"gplus": {"shares": 0}, "pinterest": {"shares": 0}, "vk": {"shares": 0}, "linkedin": {"shares": 0}, "facebook": {"likes": 0, "shares": 0, "comments": 0}, "stumbledupon": {"shares": 0}}, "site_full": "www.industriesnews.net", "main_image": "", "site_section": "http://www.industriesnews.net/rss.php/?ind=technology", "section_title": "industriesnews.net  - Breaking Technology News latest RSS headlines", "url": "http://www.industriesnews.net/story?sid=s236335677&cid=400", "country": "US", "title": "After Snapdeal Foxconn turns to Greendust with Rs 460 crore", "performance_score": 0, "site": "industriesnews.net", "participants_count": 0, "title_full": "After Snapdeal Foxconn turns to Greendust with Rs 460 crore", "spam_score": 0.0, "site_type": "news", "published": "2015-09-01T19:24:00.000+03:00", "replies_count": 0, "uuid": "7506bfed5ba8fe1dc33f7b8ecb3459bc417602b4"}, "author": "", "url": "http://www.industriesnews.net/story?sid=s236335677&cid=400", "ord_in_thread": 0, "title": "After Snapdeal Foxconn turns to Greendust with Rs 460 crore", "locations": ["Greendust"], "entities": {"persons": [], "locations": [], "organizations": []}, "highlightText": "", "language": "english", "persons": [], "text": " ", "external_links": [], "published": "2015-09-01T19:24:00.000+03:00", "crawled": "2015-09-02T11:58:30.644+03:00", "highlightTitle": ""}