{"organizations": [], "uuid": "fa96b0c9b9f700cbcc1e8e0621f157685fe9faaf", "thread": {"social": {"gplus": {"shares": 0}, "pinterest": {"shares": 0}, "vk": {"shares": 0}, "linkedin": {"shares": 0}, "facebook": {"likes": 0, "shares": 0, "comments": 0}, "stumbledupon": {"shares": 0}}, "site_full": "www.mbtmag.com", "main_image": "http://www.mbtmag.com/sites/mbtmag.com/files/CiscoTN.gif", "site_section": "http://www.mbtmag.com//rss-feeds/all/rss.xml/all", "section_title": "Manufacturing Business Technology All", "url": "http://www.mbtmag.com/videos/2015/09/apple-and-cisco-team-improve-corporate-networks", "country": "US", "title": "Apple And Cisco Team Up To Improve Corporate Networks", "performance_score": 0, "site": "mbtmag.com", "participants_count": 1, "title_full": "Apple And Cisco Team Up To Improve Corporate Networks", "spam_score": 0.0, "site_type": "news", "published": "2015-09-01T18:44:00.000+03:00", "replies_count": 0, "uuid": "fa96b0c9b9f700cbcc1e8e0621f157685fe9faaf"}, "author": "jminnick", "url": "http://www.mbtmag.com/videos/2015/09/apple-and-cisco-team-improve-corporate-networks", "ord_in_thread": 0, "title": "Apple And Cisco Team Up To Improve Corporate Networks", "locations": [], "entities": {"persons": [], "locations": [], "organizations": []}, "highlightText": "", "language": "english", "persons": [], "text": "Apple And Cisco Team Up To Improve Corporate Networks Tue, 09/01/2015 - 11:44am \nRowan Trollope, senior vice president of Cisco's Collaboration Technology Group, discusses the company's partnership with Apple. Check out all the latest videos on Manufacturing Business Technology here .", "external_links": [], "published": "2015-09-01T18:44:00.000+03:00", "crawled": "2015-09-01T22:40:42.233+03:00", "highlightTitle": ""}