{"organizations": ["Google"], "uuid": "e0de1bc4e1f56863aa0c27094544b6ae81593152", "thread": {"social": {"gplus": {"shares": 0}, "pinterest": {"shares": 0}, "vk": {"shares": 0}, "linkedin": {"shares": 0}, "facebook": {"likes": 0, "shares": 0, "comments": 0}, "stumbledupon": {"shares": 0}}, "site_full": "www.industriesnews.net", "main_image": "", "site_section": "http://www.industriesnews.net/rss.php/?ind=technology", "section_title": "industriesnews.net  - Breaking Technology News latest RSS headlines", "url": "http://www.industriesnews.net/story?sid=s236317189&cid=400", "country": "US", "title": "Google boffins reform DEMOCRACY in coconut or vitamin water quandry", "performance_score": 0, "site": "industriesnews.net", "participants_count": 0, "title_full": "Google boffins reform DEMOCRACY in coconut or vitamin water quandry", "spam_score": 0.0, "site_type": "news", "published": "2015-09-01T10:47:00.000+03:00", "replies_count": 0, "uuid": "e0de1bc4e1f56863aa0c27094544b6ae81593152"}, "author": "", "url": "http://www.industriesnews.net/story?sid=s236317189&cid=400", "ord_in_thread": 0, "title": "Google boffins reform DEMOCRACY in coconut or vitamin water quandry", "locations": [], "entities": {"persons": [], "locations": [], "organizations": []}, "highlightText": "", "language": "english", "persons": [], "text": " ", "external_links": [], "published": "2015-09-01T10:47:00.000+03:00", "crawled": "2015-09-02T02:15:55.142+03:00", "highlightTitle": ""}