{"organizations": ["Google"], "uuid": "ada3ca77b901cbe3f8eea43249d400c949b64a8a", "thread": {"social": {"gplus": {"shares": 0}, "pinterest": {"shares": 0}, "vk": {"shares": 0}, "linkedin": {"shares": 0}, "facebook": {"likes": 0, "shares": 0, "comments": 0}, "stumbledupon": {"shares": 0}}, "site_full": "www.industriesnews.net", "main_image": "", "site_section": "http://www.industriesnews.net/rss.php/?ind=technology", "section_title": "industriesnews.net  - Breaking Technology News latest RSS headlines", "url": "http://www.industriesnews.net/story?sid=s236356201&ampcid=400", "country": "US", "title": "Google Introduces New Logo", "performance_score": 0, "site": "industriesnews.net", "participants_count": 0, "title_full": "Google Introduces New Logo", "spam_score": 0.0, "site_type": "news", "published": "2015-09-02T10:10:00.000+03:00", "replies_count": 0, "uuid": "ada3ca77b901cbe3f8eea43249d400c949b64a8a"}, "author": "", "url": "http://www.industriesnews.net/story?sid=s236356201&ampcid=400", "ord_in_thread": 0, "title": "Google Introduces New Logo", "locations": [], "entities": {"persons": [], "locations": [], "organizations": []}, "highlightText": "", "language": "english", "persons": [], "text": " ", "external_links": [], "published": "2015-09-02T10:10:00.000+03:00", "crawled": "2015-09-02T22:29:55.483+03:00", "highlightTitle": ""}