{"organizations": ["USPS"], "uuid": "6ea508a936b3643c681ee750fdae570e3f304070", "thread": {"social": {"gplus": {"shares": 0}, "pinterest": {"shares": 0}, "vk": {"shares": 0}, "linkedin": {"shares": 0}, "facebook": {"likes": 0, "shares": 0, "comments": 0}, "stumbledupon": {"shares": 0}}, "site_full": "www.i360gov.com", "main_image": "", "site_section": "http://feeds.feedburner.com/FederalGovernmentNewsRss-I360Gov", "section_title": "Government Policy, Business and Technology: i360 Gov", "url": "http://www.i360gov.com/government-technology-news/2015/sep/02/10-ways-usps-can-deliver-app-success", "country": "US", "title": "10 ways USPS can deliver app success", "performance_score": 0, "site": "i360gov.com", "participants_count": 0, "title_full": "10 ways USPS can deliver app success", "spam_score": 0.0, "site_type": "news", "published": "2015-09-02T14:07:00.000+03:00", "replies_count": 0, "uuid": "6ea508a936b3643c681ee750fdae570e3f304070"}, "author": "", "url": "http://www.i360gov.com/government-technology-news/2015/sep/02/10-ways-usps-can-deliver-app-success", "ord_in_thread": 0, "title": "10 ways USPS can deliver app success", "locations": [], "entities": {"persons": [], "locations": [], "organizations": []}, "highlightText": "", "language": "english", "persons": [], "text": "02 10 ways USPS can deliver app success \nFederal Times: The U.S. Postal Service is looking to capitalize on the popularity of mobile shipping, and its inspector general has a few ideas.In a report released on Aug. 31, the OIG outlines 10 ways the post office can improve its popular app and mobile site service to attract an increasingly digital-centric customer base.", "external_links": [], "published": "2015-09-02T14:07:00.000+03:00", "crawled": "2015-09-02T17:56:22.369+03:00", "highlightTitle": ""}