{"organizations": [], "uuid": "ba3b7375a7acb2d6e9620af58f83fdf011d1b7d5", "thread": {"social": {"gplus": {"shares": 0}, "pinterest": {"shares": 0}, "vk": {"shares": 0}, "linkedin": {"shares": 0}, "facebook": {"likes": 0, "shares": 0, "comments": 0}, "stumbledupon": {"shares": 0}}, "site_full": "www.theaustralian.com.au", "main_image": "http://resources0.news.com.au/images/2015/09/16/1227529/868328-709d7c1a-5c09-11e5-993e-551447e7f5c0.jpg", "site_section": "http://www.theaustralian.com.au/business/technology/news", "section_title": "NEWS | Technology News | IT News &amp; Tech Reviews | The Australian | The Australian", "url": "http://www.theaustralian.com.au/business/news/joe-hockey-targets-tax-avoidance-by-multinationals/story-e6frg906-1227529868357", "country": "US", "title": "Joe Hockey targets tax avoidance by multinationals", "performance_score": 0, "site": "theaustralian.com.au", "participants_count": 1, "title_full": "Joe Hockey targets tax avoidance by multinationals | The Australian", "spam_score": 0.0, "site_type": "news", "published": "2015-09-16T18:18:00.000+03:00", "replies_count": 0, "uuid": "ba3b7375a7acb2d6e9620af58f83fdf011d1b7d5"}, "author": "AAP", "url": "http://www.theaustralian.com.au/business/news/joe-hockey-targets-tax-avoidance-by-multinationals/story-e6frg906-1227529868357", "ord_in_thread": 0, "title": "Joe Hockey targets tax avoidance by multinationals", "locations": [], "entities": {"persons": [], "locations": [], "organizations": []}, "highlightText": "", "language": "english", "persons": [], "text": "Despite Australia having some of the toughest tax laws in the world, some multinationals continued to avoid paying tax on Australian profits, Treasurer Joe Hockey said today as he introduced the package of draft laws to parliament.\n“This undermines the public faith in the tax system and that leaves families and small businesses to unfairly carry the taxation burden.”\nMr Hockey said he had been working with the UK government and the Organisation for Economic Co-operation and Development to tackle international tax avoidance.\nHis legislation implements a new multinational anti-avoidance law, stronger penalties for large companies that engage in tax avoidance and profit-shifting, and country-by-country reporting to give authorities a greater visibility into international structures.\nThe measures will apply to more than 1000 large multinationals operating in Australia with annual global revenue of $1 billion or more.\n“These companies represent the highest risk to Australia’s tax base,” Mr Hockey said.\nFrom January 1, 2016 the new law will stop multinationals artificially avoiding a tax presence and avoiding booking profits in Australia.\nIt will allow the tax commissioner to force them to pay tax in Australia on profits made on their economic activity undertaken here.\n“We are sending a clear message that if you deliberately and artificially avoid paying tax in Australia this is not acceptable,” Mr Hockey said.\nAAP", "external_links": [], "published": "2015-09-16T18:18:00.000+03:00", "crawled": "2015-09-16T03:50:19.712+03:00", "highlightTitle": ""}