{"organizations": ["IBM"], "uuid": "d3649acb7a3b9b99377992d02aa56e966a7fc605", "thread": {"social": {"gplus": {"shares": 0}, "pinterest": {"shares": 0}, "vk": {"shares": 0}, "linkedin": {"shares": 0}, "facebook": {"likes": 0, "shares": 0, "comments": 0}, "stumbledupon": {"shares": 0}}, "site_full": "www.industriesnews.net", "main_image": "", "site_section": "http://www.industriesnews.net/rss.php/?ind=technology", "section_title": "industriesnews.net  - Breaking Technology News latest RSS headlines", "url": "http://www.industriesnews.net/story?sid=s236392227&ampcid=400", "country": "US", "title": "IBM Shifu banking trojan has Japanese financial firms on the ropes", "performance_score": 0, "site": "industriesnews.net", "participants_count": 0, "title_full": "IBM Shifu banking trojan has Japanese financial firms on the ropes", "spam_score": 0.0, "site_type": "news", "published": "2015-09-03T10:49:00.000+03:00", "replies_count": 0, "uuid": "d3649acb7a3b9b99377992d02aa56e966a7fc605"}, "author": "", "url": "http://www.industriesnews.net/story?sid=s236392227&ampcid=400", "ord_in_thread": 0, "title": "IBM Shifu banking trojan has Japanese financial firms on the ropes", "locations": [], "entities": {"persons": [], "locations": [], "organizations": []}, "highlightText": "", "language": "english", "persons": [], "text": " ", "external_links": [], "published": "2015-09-03T10:49:00.000+03:00", "crawled": "2015-09-03T19:54:58.784+03:00", "highlightTitle": ""}