{"organizations": [], "uuid": "6c5663b1d1cec1330c94a39316f84b1979f2e852", "thread": {"social": {"gplus": {"shares": 0}, "pinterest": {"shares": 0}, "vk": {"shares": 0}, "linkedin": {"shares": 0}, "facebook": {"likes": 0, "shares": 0, "comments": 0}, "stumbledupon": {"shares": 0}}, "site_full": "www.industriesnews.net", "main_image": "", "site_section": "http://www.industriesnews.net/rss.php/?ind=technology", "section_title": "industriesnews.net  - Breaking Technology News latest RSS headlines", "url": "http://www.industriesnews.net/story?sid=s236363391&ampcid=400", "country": "US", "title": "Follow President Barack Obama on Instagram as he takes selfies on Alaskan tour", "performance_score": 0, "site": "industriesnews.net", "participants_count": 0, "title_full": "Follow President Barack Obama on Instagram as he takes selfies on Alaskan tour", "spam_score": 0.0, "site_type": "news", "published": "2015-09-02T19:18:00.000+03:00", "replies_count": 0, "uuid": "6c5663b1d1cec1330c94a39316f84b1979f2e852"}, "author": "", "url": "http://www.industriesnews.net/story?sid=s236363391&ampcid=400", "ord_in_thread": 0, "title": "Follow President Barack Obama on Instagram as he takes selfies on Alaskan tour", "locations": [], "entities": {"persons": [], "locations": [], "organizations": []}, "highlightText": "", "language": "english", "persons": ["Barack Obama"], "text": " ", "external_links": [], "published": "2015-09-02T19:18:00.000+03:00", "crawled": "2015-09-03T09:28:37.572+03:00", "highlightTitle": ""}