{"organizations": [], "uuid": "a49ddcbc931e8636468f8e494aec9dad157f144d", "thread": {"social": {"gplus": {"shares": 0}, "pinterest": {"shares": 0}, "vk": {"shares": 0}, "linkedin": {"shares": 0}, "facebook": {"likes": 0, "shares": 0, "comments": 0}, "stumbledupon": {"shares": 0}}, "site_full": "www.industriesnews.net", "main_image": "", "site_section": "http://www.industriesnews.net/rss.php/?ind=technology", "section_title": "industriesnews.net  - Breaking Technology News latest RSS headlines", "url": "http://www.industriesnews.net/story?sid=s236319503&cid=400", "country": "US", "title": "Dems linked to `loyal opposition", "performance_score": 0, "site": "industriesnews.net", "participants_count": 0, "title_full": "Dems linked to `loyal opposition", "spam_score": 0.0, "site_type": "news", "published": "2015-09-01T10:47:00.000+03:00", "replies_count": 0, "uuid": "a49ddcbc931e8636468f8e494aec9dad157f144d"}, "author": "", "url": "http://www.industriesnews.net/story?sid=s236319503&cid=400", "ord_in_thread": 0, "title": "Dems linked to `loyal opposition", "locations": [], "entities": {"persons": [], "locations": [], "organizations": []}, "highlightText": "", "language": "english", "persons": [], "text": " ", "external_links": [], "published": "2015-09-01T10:47:00.000+03:00", "crawled": "2015-09-02T02:15:42.326+03:00", "highlightTitle": ""}