{"organizations": [], "uuid": "c16a3505c12c39d5c79683b25b838459f6d4073b", "thread": {"social": {"gplus": {"shares": 0}, "pinterest": {"shares": 0}, "vk": {"shares": 0}, "linkedin": {"shares": 0}, "facebook": {"likes": 0, "shares": 0, "comments": 0}, "stumbledupon": {"shares": 0}}, "site_full": "www.i360gov.com", "main_image": "", "site_section": "http://feeds.feedburner.com/FederalGovernmentNewsRss-I360Gov", "section_title": "Government Policy, Business and Technology: i360 Gov", "url": "http://www.i360gov.com/government-business-news/2015/sep/09/obama-s-sick-leave-order-puts-contractors-on-edge", "country": "US", "title": "Obama's sick leave order puts contractors on edge", "performance_score": 0, "site": "i360gov.com", "participants_count": 0, "title_full": "Obama's sick leave order puts contractors on edge", "spam_score": 0.0, "site_type": "news", "published": "2015-09-09T14:36:00.000+03:00", "replies_count": 0, "uuid": "c16a3505c12c39d5c79683b25b838459f6d4073b"}, "author": "", "url": "http://www.i360gov.com/government-business-news/2015/sep/09/obama-s-sick-leave-order-puts-contractors-on-edge", "ord_in_thread": 0, "title": "Obama's sick leave order puts contractors on edge", "locations": [], "entities": {"persons": [], "locations": [], "organizations": []}, "highlightText": "", "language": "english", "persons": ["Obama"], "text": "09 Obama's sick leave order puts contractors on edge \nFederal Times: For the Obama administration, there may have never been a more apropos time than Labor Day to extend paid sick leave to federal contractors. At very least, it ensured that Tuesday’s discussion of the newest executive order would be anything but leisurely.Obama used a Monday speech in Boston to unveil the order, requiring contractors to offer up to seven days of paid leave to employees, accrued by hour for every 30 hours worked.", "external_links": [], "published": "2015-09-09T14:36:00.000+03:00", "crawled": "2015-09-09T18:01:24.345+03:00", "highlightTitle": ""}