{"organizations": [], "uuid": "54e422576b8b476a1453c4b1ead4337c2bf6535f", "thread": {"social": {"gplus": {"shares": 0}, "pinterest": {"shares": 0}, "vk": {"shares": 0}, "linkedin": {"shares": 0}, "facebook": {"likes": 0, "shares": 0, "comments": 0}, "stumbledupon": {"shares": 0}}, "site_full": "www.industriesnews.net", "main_image": "", "site_section": "http://www.industriesnews.net/rss.php/?ind=technology", "section_title": "industriesnews.net  - Breaking Technology News latest RSS headlines", "url": "http://www.industriesnews.net/story?sid=s236353633&ampcid=400", "country": "US", "title": "Commentary Facebook Of good or of evil", "performance_score": 0, "site": "industriesnews.net", "participants_count": 0, "title_full": "Commentary Facebook Of good or of evil", "spam_score": 0.0, "site_type": "news", "published": "2015-09-02T10:27:00.000+03:00", "replies_count": 0, "uuid": "54e422576b8b476a1453c4b1ead4337c2bf6535f"}, "author": "", "url": "http://www.industriesnews.net/story?sid=s236353633&ampcid=400", "ord_in_thread": 0, "title": "Commentary Facebook Of good or of evil", "locations": [], "entities": {"persons": [], "locations": [], "organizations": []}, "highlightText": "", "language": "english", "persons": [], "text": " ", "external_links": [], "published": "2015-09-02T10:27:00.000+03:00", "crawled": "2015-09-02T22:24:51.923+03:00", "highlightTitle": ""}