{"organizations": [], "uuid": "e24405d54b96ffbc0bbbf0db40c98aabef99fa20", "thread": {"social": {"gplus": {"shares": 0}, "pinterest": {"shares": 0}, "vk": {"shares": 0}, "linkedin": {"shares": 0}, "facebook": {"likes": 0, "shares": 0, "comments": 0}, "stumbledupon": {"shares": 0}}, "site_full": "newsr.in", "main_image": "http://cdn.newsserve.net/newsR256.jpg", "site_section": "http://newsr.in/latest/Technology.htm", "section_title": "Technology: newsR", "url": "http://newsr.in/n/Technology/755891uyx/Lenovo-launches-Yoga-Tab-and-Yoga-Tab.htm", "country": "US", "title": "launches Yoga Tab 3 and Yoga Tab 3 Pro Android tablets", "performance_score": 0, "site": "newsr.in", "participants_count": 1, "title_full": "Lenovo launches Yoga Tab 3 and Yoga Tab 3 Pro Android tablets - newsR", "spam_score": 0.0, "site_type": "news", "published": "2015-09-02T03:00:00.000+03:00", "replies_count": 0, "uuid": "e24405d54b96ffbc0bbbf0db40c98aabef99fa20"}, "author": "newsr.in", "url": "http://newsr.in/n/Technology/755891uyx/Lenovo-launches-Yoga-Tab-and-Yoga-Tab.htm", "ord_in_thread": 0, "title": "launches Yoga Tab 3 and Yoga Tab 3 Pro Android tablets", "locations": [], "entities": {"persons": [], "locations": [], "organizations": []}, "highlightText": "", "language": "english", "persons": [], "text": "Last year, Lenovo and Ashton Kutcher \"collaborated\" on the Yoga Tablet 2 Pro, an Android tablet with a built-in video projector. Does the world truly need such a thing? Apparently so, because for 2015, the company has returned with the Yoga Tab 3 and $499 Yoga Tab 3 Pro. (Kutcher apparently didn't play any hand in these products.) The high-end Yoga Tab 3 Pro is a bit smaller than last year's model; its screen is now 10 inches as opposed to 13, which leads to a higher pixel density on its QHD display. And yes, it's very very sharp to my eyes.\nLenovo says improvements have also been made to the projector inside, which has gotten brighter and can now beam out a 70-inch picture — and you can point it at either the wall or your ceiling this... »", "external_links": [], "published": "2015-09-02T03:00:00.000+03:00", "crawled": "2015-09-02T23:34:05.275+03:00", "highlightTitle": ""}