{"organizations": [], "uuid": "88deb5d8ccb11e72ed0bfe87cd18c27028bb9ff3", "thread": {"social": {"gplus": {"shares": 0}, "pinterest": {"shares": 0}, "vk": {"shares": 0}, "linkedin": {"shares": 0}, "facebook": {"likes": 0, "shares": 0, "comments": 0}, "stumbledupon": {"shares": 0}}, "site_full": "www.consumerelectronicsnet.com", "main_image": "", "site_section": "http://feeds2.feedburner.com/Cen-ConsumerElectronicsNet-technologyNews", "section_title": "CEN - Consumer Electronics Net-Technology News", "url": "http://www.consumerelectronicsnet.com/articles/viewarticle.jsp?id=4051843", "country": "US", "title": "Farm Progress - LIVE Shot - Farm Credit - 9/2 12:00", "performance_score": 0, "site": "consumerelectronicsnet.com", "participants_count": 0, "title_full": "Farm Progress - LIVE Shot - Farm Credit - 9/2 12:00", "spam_score": 0.0, "site_type": "news", "published": "2015-09-02T22:00:00.000+03:00", "replies_count": 0, "uuid": "88deb5d8ccb11e72ed0bfe87cd18c27028bb9ff3"}, "author": "", "url": "http://www.consumerelectronicsnet.com/articles/viewarticle.jsp?id=4051843", "ord_in_thread": 0, "title": "Farm Progress - LIVE Shot - Farm Credit - 9/2 12:00", "locations": ["Decatur"], "entities": {"persons": [], "locations": [], "organizations": []}, "highlightText": "", "language": "english", "persons": [], "text": "Farm Progress - LIVE Shot - Farm Credit - 9/2 12:00 By Clip Syndicate A live shot from the Farm Progress 2015 show in Decatur, IL, featuring an interview with a couple of representatives from Farm Credit.", "external_links": [], "published": "2015-09-02T22:00:00.000+03:00", "crawled": "2015-09-03T04:26:55.220+03:00", "highlightTitle": ""}