{"organizations": [], "uuid": "54b8e4fb9689dcc589db2359d478dee2a37ff148", "thread": {"social": {"gplus": {"shares": 0}, "pinterest": {"shares": 0}, "vk": {"shares": 0}, "linkedin": {"shares": 0}, "facebook": {"likes": 0, "shares": 0, "comments": 0}, "stumbledupon": {"shares": 0}}, "site_full": "www.topix.com", "main_image": "http://64.13.129.136/pics/up-", "site_section": "http://www.topix.com/tech", "section_title": "Science / Technology News » Topix", "url": "http://www.topix.com/tech/2015/09/rising-seas-threaten-to-flood-launch-sites-nasa-says-including-wallops", "country": "US", "title": "Rising seas threaten to flood launch sites, NASA says, including Wallops - WTKR-TV Norfolk", "performance_score": 0, "site": "topix.com", "participants_count": 1, "title_full": "Rising seas threaten to flood launch sites, NASA says, including Wallops - WTKR-TV Norfolk - Discussion on Topix", "spam_score": 0.0, "site_type": "news", "published": "2015-09-05T03:00:00.000+03:00", "replies_count": 0, "uuid": "54b8e4fb9689dcc589db2359d478dee2a37ff148"}, "author": "Source: WTKR-TV Norfolk", "url": "http://www.topix.com/tech/2015/09/rising-seas-threaten-to-flood-launch-sites-nasa-says-including-wallops", "ord_in_thread": 0, "title": "Rising seas threaten to flood launch sites, NASA says, including Wallops - WTKR-TV Norfolk", "locations": [], "entities": {"persons": [], "locations": [], "organizations": []}, "highlightText": "", "language": "english", "persons": [], "text": "NASA's rockets are astounding machines, capable of blasting into space at thousands of miles per hour and withstanding temperatures twice the melting point of steel. Rising sea levels caused by melting ice caps threaten to disrupt a handful of NASA launch sites along U.S. coastlines, the space agency warns.\nStart the conversation, or Read more at WTKR-TV Norfolk.", "external_links": ["http://wtkr.com/2015/09/04/rising-seas-threaten-to-flood-launch-sites-nasa-says-including-wallops/"], "published": "2015-09-05T03:00:00.000+03:00", "crawled": "2015-09-05T16:47:14.315+03:00", "highlightTitle": ""}