{"organizations": ["Google"], "uuid": "07bb3fd12b24c93cb4000169d039f243d0fc357c", "thread": {"social": {"gplus": {"shares": 0}, "pinterest": {"shares": 0}, "vk": {"shares": 0}, "linkedin": {"shares": 0}, "facebook": {"likes": 0, "shares": 0, "comments": 0}, "stumbledupon": {"shares": 0}}, "site_full": "www.industriesnews.net", "main_image": "", "site_section": "http://www.industriesnews.net/rss.php/?ind=technology", "section_title": "industriesnews.net  - Breaking Technology News latest RSS headlines", "url": "http://www.industriesnews.net/story?sid=s236317217&cid=400", "country": "US", "title": "Investigators submit preliminary report on Google antitrust probe", "performance_score": 0, "site": "industriesnews.net", "participants_count": 0, "title_full": "Investigators submit preliminary report on Google antitrust probe", "spam_score": 0.0, "site_type": "news", "published": "2015-09-01T10:30:00.000+03:00", "replies_count": 0, "uuid": "07bb3fd12b24c93cb4000169d039f243d0fc357c"}, "author": "", "url": "http://www.industriesnews.net/story?sid=s236317217&cid=400", "ord_in_thread": 0, "title": "Investigators submit preliminary report on Google antitrust probe", "locations": [], "entities": {"persons": [], "locations": [], "organizations": []}, "highlightText": "", "language": "english", "persons": [], "text": " ", "external_links": [], "published": "2015-09-01T10:30:00.000+03:00", "crawled": "2015-09-02T02:20:24.236+03:00", "highlightTitle": ""}