{"organizations": ["Zorin OS"], "uuid": "15b045f8f7d82894ed889695b4cdfb4b8e32fe68", "thread": {"social": {"gplus": {"shares": 0}, "pinterest": {"shares": 0}, "vk": {"shares": 0}, "linkedin": {"shares": 0}, "facebook": {"likes": 0, "shares": 0, "comments": 0}, "stumbledupon": {"shares": 0}}, "site_full": "www.onenewspage.com", "main_image": "http://cdn.newsserve.net/i/20150908/784-Linux-AIO-Now-Offers-ISO-Images-with-the.jpg", "site_section": "http://www.onenewspage.com/rss/latest/Technology.rss", "section_title": "Latest Technology News on One News Page", "url": "http://www.onenewspage.com/n/Technology/7558956dz/Linux-AIO-Now-Offers-ISO-Images-with-the.htm", "country": "US", "title": "Linux AIO Now Offers ISO Images with the Zorin OS's Core and Lite Editions", "performance_score": 0, "site": "onenewspage.com", "participants_count": 0, "title_full": "Linux AIO Now Offers ISO Images with the Zorin OS's Core and Lite Editions", "spam_score": 0.0, "site_type": "news", "published": "2015-09-08T07:21:00.000+03:00", "replies_count": 0, "uuid": "15b045f8f7d82894ed889695b4cdfb4b8e32fe68"}, "author": "", "url": "http://www.onenewspage.com/n/Technology/7558956dz/Linux-AIO-Now-Offers-ISO-Images-with-the.htm", "ord_in_thread": 0, "title": "Linux AIO Now Offers ISO Images with the Zorin OS's Core and Lite Editions", "locations": [], "entities": {"persons": [], "locations": [], "organizations": []}, "highlightText": "", "language": "english", "persons": ["Softpedia", "Zorin"], "text": "Linux AIO Now Offers ISO Images with the Zorin OS's Core and Lite Editions Tuesday, 8 September 2015 (21 minutes ago) We're happy to introduce you today to a new Live DVD ISO image from the well-known Linux AIO project, which contains the basic, freely distributed editions of the popular Zorin OS GNU/Linux distribution. Softpedia was informed by the Linux AIO team about the new builds they're offering for download on the project's website, which include two Live DVD ISO images with the Core and Lite editions of Zorin OS 10 and Zorin OS 9 op...", "external_links": [], "published": "2015-09-08T07:21:00.000+03:00", "crawled": "2015-09-08T07:32:30.029+03:00", "highlightTitle": ""}