{"organizations": [], "uuid": "05eda6b90708a1d364b845461bcd851dd2ff688e", "thread": {"social": {"gplus": {"shares": 0}, "pinterest": {"shares": 0}, "vk": {"shares": 0}, "linkedin": {"shares": 0}, "facebook": {"likes": 0, "shares": 0, "comments": 0}, "stumbledupon": {"shares": 0}}, "site_full": "newsr.in", "main_image": "http://cdn.newsserve.net/newsR256.jpg", "site_section": "http://newsr.in/latest/Technology.htm", "section_title": "Technology: newsR", "url": "http://newsr.in/n/Technology/755890q6k/Amazon-Gold-Box-up-to-45-off.htm", "country": "US", "title": "Gold Box – up to 45% off gaming gear: SteelSeries iPhone controller $45, ViewSonic 28″ monitor $187, much more", "performance_score": 0, "site": "newsr.in", "participants_count": 1, "title_full": "Amazon Gold Box – up to 45% off gaming gear: SteelSeries iPhone controller $45, ViewSonic 28″ monitor $187, much more - newsR", "spam_score": 0.0, "site_type": "news", "published": "2015-09-01T03:00:00.000+03:00", "replies_count": 0, "uuid": "05eda6b90708a1d364b845461bcd851dd2ff688e"}, "author": "newsr.in", "url": "http://newsr.in/n/Technology/755890q6k/Amazon-Gold-Box-up-to-45-off.htm", "ord_in_thread": 0, "title": "Gold Box – up to 45% off gaming gear: SteelSeries iPhone controller $45, ViewSonic 28″ monitor $187, much more", "locations": [], "entities": {"persons": [], "locations": [], "organizations": []}, "highlightText": "", "language": "english", "persons": [], "text": "Today only, as its Bonus Gold Box Deal of the Day, Amazon offers up to 45% off gaming gear including select mice, controllers, monitors, headsets, and more. Every item qualifies for 2-day Prime shipping. Anyone who’s not a Prime member will have to spend at least $35 to get shipping fees waived for their order. […] »", "external_links": [], "published": "2015-09-01T03:00:00.000+03:00", "crawled": "2015-09-02T03:01:50.967+03:00", "highlightTitle": ""}