{"organizations": [], "uuid": "16302367e95c6aef2a5c8f98c01fb9e14d90d830", "thread": {"social": {"gplus": {"shares": 0}, "pinterest": {"shares": 0}, "vk": {"shares": 0}, "linkedin": {"shares": 0}, "facebook": {"likes": 0, "shares": 0, "comments": 0}, "stumbledupon": {"shares": 0}}, "site_full": "www.topix.com", "main_image": "http://64.13.129.136/pics/up-", "site_section": "http://www.topix.com/tech", "section_title": "Science / Technology News » Topix", "url": "http://www.topix.com/tech/2015/09/report-some-top-baby-monitors-lack-basic-security-features-can-be-hacked", "country": "US", "title": "Report: Some top baby monitors lack basic security features, can be hacked - SiliconValley.com", "performance_score": 0, "site": "topix.com", "participants_count": 1, "title_full": "Report: Some top baby monitors lack basic security features, can be hacked - SiliconValley.com - Discussion on Topix", "spam_score": 0.0, "site_type": "news", "published": "2015-09-02T03:00:00.000+03:00", "replies_count": 0, "uuid": "16302367e95c6aef2a5c8f98c01fb9e14d90d830"}, "author": "Source: SiliconValley.com", "url": "http://www.topix.com/tech/2015/09/report-some-top-baby-monitors-lack-basic-security-features-can-be-hacked", "ord_in_thread": 0, "title": "Report: Some top baby monitors lack basic security features, can be hacked - SiliconValley.com", "locations": [], "entities": {"persons": [], "locations": [], "organizations": []}, "highlightText": "", "language": "english", "persons": [], "text": "Several of the top Internet-connected baby monitors lack basic security features, making them vulnerable to hackers, according to new report from a cybersecurity firm. The researchers found security problems and design flaws in all of the cameras they tested.\n SiliconValley.com.", "external_links": ["http://www.siliconvalley.com/news/ci_28744189/report-some-top-baby-monitors-lack-basic-security"], "published": "2015-09-02T03:00:00.000+03:00", "crawled": "2015-09-02T19:41:28.920+03:00", "highlightTitle": ""}