{"organizations": ["Halyard Health, Inc"], "uuid": "a41ddf1700f20613ee9de6fc5bc80e7019f11ab5", "thread": {"social": {"gplus": {"shares": 0}, "pinterest": {"shares": 0}, "vk": {"shares": 0}, "linkedin": {"shares": 0}, "facebook": {"likes": 0, "shares": 0, "comments": 0}, "stumbledupon": {"shares": 0}}, "site_full": "www.bio-medicine.org", "main_image": "", "site_section": "http://www.bio-medicine.org/inc/biomed/medicine-technology.asp", "section_title": "Latest Medical Technology from Bio-Medicine.Org", "url": "http://www.bio-medicine.org/medicine-technology-1/Halyard-Health--Inc--Announces-Closing-Of-Exchange-Offer-For-6-25-Percent-Senior-Notes-Due-2022-48119-1/", "country": "US", "title": "Halyard Health, Inc. Announces Closing Of Exchange Offer For 6.25 Percent Senior Notes Due 2022", "performance_score": 0, "site": "bio-medicine.org", "participants_count": 0, "title_full": "Halyard Health, Inc. Announces Closing Of Exchange Offer For 6.25 Percent Senior Notes Due 2022", "spam_score": 0.0, "site_type": "news", "published": "2015-09-08T12:34:00.000+03:00", "replies_count": 0, "uuid": "a41ddf1700f20613ee9de6fc5bc80e7019f11ab5"}, "author": "", "url": "http://www.bio-medicine.org/medicine-technology-1/Halyard-Health--Inc--Announces-Closing-Of-Exchange-Offer-For-6-25-Percent-Senior-Notes-Due-2022-48119-1/", "ord_in_thread": 0, "title": "Halyard Health, Inc. Announces Closing Of Exchange Offer For 6.25 Percent Senior Notes Due 2022", "locations": [], "entities": {"persons": [], "locations": [], "organizations": []}, "highlightText": "", "language": "english", "persons": [], "text": " ", "external_links": [], "published": "2015-09-08T12:34:00.000+03:00", "crawled": "2015-09-09T01:57:03.665+03:00", "highlightTitle": ""}