{"organizations": [], "uuid": "870aad87dbfd22447d447c3394edb95415bfe473", "thread": {"social": {"gplus": {"shares": 0}, "pinterest": {"shares": 0}, "vk": {"shares": 0}, "linkedin": {"shares": 0}, "facebook": {"likes": 0, "shares": 0, "comments": 0}, "stumbledupon": {"shares": 0}}, "site_full": "www.currentanalysis.com", "main_image": "", "site_section": "http://www.currentanalysis.com/compete/public_access/RSS.aspx?tagID=827", "section_title": "Current Analysis Reports - Data Center Technology", "url": "http://www.currentanalysis.com/COMPETE/FrontEnd/Report.aspx?rid=96371&rss", "country": "GB", "title": "VMware NSX 6.2", "performance_score": 0, "site": "currentanalysis.com", "participants_count": 1, "title_full": "VMware NSX 6.2", "spam_score": 0.0, "site_type": "news", "published": "2015-09-04T02:00:00.000+03:00", "replies_count": 0, "uuid": "870aad87dbfd22447d447c3394edb95415bfe473"}, "author": "Fratto, Mike", "url": "http://www.currentanalysis.com/COMPETE/FrontEnd/Report.aspx?rid=96371&rss", "ord_in_thread": 0, "title": "VMware NSX 6.2", "locations": [], "entities": {"persons": [], "locations": [], "organizations": []}, "highlightText": "", "language": "english", "persons": [], "text": "September 04, 2015 Rate this report New Release Assessment VMware’s NSX 6.2 adds new features allowing management and NSX networking across vCenters, including universal firewall rules and security groups. However, these incremental features will only keep the competition at bay for the time being.  ", "external_links": [], "published": "2015-09-04T02:00:00.000+03:00", "crawled": "2015-09-05T05:04:47.984+03:00", "highlightTitle": ""}