{"organizations": [], "uuid": "a2fcf5fefb09cdfc70d417ea9476074bc6030708", "thread": {"social": {"gplus": {"shares": 0}, "pinterest": {"shares": 0}, "vk": {"shares": 0}, "linkedin": {"shares": 0}, "facebook": {"likes": 0, "shares": 0, "comments": 0}, "stumbledupon": {"shares": 0}}, "site_full": "www.industriesnews.net", "main_image": "", "site_section": "http://www.industriesnews.net/rss.php/?ind=technology", "section_title": "industriesnews.net  - Breaking Technology News latest RSS headlines", "url": "http://www.industriesnews.net/story?sid=s236335647&cid=400", "country": "US", "title": "Discounter Poundland makes its move online", "performance_score": 0, "site": "industriesnews.net", "participants_count": 0, "title_full": "Discounter Poundland makes its move online", "spam_score": 0.0, "site_type": "news", "published": "2015-09-01T19:14:00.000+03:00", "replies_count": 0, "uuid": "a2fcf5fefb09cdfc70d417ea9476074bc6030708"}, "author": "", "url": "http://www.industriesnews.net/story?sid=s236335647&cid=400", "ord_in_thread": 0, "title": "Discounter Poundland makes its move online", "locations": [], "entities": {"persons": [], "locations": [], "organizations": []}, "highlightText": "", "language": "english", "persons": [], "text": " ", "external_links": [], "published": "2015-09-01T19:14:00.000+03:00", "crawled": "2015-09-02T12:07:38.104+03:00", "highlightTitle": ""}