{"organizations": [], "uuid": "73b1f18f45ba4254866880a31b63ef7c8f2a9fce", "thread": {"social": {"gplus": {"shares": 0}, "pinterest": {"shares": 0}, "vk": {"shares": 0}, "linkedin": {"shares": 0}, "facebook": {"likes": 0, "shares": 0, "comments": 0}, "stumbledupon": {"shares": 0}}, "site_full": "www.crutchtech.com", "main_image": "http://rc.feedsportal.com/r/238385167368/u/159/f/645093/c/34938/s/49859ada/sc/15/rc/1/rc.img", "site_section": "http://www.crutchtech.com/feed/rss/", "section_title": "Crutch Technologies", "url": "http://www.crutchtech.com/2015/09/02/apple-said-to-be-unveiling-ipad-pro-during-next-weeks-event/", "country": "US", "title": "Apple said to be unveiling iPad Pro during next week's event", "performance_score": 0, "site": "crutchtech.com", "participants_count": 1, "title_full": "Apple said to be unveiling iPad Pro during next week's event", "spam_score": 0.0, "site_type": "news", "published": "2015-09-03T01:25:00.000+03:00", "replies_count": 0, "uuid": "73b1f18f45ba4254866880a31b63ef7c8f2a9fce"}, "author": "Chris Kerins", "url": "http://www.crutchtech.com/2015/09/02/apple-said-to-be-unveiling-ipad-pro-during-next-weeks-event/", "ord_in_thread": 0, "title": "Apple said to be unveiling iPad Pro during next week's event", "locations": [], "entities": {"persons": [], "locations": [], "organizations": []}, "highlightText": "", "language": "english", "persons": [], "text": " ", "external_links": [], "published": "2015-09-03T01:25:00.000+03:00", "crawled": "2015-09-03T01:28:22.861+03:00", "highlightTitle": ""}