{"organizations": ["Facebook"], "uuid": "15a5ae4382193c4478417b9112f5b9903374401f", "thread": {"social": {"gplus": {"shares": 0}, "pinterest": {"shares": 0}, "vk": {"shares": 0}, "linkedin": {"shares": 0}, "facebook": {"likes": 0, "shares": 0, "comments": 0}, "stumbledupon": {"shares": 0}}, "site_full": "www.industriesnews.net", "main_image": "", "site_section": "http://www.industriesnews.net/rss.php/?ind=technology", "section_title": "industriesnews.net  - Breaking Technology News latest RSS headlines", "url": "http://www.industriesnews.net/story?sid=s236376987&ampcid=400", "country": "US", "title": "Canadian small businesses want quality employees that stay off Facebook", "performance_score": 0, "site": "industriesnews.net", "participants_count": 0, "title_full": "Canadian small businesses want quality employees that stay off Facebook", "spam_score": 0.0, "site_type": "news", "published": "2015-09-03T10:36:00.000+03:00", "replies_count": 0, "uuid": "15a5ae4382193c4478417b9112f5b9903374401f"}, "author": "", "url": "http://www.industriesnews.net/story?sid=s236376987&ampcid=400", "ord_in_thread": 0, "title": "Canadian small businesses want quality employees that stay off Facebook", "locations": [], "entities": {"persons": [], "locations": [], "organizations": []}, "highlightText": "", "language": "english", "persons": [], "text": " ", "external_links": [], "published": "2015-09-03T10:36:00.000+03:00", "crawled": "2015-09-03T19:55:21.554+03:00", "highlightTitle": ""}