{"organizations": ["Sony"], "uuid": "32fb8a0bd4bc013e6ccccb4bc7f1ab9967ced1dc", "thread": {"social": {"gplus": {"shares": 0}, "pinterest": {"shares": 0}, "vk": {"shares": 0}, "linkedin": {"shares": 0}, "facebook": {"likes": 0, "shares": 0, "comments": 0}, "stumbledupon": {"shares": 0}}, "site_full": "www.industriesnews.net", "main_image": "", "site_section": "http://www.industriesnews.net/rss.php/?ind=technology", "section_title": "industriesnews.net  - Breaking Technology News latest RSS headlines", "url": "http://www.industriesnews.net/story?sid=s236392241&ampcid=400", "country": "US", "title": "Sony Made the First 4K Smartphone in the World", "performance_score": 0, "site": "industriesnews.net", "participants_count": 0, "title_full": "Sony Made the First 4K Smartphone in the World", "spam_score": 0.0, "site_type": "news", "published": "2015-09-03T10:11:00.000+03:00", "replies_count": 0, "uuid": "32fb8a0bd4bc013e6ccccb4bc7f1ab9967ced1dc"}, "author": "", "url": "http://www.industriesnews.net/story?sid=s236392241&ampcid=400", "ord_in_thread": 0, "title": "Sony Made the First 4K Smartphone in the World", "locations": [], "entities": {"persons": [], "locations": [], "organizations": []}, "highlightText": "", "language": "english", "persons": [], "text": " ", "external_links": [], "published": "2015-09-03T10:11:00.000+03:00", "crawled": "2015-09-03T20:02:03.687+03:00", "highlightTitle": ""}