{"organizations": ["LVMH"], "uuid": "000c2be2c32a4cb0f074c6179e92fa635f8ac0f1", "thread": {"social": {"gplus": {"shares": 0}, "pinterest": {"shares": 0}, "vk": {"shares": 0}, "linkedin": {"shares": 0}, "facebook": {"likes": 0, "shares": 0, "comments": 0}, "stumbledupon": {"shares": 0}}, "site_full": "www.industriesnews.net", "main_image": "", "site_section": "http://www.industriesnews.net/rss.php/?ind=technology", "section_title": "industriesnews.net  - Breaking Technology News latest RSS headlines", "url": "http://www.industriesnews.net/story?sid=s236323813&cid=400", "country": "US", "title": "LVMH recruits Apple music executive as digital chief", "performance_score": 0, "site": "industriesnews.net", "participants_count": 0, "title_full": "LVMH recruits Apple music executive as digital chief", "spam_score": 0.0, "site_type": "news", "published": "2015-09-01T19:39:00.000+03:00", "replies_count": 0, "uuid": "000c2be2c32a4cb0f074c6179e92fa635f8ac0f1"}, "author": "", "url": "http://www.industriesnews.net/story?sid=s236323813&cid=400", "ord_in_thread": 0, "title": "LVMH recruits Apple music executive as digital chief", "locations": [], "entities": {"persons": [], "locations": [], "organizations": []}, "highlightText": "", "language": "english", "persons": [], "text": " ", "external_links": [], "published": "2015-09-01T19:39:00.000+03:00", "crawled": "2015-09-02T11:51:18.715+03:00", "highlightTitle": ""}