{"organizations": [], "uuid": "d27d34b3e914336444c7f4c6ceaff6804c95f875", "thread": {"social": {"gplus": {"shares": 0}, "pinterest": {"shares": 0}, "vk": {"shares": 0}, "linkedin": {"shares": 0}, "facebook": {"likes": 0, "shares": 0, "comments": 0}, "stumbledupon": {"shares": 0}}, "site_full": "www.industriesnews.net", "main_image": "", "site_section": "http://www.industriesnews.net/rss.php/?ind=technology", "section_title": "industriesnews.net  - Breaking Technology News latest RSS headlines", "url": "http://www.industriesnews.net/story?sid=s236318353&cid=400", "country": "US", "title": "Rob Kardashian Reveals New Slim Look On Instagram Photo", "performance_score": 0, "site": "industriesnews.net", "participants_count": 0, "title_full": "Rob Kardashian Reveals New Slim Look On Instagram Photo", "spam_score": 0.0, "site_type": "news", "published": "2015-09-01T10:35:00.000+03:00", "replies_count": 0, "uuid": "d27d34b3e914336444c7f4c6ceaff6804c95f875"}, "author": "", "url": "http://www.industriesnews.net/story?sid=s236318353&cid=400", "ord_in_thread": 0, "title": "Rob Kardashian Reveals New Slim Look On Instagram Photo", "locations": [], "entities": {"persons": [], "locations": [], "organizations": []}, "highlightText": "", "language": "english", "persons": ["Rob Kardashian"], "text": " ", "external_links": [], "published": "2015-09-01T10:35:00.000+03:00", "crawled": "2015-09-02T02:18:35.171+03:00", "highlightTitle": ""}