{"organizations": [], "uuid": "ff30151fa24d0602c8fce3bce5553010498e8ad6", "thread": {"social": {"gplus": {"shares": 0}, "pinterest": {"shares": 0}, "vk": {"shares": 0}, "linkedin": {"shares": 0}, "facebook": {"likes": 0, "shares": 0, "comments": 0}, "stumbledupon": {"shares": 0}}, "site_full": "newsr.in", "main_image": "http://cdn.newsserve.net/i/20150902/3190-Qualcomm-Snapdragon-820-is-twice-as-friendly.jpg", "site_section": "http://newsr.in/latest/Technology.htm", "section_title": "Technology: newsR", "url": "http://newsr.in/n/Technology/755891xju/Qualcomm-Snapdragon-820-is-twice-as-friendly.htm", "country": "US", "title": "Qualcomm's Snapdragon 820 is twice as friendly to your battery", "performance_score": 0, "site": "newsr.in", "participants_count": 1, "title_full": "Qualcomm's Snapdragon 820 is twice as friendly to your battery - newsR", "spam_score": 0.0, "site_type": "news", "published": "2015-09-02T03:00:00.000+03:00", "replies_count": 0, "uuid": "ff30151fa24d0602c8fce3bce5553010498e8ad6"}, "author": "newsr.in", "url": "http://newsr.in/n/Technology/755891xju/Qualcomm-Snapdragon-820-is-twice-as-friendly.htm", "ord_in_thread": 0, "title": "Qualcomm's Snapdragon 820 is twice as friendly to your battery", "locations": [], "entities": {"persons": [], "locations": [], "organizations": []}, "highlightText": "", "language": "english", "persons": [], "text": "Qualcomm is clearly bent on drumming up hype for its Snapdragon 820 chip by drip-feeding facts, but its latest revelation is a big one. The company has revealed that the Kryo CPU at the heart of the chip is up to twice as power-efficient as the Sna... »", "external_links": ["http://cdn.newsserve.net/i/20150902/3190-Qualcomm-Snapdragon-820-is-twice-as-friendly.jpg"], "published": "2015-09-02T03:00:00.000+03:00", "crawled": "2015-09-03T16:40:01.715+03:00", "highlightTitle": ""}