{"organizations": ["Samsung"], "uuid": "c500d0f10e39d86f34eba6fe92b271e3888306e7", "thread": {"social": {"gplus": {"shares": 0}, "pinterest": {"shares": 0}, "vk": {"shares": 0}, "linkedin": {"shares": 0}, "facebook": {"likes": 0, "shares": 0, "comments": 0}, "stumbledupon": {"shares": 0}}, "site_full": "www.industriesnews.net", "main_image": "", "site_section": "http://www.industriesnews.net/rss.php/?ind=technology", "section_title": "industriesnews.net  - Breaking Technology News latest RSS headlines", "url": "http://www.industriesnews.net/story?sid=s236372085&ampcid=400", "country": "US", "title": "Technology › Samsung unveils new smartwatch to challenge Apple Watch", "performance_score": 0, "site": "industriesnews.net", "participants_count": 0, "title_full": "Technology › Samsung unveils new smartwatch to challenge Apple Watch", "spam_score": 0.0, "site_type": "news", "published": "2015-09-02T19:37:00.000+03:00", "replies_count": 0, "uuid": "c500d0f10e39d86f34eba6fe92b271e3888306e7"}, "author": "", "url": "http://www.industriesnews.net/story?sid=s236372085&ampcid=400", "ord_in_thread": 0, "title": "Technology › Samsung unveils new smartwatch to challenge Apple Watch", "locations": [], "entities": {"persons": [], "locations": [], "organizations": []}, "highlightText": "", "language": "english", "persons": [], "text": " ", "external_links": [], "published": "2015-09-02T19:37:00.000+03:00", "crawled": "2015-09-03T09:25:51.694+03:00", "highlightTitle": ""}