{"organizations": [], "uuid": "a345a7ece2668002b74a316f4826a83062ccb2a2", "thread": {"social": {"gplus": {"shares": 0}, "pinterest": {"shares": 0}, "vk": {"shares": 0}, "linkedin": {"shares": 0}, "facebook": {"likes": 0, "shares": 0, "comments": 0}, "stumbledupon": {"shares": 0}}, "site_full": "www.vindy.com", "main_image": "http://media.vindy.com/content/image/a/5/logo/v5logo.gif", "site_section": "http://www.vindy.com/rss/headlines/business", "section_title": "Vindy.com stories: Business & Technology", "url": "http://www.vindy.com/news/2015/sep/03/cd-rates/", "country": "US", "title": "CD RATES", "performance_score": 0, "site": "vindy.com", "participants_count": 0, "title_full": "CD RATES", "spam_score": 0.0, "site_type": "news", "published": "2015-09-03T07:00:00.000+03:00", "replies_count": 0, "uuid": "a345a7ece2668002b74a316f4826a83062ccb2a2"}, "author": "", "url": "http://www.vindy.com/news/2015/sep/03/cd-rates/", "ord_in_thread": 0, "title": "CD RATES", "locations": [], "entities": {"persons": [], "locations": [], "organizations": []}, "highlightText": "", "language": "english", "persons": [], "text": "Published: Thu, September 3, 2015 @ 12:00 a.m. \nCD RATES \nThe table shows the annual percentage yield as of Wednesday. All yields given in percent. Balances required vary, and some banks offer lower yields if certain balances aren’t met. \n2891612183660", "external_links": [], "published": "2015-09-03T07:00:00.000+03:00", "crawled": "2015-09-03T08:17:23.531+03:00", "highlightTitle": ""}