{"organizations": [], "uuid": "82f0d201f98beb9f903644b3820a2dd8a81e7d11", "thread": {"social": {"gplus": {"shares": 0}, "pinterest": {"shares": 0}, "vk": {"shares": 0}, "linkedin": {"shares": 0}, "facebook": {"likes": 0, "shares": 0, "comments": 0}, "stumbledupon": {"shares": 0}}, "site_full": "feeds.reuters.com", "main_image": "", "site_section": "http://feeds.reuters.com/reuters/technologysectorNews", "section_title": "Reuters: Technology", "url": "http://feeds.reuters.com/~r/reuters/technologysectorNews/~3/1qxYBjzgn1I/story01.htm", "country": "US", "title": "BRIEF-Talex informs on orders from Bank Zachodni WBK", "performance_score": 0, "site": "reuters.com", "participants_count": 1, "title_full": "BRIEF-Talex informs on orders from Bank Zachodni WBK | Reuters", "spam_score": 0.0, "site_type": "news", "published": "2015-09-02T13:58:00.000+03:00", "replies_count": 0, "uuid": "82f0d201f98beb9f903644b3820a2dd8a81e7d11"}, "author": "Reuters", "url": "http://feeds.reuters.com/~r/reuters/technologysectorNews/~3/1qxYBjzgn1I/story01.htm", "ord_in_thread": 0, "title": "BRIEF-Talex informs on orders from Bank Zachodni WBK", "locations": [], "entities": {"persons": [], "locations": [], "organizations": []}, "highlightText": "", "language": "english", "persons": [], "text": "Sept 2 Talex SA :\n* Since July 3 has received orders from Bank Zachodni WBK SA for the total value of 4.8 million zloty ($1.3 million) net for delivery of IT solutions\n* The biggest order was placed in Aug. and amounted to 824,000 zlotys Source text for Eikon:\nFurther company coverage: ($1 = 3.7664 zlotys) (Gdynia Newsroom)", "external_links": [], "published": "2015-09-02T13:58:00.000+03:00", "crawled": "2015-09-02T14:12:29.546+03:00", "highlightTitle": ""}