{"organizations": [], "uuid": "19e8f9c49a61dbe6074b9f48540aa8775f1cb69f", "thread": {"social": {"gplus": {"shares": 0}, "pinterest": {"shares": 0}, "vk": {"shares": 0}, "linkedin": {"shares": 0}, "facebook": {"likes": 0, "shares": 0, "comments": 0}, "stumbledupon": {"shares": 0}}, "site_full": "www.industriesnews.net", "main_image": "", "site_section": "http://www.industriesnews.net/rss.php/?ind=technology", "section_title": "industriesnews.net  - Breaking Technology News latest RSS headlines", "url": "http://www.industriesnews.net/story?sid=s236370285&ampcid=400", "country": "US", "title": "Facebook Messenger Is The Second Most Downloaded App Of All Time", "performance_score": 0, "site": "industriesnews.net", "participants_count": 0, "title_full": "Facebook Messenger Is The Second Most Downloaded App Of All Time", "spam_score": 0.0, "site_type": "news", "published": "2015-09-02T19:08:00.000+03:00", "replies_count": 0, "uuid": "19e8f9c49a61dbe6074b9f48540aa8775f1cb69f"}, "author": "", "url": "http://www.industriesnews.net/story?sid=s236370285&ampcid=400", "ord_in_thread": 0, "title": "Facebook Messenger Is The Second Most Downloaded App Of All Time", "locations": [], "entities": {"persons": [], "locations": [], "organizations": []}, "highlightText": "", "language": "english", "persons": [], "text": " ", "external_links": [], "published": "2015-09-02T19:08:00.000+03:00", "crawled": "2015-09-03T09:32:13.252+03:00", "highlightTitle": ""}