{"organizations": ["Google"], "uuid": "4b57e116ecd995a0ae7896a65444161c121aeb62", "thread": {"social": {"gplus": {"shares": 0}, "pinterest": {"shares": 0}, "vk": {"shares": 0}, "linkedin": {"shares": 0}, "facebook": {"likes": 0, "shares": 0, "comments": 0}, "stumbledupon": {"shares": 0}}, "site_full": "www.industriesnews.net", "main_image": "", "site_section": "http://www.industriesnews.net/rss.php/?ind=technology", "section_title": "industriesnews.net  - Breaking Technology News latest RSS headlines", "url": "http://www.industriesnews.net/story?sid=s236370327&ampcid=400", "country": "US", "title": "Google’s New Logo Is Trying Really Hard to Look Friendly", "performance_score": 0, "site": "industriesnews.net", "participants_count": 0, "title_full": "Google’s New Logo Is Trying Really Hard to Look Friendly", "spam_score": 0.0, "site_type": "news", "published": "2015-09-02T19:13:00.000+03:00", "replies_count": 0, "uuid": "4b57e116ecd995a0ae7896a65444161c121aeb62"}, "author": "", "url": "http://www.industriesnews.net/story?sid=s236370327&ampcid=400", "ord_in_thread": 0, "title": "Google’s New Logo Is Trying Really Hard to Look Friendly", "locations": [], "entities": {"persons": [], "locations": [], "organizations": []}, "highlightText": "", "language": "english", "persons": [], "text": " ", "external_links": [], "published": "2015-09-02T19:13:00.000+03:00", "crawled": "2015-09-03T09:29:12.348+03:00", "highlightTitle": ""}