{"organizations": [], "uuid": "0d28f8fe9d9834b120d3d61efbe4023a2b697c3d", "thread": {"social": {"gplus": {"shares": 0}, "pinterest": {"shares": 0}, "vk": {"shares": 0}, "linkedin": {"shares": 0}, "facebook": {"likes": 0, "shares": 0, "comments": 0}, "stumbledupon": {"shares": 0}}, "site_full": "www.topix.com", "main_image": "http://64.13.129.136/pics/up-", "site_section": "http://www.topix.com/tech", "section_title": "Science / Technology News » Topix", "url": "http://www.topix.com/tech/2015/09/soyuz-carrying-3-man-crew-blasts-off-for-orbiting-station", "country": "US", "title": "Soyuz carrying 3-man crew blasts off for orbiting station - The New Zealand Herald", "performance_score": 0, "site": "topix.com", "participants_count": 1, "title_full": "Soyuz carrying 3-man crew blasts off for orbiting station - The New Zealand Herald - Discussion on Topix", "spam_score": 0.0, "site_type": "news", "published": "2015-09-02T03:00:00.000+03:00", "replies_count": 0, "uuid": "0d28f8fe9d9834b120d3d61efbe4023a2b697c3d"}, "author": "Source: The New Zealand Herald", "url": "http://www.topix.com/tech/2015/09/soyuz-carrying-3-man-crew-blasts-off-for-orbiting-station", "ord_in_thread": 0, "title": "Soyuz carrying 3-man crew blasts off for orbiting station - The New Zealand Herald", "locations": [], "entities": {"persons": [], "locations": [], "organizations": []}, "highlightText": "", "language": "english", "persons": [], "text": "\" A Soyuz spacecraft carrying a Russian, a Dane and a Kazakh blasted off on Wednesday for a two-day trip to the International Space Station. The rocket lifted off from the Baikonur Cosmodrome, a Russian launch facility in Kazakhstan, on schedule at 10:37 a.m. , with \"everything going flawlessly,\" according to a commentator on NASA television.\n The New Zealand Herald.", "external_links": ["http://www.nzherald.co.nz/world/news/article.cfm?c_id=2&objectid=11506889&ref=rss"], "published": "2015-09-02T03:00:00.000+03:00", "crawled": "2015-09-02T12:04:29.651+03:00", "highlightTitle": ""}