{"organizations": [], "uuid": "9fc26309a34bd67dc7b51c0e0c9848e33b79cd10", "thread": {"social": {"gplus": {"shares": 0}, "pinterest": {"shares": 0}, "vk": {"shares": 0}, "linkedin": {"shares": 0}, "facebook": {"likes": 0, "shares": 0, "comments": 0}, "stumbledupon": {"shares": 0}}, "site_full": "www.news24.com", "main_image": "http://cdn.24.co.za/files/Cms/General/d/622/0e7d7a791b0f4f1ab21f981b6632ab25.jpg", "site_section": "http://www.news24.com/", "section_title": "News24, South Africa's premier news source, provides breaking news on national, world, Africa, sport, entertainment, technology &amp; more. ", "url": "http://www.news24.com/World/News/HRW-condemns-serious-abuses-of-detainees-in-Yemen-20150902", "country": "ZA", "title": "HRW condemns 'serious abuses' of detainees in Yemen", "performance_score": 0, "site": "news24.com", "participants_count": 1, "title_full": "HRW condemns 'serious abuses' of detainees in Yemen | News24", "spam_score": 0.0, "site_type": "news", "published": "2015-09-02T22:35:00.000+03:00", "replies_count": 0, "uuid": "9fc26309a34bd67dc7b51c0e0c9848e33b79cd10"}, "author": "news24.com", "url": "http://www.news24.com/World/News/HRW-condemns-serious-abuses-of-detainees-in-Yemen-20150902", "ord_in_thread": 0, "title": "HRW condemns 'serious abuses' of detainees in Yemen", "locations": [], "entities": {"persons": [], "locations": [], "organizations": []}, "highlightText": "", "language": "english", "persons": [], "text": "Dubai - Warring parties in south Yemen have committed \"serious abuses\" against civilians and fighters in their custody, including summary executions, Human Rights Watch said on Wednesday.\nThe New York-based watchdog warned southern fighters loyal to exiled President Abedrabbo Mansour Hadi and Iran-backed Shi’ite Huthi rebels that they could face prosecution for war crimes.\nIt accused both sides of mistreating detainees during the battle for the main southern city of Aden, where pro-Hadi forces regained control in July.\nSouthern militants have summarily executed at least seven Huthis since March, while the rebels have \"unlawfully detained and mistreated civilians,\" HRW said.", "external_links": [], "published": "2015-09-02T22:35:00.000+03:00", "crawled": "2015-09-02T16:02:19.320+03:00", "highlightTitle": ""}