{"organizations": ["Facebook"], "uuid": "e32c939409a20da2d93e5911b83f675cb7f5e587", "thread": {"social": {"gplus": {"shares": 0}, "pinterest": {"shares": 0}, "vk": {"shares": 0}, "linkedin": {"shares": 0}, "facebook": {"likes": 0, "shares": 0, "comments": 0}, "stumbledupon": {"shares": 0}}, "site_full": "www.industriesnews.net", "main_image": "", "site_section": "http://www.industriesnews.net/rss.php/?ind=technology", "section_title": "industriesnews.net  - Breaking Technology News latest RSS headlines", "url": "http://www.industriesnews.net/story?sid=s236365139&ampcid=400", "country": "US", "title": "Tiger Memon Arrested Not Really. This One Harassed Girls on Facebook", "performance_score": 0, "site": "industriesnews.net", "participants_count": 0, "title_full": "Tiger Memon Arrested Not Really. This One Harassed Girls on Facebook", "spam_score": 0.0, "site_type": "news", "published": "2015-09-02T19:13:00.000+03:00", "replies_count": 0, "uuid": "e32c939409a20da2d93e5911b83f675cb7f5e587"}, "author": "", "url": "http://www.industriesnews.net/story?sid=s236365139&ampcid=400", "ord_in_thread": 0, "title": "Tiger Memon Arrested Not Really. This One Harassed Girls on Facebook", "locations": [], "entities": {"persons": [], "locations": [], "organizations": []}, "highlightText": "", "language": "english", "persons": [], "text": " ", "external_links": [], "published": "2015-09-02T19:13:00.000+03:00", "crawled": "2015-09-03T09:29:07.316+03:00", "highlightTitle": ""}