{"organizations": [], "uuid": "f01f297d1614acee757c927355a297a6282d58e4", "thread": {"social": {"gplus": {"shares": 0}, "pinterest": {"shares": 0}, "vk": {"shares": 0}, "linkedin": {"shares": 0}, "facebook": {"likes": 0, "shares": 0, "comments": 0}, "stumbledupon": {"shares": 0}}, "site_full": "www.telegraph.co.uk", "main_image": "http://i.telegraph.co.uk/multimedia/archive/03426/jcake_3426727k.jpg", "site_section": "http://www.telegraph.co.uk/lifestyle/rss", "section_title": "Lifestyle: cars, technology, health, interiors, gardening", "url": "http://www.telegraph.co.uk/foodanddrink/11837730/3-ingredient-cotton-cheesecake-recipe-put-to-the-test.html", "country": "US", "title": "3 ingredient cotton cheesecake: why all the hype?", "performance_score": 0, "site": "telegraph.co.uk", "participants_count": 1, "title_full": "3 ingredient cotton cheesecake: why all the hype?", "spam_score": 0.0, "site_type": "news", "published": "2015-09-03T11:55:00.000+03:00", "replies_count": 0, "uuid": "f01f297d1614acee757c927355a297a6282d58e4"}, "author": "Olivia Williamson", "url": "http://www.telegraph.co.uk/foodanddrink/11837730/3-ingredient-cotton-cheesecake-recipe-put-to-the-test.html", "ord_in_thread": 0, "title": "3 ingredient cotton cheesecake: why all the hype?", "locations": [], "entities": {"persons": [], "locations": [], "organizations": []}, "highlightText": "", "language": "english", "persons": [], "text": "3 ingredient cotton cheesecake: why all the hype? We put the infamous Japanese three-ingredient white chocolate cheesecake recipe to the test Ochikeron and her Japanese cotton cheesecake Photo: YOUTUBE By Olivia Williamson", "external_links": [], "published": "2015-09-03T11:55:00.000+03:00", "crawled": "2015-09-03T13:00:31.632+03:00", "highlightTitle": ""}