{"organizations": [], "uuid": "ccf951a8116a90317cd63a3933eea9cd58023057", "thread": {"social": {"gplus": {"shares": 0}, "pinterest": {"shares": 0}, "vk": {"shares": 0}, "linkedin": {"shares": 0}, "facebook": {"likes": 0, "shares": 0, "comments": 0}, "stumbledupon": {"shares": 0}}, "site_full": "newsr.in", "main_image": "http://cdn.newsserve.net/i/20150902/745-Everything-Lenovo-and-Motorola-unveiled-today-at-Europe.jpg", "site_section": "http://newsr.in/latest/Technology.htm", "section_title": "Technology: newsR", "url": "http://newsr.in/n/Technology/755891xv3/Everything-Lenovo-and-Motorola-unveiled-today-at-Europe.htm", "country": "US", "title": "Everything Lenovo and Motorola unveiled today at Europe’s biggest electronics conference", "performance_score": 0, "site": "newsr.in", "participants_count": 1, "title_full": "Everything Lenovo and Motorola unveiled today at Europe’s biggest electronics conference - newsR", "spam_score": 0.0, "site_type": "news", "published": "2015-09-02T03:00:00.000+03:00", "replies_count": 0, "uuid": "ccf951a8116a90317cd63a3933eea9cd58023057"}, "author": "newsr.in", "url": "http://newsr.in/n/Technology/755891xv3/Everything-Lenovo-and-Motorola-unveiled-today-at-Europe.htm", "ord_in_thread": 0, "title": "Everything Lenovo and Motorola unveiled today at Europe’s biggest electronics conference", "locations": [], "entities": {"persons": [], "locations": [], "organizations": []}, "highlightText": "", "language": "english", "persons": [], "text": "The holidays are just around the corner — not really — and Lenovo/Motorola took the stage at the IFA consumer electronics show in Berlin today to unveil its next generation of computers, tablets, phones, and smartwatches. Here’s everything the Chinese company wants you to put on your wish list this year. The new Moto 360 and Moto 360 Sport […] »", "external_links": ["http://cdn.newsserve.net/i/20150902/745-Everything-Lenovo-and-Motorola-unveiled-today-at-Europe.jpg"], "published": "2015-09-02T03:00:00.000+03:00", "crawled": "2015-09-03T01:32:40.204+03:00", "highlightTitle": ""}