{"organizations": [], "uuid": "59c1d36b5187eb265e4e227e48d73e9d64fa2ae6", "thread": {"social": {"gplus": {"shares": 0}, "pinterest": {"shares": 0}, "vk": {"shares": 0}, "linkedin": {"shares": 0}, "facebook": {"likes": 0, "shares": 0, "comments": 0}, "stumbledupon": {"shares": 0}}, "site_full": "www.industriesnews.net", "main_image": "", "site_section": "http://www.industriesnews.net/rss.php/?ind=technology", "section_title": "industriesnews.net  - Breaking Technology News latest RSS headlines", "url": "http://www.industriesnews.net/story?sid=s236327529&cid=400", "country": "US", "title": "What the Apple-Cisco partnership will change in your office", "performance_score": 0, "site": "industriesnews.net", "participants_count": 0, "title_full": "What the Apple-Cisco partnership will change in your office", "spam_score": 0.0, "site_type": "news", "published": "2015-09-01T19:39:00.000+03:00", "replies_count": 0, "uuid": "59c1d36b5187eb265e4e227e48d73e9d64fa2ae6"}, "author": "", "url": "http://www.industriesnews.net/story?sid=s236327529&cid=400", "ord_in_thread": 0, "title": "What the Apple-Cisco partnership will change in your office", "locations": [], "entities": {"persons": [], "locations": [], "organizations": []}, "highlightText": "", "language": "english", "persons": [], "text": " ", "external_links": [], "published": "2015-09-01T19:39:00.000+03:00", "crawled": "2015-09-02T11:51:07.593+03:00", "highlightTitle": ""}