{"organizations": ["Wikipedia"], "uuid": "4ad22089a2f8085c01e96674276c51367f61b347", "thread": {"social": {"gplus": {"shares": 0}, "pinterest": {"shares": 0}, "vk": {"shares": 0}, "linkedin": {"shares": 0}, "facebook": {"likes": 0, "shares": 0, "comments": 0}, "stumbledupon": {"shares": 0}}, "site_full": "www.industriesnews.net", "main_image": "", "site_section": "http://www.industriesnews.net/rss.php/?ind=technology", "section_title": "industriesnews.net  - Breaking Technology News latest RSS headlines", "url": "http://www.industriesnews.net/story?sid=s236372105&ampcid=400", "country": "US", "title": "Wikipedia blocks hundreds of bad egg black hat editors", "performance_score": 0, "site": "industriesnews.net", "participants_count": 0, "title_full": "Wikipedia blocks hundreds of bad egg black hat editors", "spam_score": 0.0, "site_type": "news", "published": "2015-09-02T19:13:00.000+03:00", "replies_count": 0, "uuid": "4ad22089a2f8085c01e96674276c51367f61b347"}, "author": "", "url": "http://www.industriesnews.net/story?sid=s236372105&ampcid=400", "ord_in_thread": 0, "title": "Wikipedia blocks hundreds of bad egg black hat editors", "locations": [], "entities": {"persons": [], "locations": [], "organizations": []}, "highlightText": "", "language": "english", "persons": [], "text": " ", "external_links": [], "published": "2015-09-02T19:13:00.000+03:00", "crawled": "2015-09-03T09:29:44.801+03:00", "highlightTitle": ""}