{"organizations": [], "uuid": "420ce2ba80fb62ae9ac3302ffd3ee8a18cac4c44", "thread": {"social": {"gplus": {"shares": 0}, "pinterest": {"shares": 0}, "vk": {"shares": 0}, "linkedin": {"shares": 0}, "facebook": {"likes": 0, "shares": 0, "comments": 0}, "stumbledupon": {"shares": 0}}, "site_full": "www.industriesnews.net", "main_image": "", "site_section": "http://www.industriesnews.net/rss.php/?ind=technology", "section_title": "industriesnews.net  - Breaking Technology News latest RSS headlines", "url": "http://www.industriesnews.net/story?sid=s236370323&ampcid=400", "country": "US", "title": "Before Googles new logo vaginas and goldfish five other tech redesigns", "performance_score": 0, "site": "industriesnews.net", "participants_count": 0, "title_full": "Before Googles new logo vaginas and goldfish five other tech redesigns", "spam_score": 0.0, "site_type": "news", "published": "2015-09-02T19:33:00.000+03:00", "replies_count": 0, "uuid": "420ce2ba80fb62ae9ac3302ffd3ee8a18cac4c44"}, "author": "", "url": "http://www.industriesnews.net/story?sid=s236370323&ampcid=400", "ord_in_thread": 0, "title": "Before Googles new logo vaginas and goldfish five other tech redesigns", "locations": [], "entities": {"persons": [], "locations": [], "organizations": []}, "highlightText": "", "language": "english", "persons": [], "text": " ", "external_links": [], "published": "2015-09-02T19:33:00.000+03:00", "crawled": "2015-09-03T09:26:16.175+03:00", "highlightTitle": ""}