{"organizations": ["Cisco"], "uuid": "82799491c013a73cffd75a555035be317cb5f016", "thread": {"social": {"gplus": {"shares": 0}, "pinterest": {"shares": 0}, "vk": {"shares": 0}, "linkedin": {"shares": 0}, "facebook": {"likes": 0, "shares": 0, "comments": 0}, "stumbledupon": {"shares": 0}}, "site_full": "www.industriesnews.net", "main_image": "", "site_section": "http://www.industriesnews.net/rss.php/?ind=technology", "section_title": "industriesnews.net  - Breaking Technology News latest RSS headlines", "url": "http://www.industriesnews.net/story?sid=s236333927&cid=400", "country": "US", "title": "Apple muscles in on biz world AGAIN – this time with Cisco pact", "performance_score": 0, "site": "industriesnews.net", "participants_count": 0, "title_full": "Apple muscles in on biz world AGAIN – this time with Cisco pact", "spam_score": 0.0, "site_type": "news", "published": "2015-09-01T19:47:00.000+03:00", "replies_count": 0, "uuid": "82799491c013a73cffd75a555035be317cb5f016"}, "author": "", "url": "http://www.industriesnews.net/story?sid=s236333927&cid=400", "ord_in_thread": 0, "title": "Apple muscles in on biz world AGAIN – this time with Cisco pact", "locations": [], "entities": {"persons": [], "locations": [], "organizations": []}, "highlightText": "", "language": "english", "persons": [], "text": " ", "external_links": [], "published": "2015-09-01T19:47:00.000+03:00", "crawled": "2015-09-02T11:49:58.160+03:00", "highlightTitle": ""}