{"organizations": [], "uuid": "1d173035889f024cfef8c117240a964e05a409cf", "thread": {"social": {"gplus": {"shares": 0}, "pinterest": {"shares": 0}, "vk": {"shares": 0}, "linkedin": {"shares": 0}, "facebook": {"likes": 0, "shares": 0, "comments": 0}, "stumbledupon": {"shares": 0}}, "site_full": "www.i360gov.com", "main_image": "", "site_section": "http://feeds.feedburner.com/FederalGovernmentNewsRss-I360Gov", "section_title": "Government Policy, Business and Technology: i360 Gov", "url": "http://www.i360gov.com/government-energy-news/2015/aug/31/white-house-keeps-oil-gas-in-alaska-picture-amid-climate-emphasis", "country": "US", "title": "White House keeps oil, gas in Alaska picture amid climate emphasis", "performance_score": 0, "site": "i360gov.com", "participants_count": 0, "title_full": "White House keeps oil, gas in Alaska picture amid climate emphasis", "spam_score": 0.0, "site_type": "news", "published": "2015-09-01T03:41:00.000+03:00", "replies_count": 0, "uuid": "1d173035889f024cfef8c117240a964e05a409cf"}, "author": "", "url": "http://www.i360gov.com/government-energy-news/2015/aug/31/white-house-keeps-oil-gas-in-alaska-picture-amid-climate-emphasis", "ord_in_thread": 0, "title": "White House keeps oil, gas in Alaska picture amid climate emphasis", "locations": ["Alaska"], "entities": {"persons": [], "locations": [], "organizations": []}, "highlightText": "", "language": "english", "persons": [], "text": "31 White House keeps oil, gas in Alaska picture amid climate emphasis \nOil & Gas Journal: The White House quietly refused to rule out oil and gas development in Alaska as US President Barack Obama, Secretary of State John F. Kerry, and other top officials prepared to participate in a two-day Arctic issues conference Aug. 31 and Sept. 1 in Anchorage with other dignitaries from as many as 20 other countries.", "external_links": [], "published": "2015-09-01T03:41:00.000+03:00", "crawled": "2015-09-01T17:56:18.109+03:00", "highlightTitle": ""}