{"organizations": [], "uuid": "d43a15cb062dcd08e6e6b8adc293294cd8c4e966", "thread": {"social": {"gplus": {"shares": 0}, "pinterest": {"shares": 0}, "vk": {"shares": 0}, "linkedin": {"shares": 0}, "facebook": {"likes": 0, "shares": 0, "comments": 0}, "stumbledupon": {"shares": 0}}, "site_full": "www.i360gov.com", "main_image": "", "site_section": "http://feeds.feedburner.com/FederalGovernmentNewsRss-I360Gov", "section_title": "Government Policy, Business and Technology: i360 Gov", "url": "http://www.i360gov.com/government-energy-news/2015/sep/01/wilmington-phases-in-a-green-vehicle-fleet", "country": "US", "title": "Wilmington Phases In a Green Vehicle Fleet", "performance_score": 0, "site": "i360gov.com", "participants_count": 0, "title_full": "Wilmington Phases In a Green Vehicle Fleet", "spam_score": 0.0, "site_type": "news", "published": "2015-09-01T13:13:00.000+03:00", "replies_count": 0, "uuid": "d43a15cb062dcd08e6e6b8adc293294cd8c4e966"}, "author": "", "url": "http://www.i360gov.com/government-energy-news/2015/sep/01/wilmington-phases-in-a-green-vehicle-fleet", "ord_in_thread": 0, "title": "Wilmington Phases In a Green Vehicle Fleet", "locations": [], "entities": {"persons": [], "locations": [], "organizations": []}, "highlightText": "", "language": "english", "persons": [], "text": "Concept tagging by the AlchemyAPI About \ni360Gov is an intelligent network of websites and e-newsletters that provides government business, policy and technology leaders with a single destination for the most important news and analysis regarding their agency strategies and initiatives. Contact Us", "external_links": [], "published": "2015-09-01T13:13:00.000+03:00", "crawled": "2015-09-01T17:55:24.642+03:00", "highlightTitle": ""}