{"organizations": [], "uuid": "614c56be20699b2a92b4b760f7ade0037e89817d", "thread": {"social": {"gplus": {"shares": 0}, "pinterest": {"shares": 0}, "vk": {"shares": 0}, "linkedin": {"shares": 0}, "facebook": {"likes": 0, "shares": 0, "comments": 0}, "stumbledupon": {"shares": 0}}, "site_full": "feeds.reuters.com", "main_image": "", "site_section": "http://feeds.reuters.com/reuters/technologysectorNews", "section_title": "Reuters: Technology", "url": "http://feeds.reuters.com/~r/reuters/technologysectorNews/~3/xztkxs_7NPQ/story01.htm", "country": "US", "title": "BRIEF-Neopost Q2 revenue rises to 300.1 mln euros", "performance_score": 0, "site": "reuters.com", "participants_count": 1, "title_full": "BRIEF-Neopost Q2 revenue rises to 300.1 mln euros | Reuters", "spam_score": 0.0, "site_type": "news", "published": "2015-09-03T19:50:00.000+03:00", "replies_count": 0, "uuid": "614c56be20699b2a92b4b760f7ade0037e89817d"}, "author": "Reuters", "url": "http://feeds.reuters.com/~r/reuters/technologysectorNews/~3/xztkxs_7NPQ/story01.htm", "ord_in_thread": 0, "title": "BRIEF-Neopost Q2 revenue rises to 300.1 mln euros", "locations": [], "entities": {"persons": [], "locations": [], "organizations": []}, "highlightText": "", "language": "english", "persons": [], "text": "Sept 3 Neopost SA :\n* Q2 revenue 300.1 million euros ($333.1 million) vs 273.3 million euros year ago\n* Narrows range of 2015 guidance for organic revenue growth to between -1.0 pct and +1.0 pct\n* Confirms 2015 target of current operating margin (excluding charges linked to acquisitions) of between 19.5 pct and 20.5 pct of revenue\nSource text for Eikon:\nFurther company coverage:\n($1 = 0.9009 euros) (Gdynia Newsroom: +48 58 698 39 20; Gdynia.newsroom@thomsonreuters.com)", "external_links": [], "published": "2015-09-03T19:50:00.000+03:00", "crawled": "2015-09-03T20:17:42.657+03:00", "highlightTitle": ""}