{"organizations": [], "uuid": "de859092663d75f3b1d3162b795bbea28dd8b3eb", "thread": {"social": {"gplus": {"shares": 0}, "pinterest": {"shares": 0}, "vk": {"shares": 0}, "linkedin": {"shares": 0}, "facebook": {"likes": 0, "shares": 0, "comments": 0}, "stumbledupon": {"shares": 0}}, "site_full": "newsr.in", "main_image": "http://cdn.newsserve.net/i/20150902/3190-New-Apple-TV-reportedly-starts-at-149-packs.jpg", "site_section": "http://newsr.in/latest/Technology.htm", "section_title": "Technology: newsR", "url": "http://newsr.in/n/Technology/755891wef/New-Apple-TV-reportedly-starts-at-149-packs.htm", "country": "US", "title": "New Apple TV reportedly starts at $149, packs universal search", "performance_score": 0, "site": "newsr.in", "participants_count": 1, "title_full": "New Apple TV reportedly starts at $149, packs universal search - newsR", "spam_score": 0.0, "site_type": "news", "published": "2015-09-02T03:00:00.000+03:00", "replies_count": 0, "uuid": "de859092663d75f3b1d3162b795bbea28dd8b3eb"}, "author": "newsr.in", "url": "http://newsr.in/n/Technology/755891wef/New-Apple-TV-reportedly-starts-at-149-packs.htm", "ord_in_thread": 0, "title": "New Apple TV reportedly starts at $149, packs universal search", "locations": [], "entities": {"persons": [], "locations": [], "organizations": []}, "highlightText": "", "language": "english", "persons": [], "text": "No, the torrent of rumors surrounding the next Apple TV hasn't ended yet. Sources for both 9to5Mac and BuzzFeed News now believe that the media hub will start at $149 -- still much higher than Apple TV boxes from recent memory, but better than the... »", "external_links": ["http://cdn.newsserve.net/i/20150902/3190-New-Apple-TV-reportedly-starts-at-149-packs.jpg"], "published": "2015-09-02T03:00:00.000+03:00", "crawled": "2015-09-03T10:37:11.778+03:00", "highlightTitle": ""}