{"organizations": [], "uuid": "97aebf275777ec117202826a8d9d9bf288272d97", "thread": {"social": {"gplus": {"shares": 0}, "pinterest": {"shares": 0}, "vk": {"shares": 0}, "linkedin": {"shares": 0}, "facebook": {"likes": 0, "shares": 0, "comments": 0}, "stumbledupon": {"shares": 0}}, "site_full": "www.industriesnews.net", "main_image": "", "site_section": "http://www.industriesnews.net/rss.php/?ind=technology", "section_title": "industriesnews.net  - Breaking Technology News latest RSS headlines", "url": "http://www.industriesnews.net/story?sid=s236322439&cid=400", "country": "US", "title": "Netflix down 5 as Apple talks to Hollywood", "performance_score": 0, "site": "industriesnews.net", "participants_count": 0, "title_full": "Netflix down 5 as Apple talks to Hollywood", "spam_score": 0.0, "site_type": "news", "published": "2015-09-01T19:20:00.000+03:00", "replies_count": 0, "uuid": "97aebf275777ec117202826a8d9d9bf288272d97"}, "author": "", "url": "http://www.industriesnews.net/story?sid=s236322439&cid=400", "ord_in_thread": 0, "title": "Netflix down 5 as Apple talks to Hollywood", "locations": ["Hollywood"], "entities": {"persons": [], "locations": [], "organizations": []}, "highlightText": "", "language": "english", "persons": [], "text": " ", "external_links": [], "published": "2015-09-01T19:20:00.000+03:00", "crawled": "2015-09-02T12:01:04.686+03:00", "highlightTitle": ""}