{"organizations": ["Sony"], "uuid": "63c88ffb6070ae6aa1f4d0af55fbcaef35d04fd1", "thread": {"social": {"gplus": {"shares": 0}, "pinterest": {"shares": 0}, "vk": {"shares": 0}, "linkedin": {"shares": 0}, "facebook": {"likes": 0, "shares": 0, "comments": 0}, "stumbledupon": {"shares": 0}}, "site_full": "www.industriesnews.net", "main_image": "", "site_section": "http://www.industriesnews.net/rss.php/?ind=technology", "section_title": "industriesnews.net  - Breaking Technology News latest RSS headlines", "url": "http://www.industriesnews.net/story?sid=s236383131&ampcid=400", "country": "US", "title": "Sony former workers in deal to settle lawsuit over Interview hacking", "performance_score": 0, "site": "industriesnews.net", "participants_count": 0, "title_full": "Sony former workers in deal to settle lawsuit over Interview hacking", "spam_score": 0.0, "site_type": "news", "published": "2015-09-03T10:15:00.000+03:00", "replies_count": 0, "uuid": "63c88ffb6070ae6aa1f4d0af55fbcaef35d04fd1"}, "author": "", "url": "http://www.industriesnews.net/story?sid=s236383131&ampcid=400", "ord_in_thread": 0, "title": "Sony former workers in deal to settle lawsuit over Interview hacking", "locations": [], "entities": {"persons": [], "locations": [], "organizations": []}, "highlightText": "", "language": "english", "persons": [], "text": " ", "external_links": [], "published": "2015-09-03T10:15:00.000+03:00", "crawled": "2015-09-03T20:00:21.219+03:00", "highlightTitle": ""}