{"organizations": [], "uuid": "a3b01f97b81b51e754ec3e78cef60600e6777f60", "thread": {"social": {"gplus": {"shares": 0}, "pinterest": {"shares": 0}, "vk": {"shares": 0}, "linkedin": {"shares": 0}, "facebook": {"likes": 0, "shares": 0, "comments": 0}, "stumbledupon": {"shares": 0}}, "site_full": "newsr.in", "main_image": "http://cdn.newsserve.net/newsR256.jpg", "site_section": "http://newsr.in/latest/Technology.htm", "section_title": "Technology: newsR", "url": "http://newsr.in/n/Technology/7558937yf/Steve-Jobs-movies-Man-in-the-Machine-documentary.htm", "country": "US", "title": "Steve Jobs movies: Man in the Machine documentary opens today, Sorkin/Boyle biopic debuts tomorrow", "performance_score": 0, "site": "newsr.in", "participants_count": 1, "title_full": "Steve Jobs movies: Man in the Machine documentary opens today, Sorkin/Boyle biopic debuts tomorrow - newsR", "spam_score": 0.0, "site_type": "news", "published": "2015-09-04T03:00:00.000+03:00", "replies_count": 0, "uuid": "a3b01f97b81b51e754ec3e78cef60600e6777f60"}, "author": "newsr.in", "url": "http://newsr.in/n/Technology/7558937yf/Steve-Jobs-movies-Man-in-the-Machine-documentary.htm", "ord_in_thread": 0, "title": "Steve Jobs movies: Man in the Machine documentary opens today, Sorkin/Boyle biopic debuts tomorrow", "locations": [], "entities": {"persons": [], "locations": [], "organizations": []}, "highlightText": "", "language": "english", "persons": [], "text": "Steve Jobs, the Universal Pictures biopic written by Aaron Sorkin and directed by Danny Boyle, gets its debut screening tomorrow at the Telluride Film Festival. This is followed by a screening at the New York Film Festival on Oct 3rd, before its national release on 9th October. We first saw a trailer for the movie […] »", "external_links": [], "published": "2015-09-04T03:00:00.000+03:00", "crawled": "2015-09-04T16:43:21.136+03:00", "highlightTitle": ""}