{"organizations": ["CNBC", "LG", "Samsung"], "uuid": "c744a449f396b7cb7ffced149e811a87e1f34ddd", "thread": {"social": {"gplus": {"shares": 0}, "pinterest": {"shares": 0}, "vk": {"shares": 0}, "linkedin": {"shares": 0}, "facebook": {"likes": 0, "shares": 0, "comments": 0}, "stumbledupon": {"shares": 0}}, "site_full": "investor.biospace.com", "main_image": "", "site_section": "http://investor.biospace.com/biospace/action/rssfeed?Category=technology", "section_title": "News about technology", "url": "http://investor.biospace.com/biospace/news/read?GUID=30568718", "country": "US", "title": "This is what the future of TVs looks like...", "performance_score": 0, "site": "biospace.com", "participants_count": 0, "title_full": "This is what the future of TVs looks like...", "spam_score": 0.0, "site_type": "news", "published": "2015-09-04T08:30:00.000+03:00", "replies_count": 0, "uuid": "c744a449f396b7cb7ffced149e811a87e1f34ddd"}, "author": "", "url": "http://investor.biospace.com/biospace/news/read?GUID=30568718", "ord_in_thread": 0, "title": "This is what the future of TVs looks like...", "locations": [], "entities": {"persons": [], "locations": [], "organizations": []}, "highlightText": "", "language": "english", "persons": [], "text": "September 04, 2015 at 01:30 AM EDT This is what the future of TVs looks like... TVs are about to get brighter, have better colours and look more realistic, executives at Samsung and LG told CNBC.", "external_links": [], "published": "2015-09-04T08:30:00.000+03:00", "crawled": "2015-09-04T11:09:31.645+03:00", "highlightTitle": ""}