{"organizations": ["Google"], "uuid": "2de0cce72f2909ed0bfad2d47acfa2c7b3001175", "thread": {"social": {"gplus": {"shares": 0}, "pinterest": {"shares": 0}, "vk": {"shares": 0}, "linkedin": {"shares": 0}, "facebook": {"likes": 0, "shares": 0, "comments": 0}, "stumbledupon": {"shares": 0}}, "site_full": "www.industriesnews.net", "main_image": "", "site_section": "http://www.industriesnews.net/rss.php/?ind=technology", "section_title": "industriesnews.net  - Breaking Technology News latest RSS headlines", "url": "http://www.industriesnews.net/story?sid=s236353705&ampcid=400", "country": "US", "title": "Google revamps logo tweaks iconic colours", "performance_score": 0, "site": "industriesnews.net", "participants_count": 0, "title_full": "Google revamps logo tweaks iconic colours", "spam_score": 0.0, "site_type": "news", "published": "2015-09-02T10:49:00.000+03:00", "replies_count": 0, "uuid": "2de0cce72f2909ed0bfad2d47acfa2c7b3001175"}, "author": "", "url": "http://www.industriesnews.net/story?sid=s236353705&ampcid=400", "ord_in_thread": 0, "title": "Google revamps logo tweaks iconic colours", "locations": [], "entities": {"persons": [], "locations": [], "organizations": []}, "highlightText": "", "language": "english", "persons": [], "text": " ", "external_links": [], "published": "2015-09-02T10:49:00.000+03:00", "crawled": "2015-09-02T22:20:11.381+03:00", "highlightTitle": ""}