{"organizations": [], "uuid": "7420a05c4ebe22c3389e1db3ac51bfd4d19a948d", "thread": {"social": {"gplus": {"shares": 0}, "pinterest": {"shares": 0}, "vk": {"shares": 0}, "linkedin": {"shares": 0}, "facebook": {"likes": 0, "shares": 0, "comments": 0}, "stumbledupon": {"shares": 0}}, "site_full": "www.industriesnews.net", "main_image": "", "site_section": "http://www.industriesnews.net/rss.php/?ind=technology", "section_title": "industriesnews.net  - Breaking Technology News latest RSS headlines", "url": "http://www.industriesnews.net/story?sid=s236319359&cid=400", "country": "US", "title": "Acer founder says open to takeover amid stock price slide", "performance_score": 0, "site": "industriesnews.net", "participants_count": 0, "title_full": "Acer founder says open to takeover amid stock price slide", "spam_score": 0.0, "site_type": "news", "published": "2015-09-01T10:13:00.000+03:00", "replies_count": 0, "uuid": "7420a05c4ebe22c3389e1db3ac51bfd4d19a948d"}, "author": "", "url": "http://www.industriesnews.net/story?sid=s236319359&cid=400", "ord_in_thread": 0, "title": "Acer founder says open to takeover amid stock price slide", "locations": [], "entities": {"persons": [], "locations": [], "organizations": []}, "highlightText": "", "language": "english", "persons": [], "text": " ", "external_links": [], "published": "2015-09-01T10:13:00.000+03:00", "crawled": "2015-09-02T02:24:06.928+03:00", "highlightTitle": ""}