{"organizations": [], "uuid": "7b8952eaa2848305f6aa66b53a2daa4c320b11c8", "thread": {"social": {"gplus": {"shares": 0}, "pinterest": {"shares": 0}, "vk": {"shares": 0}, "linkedin": {"shares": 0}, "facebook": {"likes": 0, "shares": 0, "comments": 0}, "stumbledupon": {"shares": 0}}, "site_full": "www.news24.com", "main_image": "http://cdn.24.co.za/files/Cms/General/d/209/b22405eff59549e8a739c08eb213e7f4.jpg", "site_section": "http://www.news24.com/", "section_title": "News24, South Africa's premier news source, provides breaking news on national, world, Africa, sport, entertainment, technology &amp; more. ", "url": "http://www.news24.com/Africa/News/West-African-archipelago-hit-in-rare-hurricane-strike-20150901", "country": "ZA", "title": "West African archipelago hit in rare hurricane strike", "performance_score": 0, "site": "news24.com", "participants_count": 1, "title_full": "West African archipelago hit in rare hurricane strike | News24", "spam_score": 0.0, "site_type": "news", "published": "2015-09-01T19:25:00.000+03:00", "replies_count": 0, "uuid": "7b8952eaa2848305f6aa66b53a2daa4c320b11c8"}, "author": "news24.com", "url": "http://www.news24.com/Africa/News/West-African-archipelago-hit-in-rare-hurricane-strike-20150901", "ord_in_thread": 0, "title": "West African archipelago hit in rare hurricane strike", "locations": [], "entities": {"persons": [], "locations": [], "organizations": []}, "highlightText": "", "language": "english", "persons": [], "text": "Bissau - The West African archipelago of Cape Verde was pounded by powerful winds and heavy rain on Monday in a rare hurricane strike, local officials said.\nNamed Fred, the storm packed winds of up to 140km per hour, according to Cape Verde's interior ministry and the US National Hurricane Centre (NHC).\nWinds uprooted trees on several islands, telecommunications and electricity were affected in some regions and the national airline cancelled flights, but there were no reports of any casualties, according to emergency services on Cape Verde reached from Bissau, the capital of Guinea Bissau.\nThe storm \"made landfall at 08:00, 35km south of Rabil\", a town on the northern island of Boa Vista, said Idilton Briton, a senior official at Cape Verde's civil defence.", "external_links": [], "published": "2015-09-01T19:25:00.000+03:00", "crawled": "2015-09-01T16:08:06.029+03:00", "highlightTitle": ""}