{"organizations": ["Kim Kardashians Instagram Post"], "uuid": "7fc47aed3f47e6ace5dbd3813d5e30de783e9da4", "thread": {"social": {"gplus": {"shares": 0}, "pinterest": {"shares": 0}, "vk": {"shares": 0}, "linkedin": {"shares": 0}, "facebook": {"likes": 0, "shares": 0, "comments": 0}, "stumbledupon": {"shares": 0}}, "site_full": "www.industriesnews.net", "main_image": "", "site_section": "http://www.industriesnews.net/rss.php/?ind=technology", "section_title": "industriesnews.net  - Breaking Technology News latest RSS headlines", "url": "http://www.industriesnews.net/story?sid=s236319427&cid=400", "country": "US", "title": "Why Kim Kardashians Instagram Post Was In Violation Of FDA Rules", "performance_score": 0, "site": "industriesnews.net", "participants_count": 0, "title_full": "Why Kim Kardashians Instagram Post Was In Violation Of FDA Rules", "spam_score": 0.0, "site_type": "news", "published": "2015-09-01T10:09:00.000+03:00", "replies_count": 0, "uuid": "7fc47aed3f47e6ace5dbd3813d5e30de783e9da4"}, "author": "", "url": "http://www.industriesnews.net/story?sid=s236319427&cid=400", "ord_in_thread": 0, "title": "Why Kim Kardashians Instagram Post Was In Violation Of FDA Rules", "locations": [], "entities": {"persons": [], "locations": [], "organizations": []}, "highlightText": "", "language": "english", "persons": [], "text": " ", "external_links": [], "published": "2015-09-01T10:09:00.000+03:00", "crawled": "2015-09-02T02:26:59.312+03:00", "highlightTitle": ""}