{"organizations": ["Mozilla Microsoft Amazon Google Intel"], "uuid": "dce48d07bad88780e8e00859e8cd0f980c00589d", "thread": {"social": {"gplus": {"shares": 0}, "pinterest": {"shares": 0}, "vk": {"shares": 0}, "linkedin": {"shares": 0}, "facebook": {"likes": 0, "shares": 0, "comments": 0}, "stumbledupon": {"shares": 0}}, "site_full": "www.industriesnews.net", "main_image": "", "site_section": "http://www.industriesnews.net/rss.php/?ind=technology", "section_title": "industriesnews.net  - Breaking Technology News latest RSS headlines", "url": "http://www.industriesnews.net/story?sid=s236337847&ampcid=400", "country": "US", "title": "Mozilla Microsoft Amazon Google Intel and others form Alliance for Open Media", "performance_score": 0, "site": "industriesnews.net", "participants_count": 0, "title_full": "Mozilla Microsoft Amazon Google Intel and others form Alliance for Open Media", "spam_score": 0.0, "site_type": "news", "published": "2015-09-02T10:26:00.000+03:00", "replies_count": 0, "uuid": "dce48d07bad88780e8e00859e8cd0f980c00589d"}, "author": "", "url": "http://www.industriesnews.net/story?sid=s236337847&ampcid=400", "ord_in_thread": 0, "title": "Mozilla Microsoft Amazon Google Intel and others form Alliance for Open Media", "locations": [], "entities": {"persons": [], "locations": [], "organizations": []}, "highlightText": "", "language": "english", "persons": [], "text": " ", "external_links": [], "published": "2015-09-02T10:26:00.000+03:00", "crawled": "2015-09-02T22:24:48.622+03:00", "highlightTitle": ""}