{"organizations": [], "uuid": "e8f63b281659998b9b00d6585a75b71b2da25323", "thread": {"social": {"gplus": {"shares": 0}, "pinterest": {"shares": 0}, "vk": {"shares": 0}, "linkedin": {"shares": 0}, "facebook": {"likes": 0, "shares": 0, "comments": 0}, "stumbledupon": {"shares": 0}}, "site_full": "www.industriesnews.net", "main_image": "", "site_section": "http://www.industriesnews.net/rss.php/?ind=technology", "section_title": "industriesnews.net  - Breaking Technology News latest RSS headlines", "url": "http://www.industriesnews.net/story?sid=s236321885&cid=400", "country": "US", "title": "Shares in Gülen-linked companies plunge after police raids", "performance_score": 0, "site": "industriesnews.net", "participants_count": 0, "title_full": "Shares in Gülen-linked companies plunge after police raids", "spam_score": 0.0, "site_type": "news", "published": "2015-09-01T19:35:00.000+03:00", "replies_count": 0, "uuid": "e8f63b281659998b9b00d6585a75b71b2da25323"}, "author": "", "url": "http://www.industriesnews.net/story?sid=s236321885&cid=400", "ord_in_thread": 0, "title": "Shares in Gülen-linked companies plunge after police raids", "locations": [], "entities": {"persons": [], "locations": [], "organizations": []}, "highlightText": "", "language": "english", "persons": [], "text": " ", "external_links": [], "published": "2015-09-01T19:35:00.000+03:00", "crawled": "2015-09-02T11:51:37.403+03:00", "highlightTitle": ""}