{"organizations": [], "uuid": "babdbb240f8f4837045c97813214b640331a3579", "thread": {"social": {"gplus": {"shares": 0}, "pinterest": {"shares": 0}, "vk": {"shares": 0}, "linkedin": {"shares": 0}, "facebook": {"likes": 0, "shares": 0, "comments": 0}, "stumbledupon": {"shares": 0}}, "site_full": "www.industriesnews.net", "main_image": "", "site_section": "http://www.industriesnews.net/rss.php/?ind=technology", "section_title": "industriesnews.net  - Breaking Technology News latest RSS headlines", "url": "http://www.industriesnews.net/story?sid=s236337273&ampcid=400", "country": "US", "title": "Melissa Rivers reveals where she scattered mothers ashes", "performance_score": 0, "site": "industriesnews.net", "participants_count": 0, "title_full": "Melissa Rivers reveals where she scattered mothers ashes", "spam_score": 0.0, "site_type": "news", "published": "2015-09-02T11:57:00.000+03:00", "replies_count": 0, "uuid": "babdbb240f8f4837045c97813214b640331a3579"}, "author": "", "url": "http://www.industriesnews.net/story?sid=s236337273&ampcid=400", "ord_in_thread": 0, "title": "Melissa Rivers reveals where she scattered mothers ashes", "locations": [], "entities": {"persons": [], "locations": [], "organizations": []}, "highlightText": "", "language": "english", "persons": ["Melissa Rivers"], "text": "Melissa Rivers reveals where she scattered mother's ashes \nTechnology Industry News.Net (IANS) : Wednesday 2nd September, 2015 \nActress Melissa Rivers has found a meaningful place to scatter some of her mother Joan Rivers' ashes. \nThe 47-year-old \"Fashion Police\" executive producer and now panellist revealed that last month she scattered some of the comic legend's ashes in Wyoming -- where she, Joan, and her 14-year-old son Cooper used to take an annual vacation, reports etonline.com. \n\"Coop and I took our annual family vacation to Wyoming. (The) first without my mom and scattered some of her ashes there so we can still be together every August as a family,\" Melissa said. \nMelissa shared a few images of her Wyoming trip on Instagram two weeks ago, specifically of Cooper enjoying the picturesque settings. \n\"We are back where the buffalo roam wyoming vacation,\" she wrote. \nThis Friday marks the one-year anniversary of Joan's death. She was 81 when she died. \n\"Everyone expects me to have this big grand plan for September 4 and I am just going to be spending it with my son. He is going to go to school, I am going to go to work and come home and light a candle, and have a glass of wine,\" Melissa said. More Technology Industry News  ", "external_links": [], "published": "2015-09-02T11:57:00.000+03:00", "crawled": "2015-09-02T22:16:10.743+03:00", "highlightTitle": ""}