{"organizations": [], "uuid": "96c5d54aa9086e4c3902d83b37eaafd7570491c9", "thread": {"social": {"gplus": {"shares": 0}, "pinterest": {"shares": 0}, "vk": {"shares": 0}, "linkedin": {"shares": 0}, "facebook": {"likes": 0, "shares": 0, "comments": 0}, "stumbledupon": {"shares": 0}}, "site_full": "www.industriesnews.net", "main_image": "", "site_section": "http://www.industriesnews.net/rss.php/?ind=technology", "section_title": "industriesnews.net  - Breaking Technology News latest RSS headlines", "url": "http://www.industriesnews.net/story?sid=s236314021&cid=400", "country": "US", "title": "Baseball-Ortiz feasts on Big Apple to close on 500 home runs", "performance_score": 0, "site": "industriesnews.net", "participants_count": 0, "title_full": "Baseball-Ortiz feasts on Big Apple to close on 500 home runs", "spam_score": 0.0, "site_type": "news", "published": "2015-09-01T10:31:00.000+03:00", "replies_count": 0, "uuid": "96c5d54aa9086e4c3902d83b37eaafd7570491c9"}, "author": "", "url": "http://www.industriesnews.net/story?sid=s236314021&cid=400", "ord_in_thread": 0, "title": "Baseball-Ortiz feasts on Big Apple to close on 500 home runs", "locations": [], "entities": {"persons": [], "locations": [], "organizations": []}, "highlightText": "", "language": "english", "persons": [], "text": " ", "external_links": [], "published": "2015-09-01T10:31:00.000+03:00", "crawled": "2015-09-02T02:19:15.537+03:00", "highlightTitle": ""}