{"organizations": ["Sport24News Durban", "Koos F. Williams", "Durban"], "uuid": "ed9dc4ad9a0c42e3bebc9dd7759415abfd2df38a", "thread": {"social": {"gplus": {"shares": 0}, "pinterest": {"shares": 0}, "vk": {"shares": 0}, "linkedin": {"shares": 0}, "facebook": {"likes": 0, "shares": 0, "comments": 0}, "stumbledupon": {"shares": 0}}, "site_full": "www.onenewspage.com", "main_image": "http://cdn.newsserve.net/ONPglobe256.jpg", "site_section": "http://www.onenewspage.com/rss/latest/Technology.rss", "section_title": "Latest Technology News on One News Page", "url": "http://www.onenewspage.com/n/Technology/755890gkq/Sport24-co-za-Durban-poised-to-make.htm", "country": "US", "title": "Sport24.co.za | Durban poised to make history", "performance_score": 0, "site": "onenewspage.com", "participants_count": 0, "title_full": "Sport24.co.za | Durban poised to make history", "spam_score": 0.0, "site_type": "news", "published": "2015-09-01T08:33:00.000+03:00", "replies_count": 0, "uuid": "ed9dc4ad9a0c42e3bebc9dd7759415abfd2df38a"}, "author": "", "url": "http://www.onenewspage.com/n/Technology/755890gkq/Sport24-co-za-Durban-poised-to-make.htm", "ord_in_thread": 0, "title": "Sport24.co.za | Durban poised to make history", "locations": [], "entities": {"persons": [], "locations": [], "organizations": []}, "highlightText": "", "language": "english", "persons": [], "text": "#StopAlbinoKillings RT @News24 : Durban poised to make history http://t.co/VoigVaEbhi 1 minute ago Sport24News Durban poised to make history http://t.co/NZ3sv1KjUU 5 minutes ago News24 Durban poised to make history http://t.co/VoigVaEbhi 5 minutes ago Koos F. Williams http://t.co/nrZJxhpSSg | Durban poised to make history http://t.co/XJ4CPGby2T 5 minutes ago NewsHitterTeam http://t.co/NA6rq0QJt1 | Durban poised to make history http://t.co/BtDQB4cCmA 9 minutes ago", "external_links": [], "published": "2015-09-01T08:33:00.000+03:00", "crawled": "2015-09-01T08:38:54.486+03:00", "highlightTitle": ""}