{"organizations": [], "uuid": "cb499de2321daf9fd05bde3a62c20f98e0f12bee", "thread": {"social": {"gplus": {"shares": 0}, "pinterest": {"shares": 0}, "vk": {"shares": 0}, "linkedin": {"shares": 0}, "facebook": {"likes": 0, "shares": 0, "comments": 0}, "stumbledupon": {"shares": 0}}, "site_full": "www.industriesnews.net", "main_image": "", "site_section": "http://www.industriesnews.net/rss.php/?ind=technology", "section_title": "industriesnews.net  - Breaking Technology News latest RSS headlines", "url": "http://www.industriesnews.net/story?sid=s236370337&ampcid=400", "country": "US", "title": "Why Googles makeover is aimed at mobile users", "performance_score": 0, "site": "industriesnews.net", "participants_count": 0, "title_full": "Why Googles makeover is aimed at mobile users", "spam_score": 0.0, "site_type": "news", "published": "2015-09-02T19:33:00.000+03:00", "replies_count": 0, "uuid": "cb499de2321daf9fd05bde3a62c20f98e0f12bee"}, "author": "", "url": "http://www.industriesnews.net/story?sid=s236370337&ampcid=400", "ord_in_thread": 0, "title": "Why Googles makeover is aimed at mobile users", "locations": [], "entities": {"persons": [], "locations": [], "organizations": []}, "highlightText": "", "language": "english", "persons": [], "text": " ", "external_links": [], "published": "2015-09-02T19:33:00.000+03:00", "crawled": "2015-09-03T09:26:29.972+03:00", "highlightTitle": ""}