{"organizations": ["Microsoft"], "uuid": "0a331a5d42bd9faf48e57f6cb82a0667d6f71474", "thread": {"social": {"gplus": {"shares": 0}, "pinterest": {"shares": 0}, "vk": {"shares": 0}, "linkedin": {"shares": 0}, "facebook": {"likes": 0, "shares": 0, "comments": 0}, "stumbledupon": {"shares": 0}}, "site_full": "www.industriesnews.net", "main_image": "", "site_section": "http://www.industriesnews.net/rss.php/?ind=technology", "section_title": "industriesnews.net  - Breaking Technology News latest RSS headlines", "url": "http://www.industriesnews.net/story?sid=s236335789&cid=400", "country": "US", "title": "Windows 10 Microsoft may be about to backtrack on secret instant updates policy", "performance_score": 0, "site": "industriesnews.net", "participants_count": 0, "title_full": "Windows 10 Microsoft may be about to backtrack on secret instant updates policy", "spam_score": 0.0, "site_type": "news", "published": "2015-09-01T19:46:00.000+03:00", "replies_count": 0, "uuid": "0a331a5d42bd9faf48e57f6cb82a0667d6f71474"}, "author": "", "url": "http://www.industriesnews.net/story?sid=s236335789&cid=400", "ord_in_thread": 0, "title": "Windows 10 Microsoft may be about to backtrack on secret instant updates policy", "locations": [], "entities": {"persons": [], "locations": [], "organizations": []}, "highlightText": "", "language": "english", "persons": [], "text": " ", "external_links": [], "published": "2015-09-01T19:46:00.000+03:00", "crawled": "2015-09-02T11:49:57.071+03:00", "highlightTitle": ""}