{"organizations": ["Assembly"], "uuid": "63c8a05b9d871dcddcc8246b685488760d5d6384", "thread": {"social": {"gplus": {"shares": 0}, "pinterest": {"shares": 0}, "vk": {"shares": 0}, "linkedin": {"shares": 0}, "facebook": {"likes": 0, "shares": 0, "comments": 0}, "stumbledupon": {"shares": 0}}, "site_full": "www.i360gov.com", "main_image": "", "site_section": "http://feeds.feedburner.com/FederalGovernmentNewsRss-I360Gov", "section_title": "Government Policy, Business and Technology: i360 Gov", "url": "http://www.i360gov.com/local-government-news/2015/sep/08/california-right-to-die-bill-clears-finance-committee-heads-to-assembly-floor", "country": "US", "title": "California right-to-die bill clears finance committee, heads to Assembly floor", "performance_score": 0, "site": "i360gov.com", "participants_count": 0, "title_full": "California right-to-die bill clears finance committee, heads to Assembly floor", "spam_score": 0.0, "site_type": "news", "published": "2015-09-08T15:23:00.000+03:00", "replies_count": 0, "uuid": "63c8a05b9d871dcddcc8246b685488760d5d6384"}, "author": "", "url": "http://www.i360gov.com/local-government-news/2015/sep/08/california-right-to-die-bill-clears-finance-committee-heads-to-assembly-floor", "ord_in_thread": 0, "title": "California right-to-die bill clears finance committee, heads to Assembly floor", "locations": ["California"], "entities": {"persons": [], "locations": [], "organizations": []}, "highlightText": "", "language": "english", "persons": [], "text": "08 California right-to-die bill clears finance committee, heads to Assembly floor \nSan Jose Mercury News: SACRAMENTO -- Legislation that would allow terminally ill Californians to end their lives with help from a doctor cleared an Assembly committee Friday after a low-key hearing on one of the year's most controversial proposals.", "external_links": [], "published": "2015-09-08T15:23:00.000+03:00", "crawled": "2015-09-08T18:00:00.384+03:00", "highlightTitle": ""}