{"organizations": [], "uuid": "c4407f68397d9c835f635486550a2d23c01e6718", "thread": {"social": {"gplus": {"shares": 0}, "pinterest": {"shares": 0}, "vk": {"shares": 0}, "linkedin": {"shares": 0}, "facebook": {"likes": 0, "shares": 0, "comments": 0}, "stumbledupon": {"shares": 0}}, "site_full": "www.deccanchronicle.com", "main_image": "http://d2yhexj5rb8c94.cloudfront.net/sites/default/files/Wena-cover_0.jpg", "site_section": "http://www.deccanchronicle.com/technology", "section_title": "Technology | Deccan Chronicle", "url": "http://www.deccanchronicle.com/150831/technology-gadgets/article/sony-crowd-funding-premium-smartwatch", "country": "US", "title": "Sony is crowd-funding a premium smartwatch", "performance_score": 0, "site": "deccanchronicle.com", "participants_count": 1, "title_full": "Sony is crowd-funding a premium smartwatch", "spam_score": 0.0, "site_type": "news", "published": "2015-09-01T20:11:00.000+03:00", "replies_count": 0, "uuid": "c4407f68397d9c835f635486550a2d23c01e6718"}, "author": "Deccan", "url": "http://www.deccanchronicle.com/150831/technology-gadgets/article/sony-crowd-funding-premium-smartwatch", "ord_in_thread": 0, "title": "Sony is crowd-funding a premium smartwatch", "locations": [], "entities": {"persons": [], "locations": [], "organizations": []}, "highlightText": "", "language": "english", "persons": [], "text": "Deccan Chronicle | August 31, 2015, 15.38 pm Wena smartwatch On its own crowd-funding platform in Japan, Sony is showcasing a new premium looking smartwatch called Wena. It is touted for three primary features — NFC wallet compatibility, notifications through vibration and a customisable LED light, and activity tracker.\nThe watch has a chic metal body with hairline finish, and a classy traditional look of an analog watch. It is also available in a premium black metal model.\nThe Wena watch is only compatible with iOS devices.\n technology latest gadgets sony smartwatch Also Read Sony malware may be linked to other damaging attacks: researchers Sensex jumps 101 points in cautious trade A wristy business: Intex iRist—first impression Rupee down 25 paise against dollar in early trade", "external_links": ["http://d2yhexj5rb8c94.cloudfront.net/sites/default/files/styles/article_node_view/public/Wena-cover_0.jpg", "http://platform.twitter.com/widgets.js", "http://twitter.com/share?url=http://www.deccanchronicle.com/150831/technology-gadgets/article/sony-crowd-funding-premium-smartwatch", "http://d2yhexj5rb8c94.cloudfront.net/sites/default/files/design_assembly.jpg", "http://d2yhexj5rb8c94.cloudfront.net/sites/default/files/design_material.jpg", "https://first-flight.sony.com/pj/5/wena%20wrist", "https://apis.google.com/js/plusone.js", "http://d2yhexj5rb8c94.cloudfront.net/sites/default/files/Wena-black.jpg", "http://d2yhexj5rb8c94.cloudfront.net/sites/default/files/Wena-cover_0.jpg", "http://www.facebook.com/sharer.php", "http://d2yhexj5rb8c94.cloudfront.net/sites/default/files/Wena-dial.jpg", "http://vuukle.com/js/vuukle.js", "http://static.ak.fbcdn.net/connect.php/js/FB.Share"], "published": "2015-09-01T20:11:00.000+03:00", "crawled": "2015-09-01T09:42:38.066+03:00", "highlightTitle": ""}