{"organizations": [], "uuid": "56bffce57b23cb00aca01473f9582e19382d8097", "thread": {"social": {"gplus": {"shares": 0}, "pinterest": {"shares": 0}, "vk": {"shares": 0}, "linkedin": {"shares": 0}, "facebook": {"likes": 0, "shares": 0, "comments": 0}, "stumbledupon": {"shares": 0}}, "site_full": "www.jdsupra.com", "main_image": "http://www.jdsupra.com/showThumbnail.aspx?img=15492_2435.jpg&size=og", "site_section": "http://www.jdsupra.com/resources/syndication/docsRSSfeed.aspx?ftype=ScienceComputersTechnology&premium=1", "section_title": "Science, Computers, & Technology RSS Feed | JD Supra Law News", "url": "http://www.jdsupra.com/legalnews/proposition-65-oehha-to-consider-adding-77031/", "country": "US", "title": "Proposition 65: OEHHA to Consider Adding and Delisting Certain Chemicals of Concern", "performance_score": 0, "site": "jdsupra.com", "participants_count": 1, "title_full": "Proposition 65: OEHHA to Consider Adding and Delisting Certain Chemicals of Concern", "spam_score": 0.0, "site_type": "news", "published": "2015-09-01T01:37:00.000+03:00", "replies_count": 0, "uuid": "56bffce57b23cb00aca01473f9582e19382d8097"}, "author": "Haight Brown &amp; Bonesteel LLP", "url": "http://www.jdsupra.com/legalnews/proposition-65-oehha-to-consider-adding-77031/", "ord_in_thread": 0, "title": "Proposition 65: OEHHA to Consider Adding and Delisting Certain Chemicals of Concern", "locations": [], "entities": {"persons": [], "locations": [], "organizations": []}, "highlightText": "", "language": "english", "persons": [], "text": "Perfluorooctane sulfonate (PFOS) Tetrachloroethylene \nOn November 9, 2015, the Developmental and Reproductive Toxicant Identification Committee (“DARTIC”) will meet to consider whether Methyl-n-butyl Ketone should remain listed under Proposition 65 as known to cause reproductive toxicity, and will also consider whether 2,5-Hexanedione should be listed as known to cause reproductive toxicity. \nOEHHA is referring Nitrapyrin and Diaminotoluene (mixed) to the Carcinogen Identification Committee (CIC), California’s qualified experts for carcinogenicity determinations under Proposition 65 for review of possible delisting at a public meeting scheduled for November 4, 2015. \nUnless and until the OEHHA makes a final determination on either adding, delisting, or reclassifying a chemical, the current list of chemicals of concern under Proposition 65 remains in effect.", "external_links": [], "published": "2015-09-01T01:37:00.000+03:00", "crawled": "2015-09-01T01:42:49.443+03:00", "highlightTitle": ""}