{"organizations": [], "uuid": "d42daa046123724f7f792b9890a0f1c6204f5be8", "thread": {"social": {"gplus": {"shares": 0}, "pinterest": {"shares": 0}, "vk": {"shares": 0}, "linkedin": {"shares": 0}, "facebook": {"likes": 0, "shares": 0, "comments": 0}, "stumbledupon": {"shares": 0}}, "site_full": "newsr.in", "main_image": "http://cdn.newsserve.net/newsR256.jpg", "site_section": "http://newsr.in/latest/Technology.htm", "section_title": "Technology: newsR", "url": "http://newsr.in/n/Technology/755892ulg/Trying-to-procrastinate-Google-fun-facts-right-now.htm", "country": "US", "title": "Trying to procrastinate? Google ‘fun facts’ right now", "performance_score": 0, "site": "newsr.in", "participants_count": 1, "title_full": "Trying to procrastinate? Google ‘fun facts’ right now - newsR", "spam_score": 0.0, "site_type": "news", "published": "2015-09-03T03:00:00.000+03:00", "replies_count": 0, "uuid": "d42daa046123724f7f792b9890a0f1c6204f5be8"}, "author": "newsr.in", "url": "http://newsr.in/n/Technology/755892ulg/Trying-to-procrastinate-Google-fun-facts-right-now.htm", "ord_in_thread": 0, "title": "Trying to procrastinate? Google ‘fun facts’ right now", "locations": [], "entities": {"persons": [], "locations": [], "organizations": []}, "highlightText": "", "language": "english", "persons": [], "text": "Thanks to Google's latest fun facts feature, which you can access by -- you guessed it -- Googling \"fun facts,\" you'll find that time moves at super sonic speed as you're fed answer after answer to life's most pressing questions. »", "external_links": [], "published": "2015-09-03T03:00:00.000+03:00", "crawled": "2015-09-04T02:42:02.030+03:00", "highlightTitle": ""}