{"organizations": [], "uuid": "7aa4ac3b526053fec4f8a222dd29b5a5b30783fb", "thread": {"social": {"gplus": {"shares": 0}, "pinterest": {"shares": 0}, "vk": {"shares": 0}, "linkedin": {"shares": 0}, "facebook": {"likes": 0, "shares": 0, "comments": 0}, "stumbledupon": {"shares": 0}}, "site_full": "www.industriesnews.net", "main_image": "", "site_section": "http://www.industriesnews.net/rss.php/?ind=technology", "section_title": "industriesnews.net  - Breaking Technology News latest RSS headlines", "url": "http://www.industriesnews.net/story?sid=s236318321&cid=400", "country": "US", "title": "Android smart watches can now sync with iPhones", "performance_score": 0, "site": "industriesnews.net", "participants_count": 0, "title_full": "Android smart watches can now sync with iPhones", "spam_score": 0.0, "site_type": "news", "published": "2015-09-01T10:34:00.000+03:00", "replies_count": 0, "uuid": "7aa4ac3b526053fec4f8a222dd29b5a5b30783fb"}, "author": "", "url": "http://www.industriesnews.net/story?sid=s236318321&cid=400", "ord_in_thread": 0, "title": "Android smart watches can now sync with iPhones", "locations": [], "entities": {"persons": [], "locations": [], "organizations": []}, "highlightText": "", "language": "english", "persons": [], "text": " ", "external_links": [], "published": "2015-09-01T10:34:00.000+03:00", "crawled": "2015-09-02T02:18:37.857+03:00", "highlightTitle": ""}