{"organizations": [], "uuid": "823579099197648ac4c26187a37ab532062548a4", "thread": {"social": {"gplus": {"shares": 0}, "pinterest": {"shares": 0}, "vk": {"shares": 0}, "linkedin": {"shares": 0}, "facebook": {"likes": 0, "shares": 0, "comments": 0}, "stumbledupon": {"shares": 0}}, "site_full": "www.news24.com", "main_image": "http://cdn.24.co.za/files/Cms/General/d/2460/16366de0309349578c0ddf6bd168ab1c.jpg", "site_section": "http://www.news24.com/", "section_title": "News24, South Africa's premier news source, provides breaking news on national, world, Africa, sport, entertainment, technology &amp; more. ", "url": "http://www.news24.com/SouthAfrica/News/Man-killed-pregnant-woman-and-child-injured-in-Northern-Cape-crash-20150917", "country": "ZA", "title": "Man killed, pregnant woman and child injured in Northern Cape crash", "performance_score": 0, "site": "news24.com", "participants_count": 1, "title_full": "Man killed, pregnant woman and child injured in Northern Cape crash | News24", "spam_score": 0.0, "site_type": "news", "published": "2015-09-17T20:02:00.000+03:00", "replies_count": 0, "uuid": "823579099197648ac4c26187a37ab532062548a4"}, "author": "news24.com", "url": "http://www.news24.com/SouthAfrica/News/Man-killed-pregnant-woman-and-child-injured-in-Northern-Cape-crash-20150917", "ord_in_thread": 0, "title": "Man killed, pregnant woman and child injured in Northern Cape crash", "locations": [], "entities": {"persons": [], "locations": [], "organizations": []}, "highlightText": "", "language": "english", "persons": [], "text": "Johannesburg - A man died while a pregnant woman and a 3-year-old child were injured when a car overturned in Batlharos near Kuruman in the Northern Cape, paramedics said on Thursday.\nThe man, 37, was believed to have been driving the car with the woman and child as passengers when he lost control, ER24 spokesperson Chitra Bodasing said.\nThe man was thrown from the car when it overturned.\nER24 paramedics and other emergency services found the man under the car when they arrived at the scene.", "external_links": [], "published": "2015-09-17T20:02:00.000+03:00", "crawled": "2015-09-21T04:04:26.330+03:00", "highlightTitle": ""}