{"organizations": [], "uuid": "b268709c7c1ee5fdf0c5f54e7df9acdf65f472e3", "thread": {"social": {"gplus": {"shares": 0}, "pinterest": {"shares": 0}, "vk": {"shares": 0}, "linkedin": {"shares": 0}, "facebook": {"likes": 0, "shares": 0, "comments": 0}, "stumbledupon": {"shares": 0}}, "site_full": "www.industriesnews.net", "main_image": "", "site_section": "http://www.industriesnews.net/rss.php/?ind=technology", "section_title": "industriesnews.net  - Breaking Technology News latest RSS headlines", "url": "http://www.industriesnews.net/story?sid=s236354249&ampcid=400", "country": "US", "title": "Florida county sweetens bid to woo Jeff Bezos rocket company", "performance_score": 0, "site": "industriesnews.net", "participants_count": 0, "title_full": "Florida county sweetens bid to woo Jeff Bezos rocket company", "spam_score": 0.0, "site_type": "news", "published": "2015-09-02T10:14:00.000+03:00", "replies_count": 0, "uuid": "b268709c7c1ee5fdf0c5f54e7df9acdf65f472e3"}, "author": "", "url": "http://www.industriesnews.net/story?sid=s236354249&ampcid=400", "ord_in_thread": 0, "title": "Florida county sweetens bid to woo Jeff Bezos rocket company", "locations": ["Florida county"], "entities": {"persons": [], "locations": [], "organizations": []}, "highlightText": "", "language": "english", "persons": ["Jeff Bezos"], "text": " ", "external_links": [], "published": "2015-09-02T10:14:00.000+03:00", "crawled": "2015-09-02T22:28:02.510+03:00", "highlightTitle": ""}