{"organizations": ["Darpa"], "uuid": "b88c73e2f1d425984eabb7652f3bb35efaff6aae", "thread": {"social": {"gplus": {"shares": 0}, "pinterest": {"shares": 0}, "vk": {"shares": 0}, "linkedin": {"shares": 0}, "facebook": {"likes": 0, "shares": 0, "comments": 0}, "stumbledupon": {"shares": 0}}, "site_full": "www.i360gov.com", "main_image": "", "site_section": "http://feeds.feedburner.com/FederalGovernmentNewsRss-I360Gov", "section_title": "Government Policy, Business and Technology: i360 Gov", "url": "http://www.i360gov.com/US-military-news/2015/sep/28/darpa-s-robotic-hand-restores-sense-of-touch", "country": "US", "title": "Darpa’s Robotic Hand Restores Sense of Touch", "performance_score": 0, "site": "i360gov.com", "participants_count": 0, "title_full": "Darpa’s Robotic Hand Restores Sense of Touch", "spam_score": 0.0, "site_type": "news", "published": "2015-09-29T03:44:00.000+03:00", "replies_count": 0, "uuid": "b88c73e2f1d425984eabb7652f3bb35efaff6aae"}, "author": "", "url": "http://www.i360gov.com/US-military-news/2015/sep/28/darpa-s-robotic-hand-restores-sense-of-touch", "ord_in_thread": 0, "title": "Darpa’s Robotic Hand Restores Sense of Touch", "locations": [], "entities": {"persons": [], "locations": [], "organizations": []}, "highlightText": "", "language": "english", "persons": [], "text": "Concept tagging by the AlchemyAPI About \ni360Gov is an intelligent network of websites and e-newsletters that provides government business, policy and technology leaders with a single destination for the most important news and analysis regarding their agency strategies and initiatives. Contact Us", "external_links": [], "published": "2015-09-29T03:44:00.000+03:00", "crawled": "2015-09-30T00:57:23.158+03:00", "highlightTitle": ""}