{"organizations": [], "uuid": "3b10d8e7f4c73b7d7c858d64b75eb485e1a0fc1e", "thread": {"social": {"gplus": {"shares": 0}, "pinterest": {"shares": 0}, "vk": {"shares": 0}, "linkedin": {"shares": 0}, "facebook": {"likes": 0, "shares": 0, "comments": 0}, "stumbledupon": {"shares": 0}}, "site_full": "newsr.in", "main_image": "http://cdn.newsserve.net/newsR256.jpg", "site_section": "http://newsr.in/latest/Technology.htm", "section_title": "Technology: newsR", "url": "http://newsr.in/n/Technology/755890ojx/The-never-ending-Google-anti-trust-story-the.htm", "country": "US", "title": "The never-ending Google anti-trust story: the company could now face civil claims in Europe", "performance_score": 0, "site": "newsr.in", "participants_count": 1, "title_full": "The never-ending Google anti-trust story: the company could now face civil claims in Europe - newsR", "spam_score": 0.0, "site_type": "news", "published": "2015-09-01T03:00:00.000+03:00", "replies_count": 0, "uuid": "3b10d8e7f4c73b7d7c858d64b75eb485e1a0fc1e"}, "author": "newsr.in", "url": "http://newsr.in/n/Technology/755890ojx/The-never-ending-Google-anti-trust-story-the.htm", "ord_in_thread": 0, "title": "The never-ending Google anti-trust story: the company could now face civil claims in Europe", "locations": [], "entities": {"persons": [], "locations": [], "organizations": []}, "highlightText": "", "language": "english", "persons": [], "text": "It seems Google’s legal woes in Europe will never end. The European Commission has long been running an investigation into whether Google was guilty of anti-competitive behaviour in Europe, which finally resulted in a filing of charges in April and a warning of large fines in June. It may be next year – some six years after […] »", "external_links": [], "published": "2015-09-01T03:00:00.000+03:00", "crawled": "2015-09-01T21:52:18.836+03:00", "highlightTitle": ""}