{"organizations": [], "uuid": "ac1d0c6e793d95a8229734cff06d25d41f0160eb", "thread": {"social": {"gplus": {"shares": 0}, "pinterest": {"shares": 0}, "vk": {"shares": 0}, "linkedin": {"shares": 0}, "facebook": {"likes": 0, "shares": 0, "comments": 0}, "stumbledupon": {"shares": 0}}, "site_full": "www.naval-technology.com", "main_image": "", "site_section": "http://www.naval-technology.com/feeds/site-feed.xml", "section_title": "Naval Technology-Updates", "url": "http://www.naval-technology.com/downloads/whitepapers/stealth/high-speed-processing-boards/", "country": "", "title": "High-Speed Processing Boards for Demanding Naval Applications", "performance_score": 0, "site": "naval-technology.com", "participants_count": 0, "title_full": "High-Speed Processing Boards for Demanding Naval Applications", "spam_score": 0.0, "site_type": "news", "published": "2015-09-01T11:38:00.000+03:00", "replies_count": 0, "uuid": "ac1d0c6e793d95a8229734cff06d25d41f0160eb"}, "author": "", "url": "http://www.naval-technology.com/downloads/whitepapers/stealth/high-speed-processing-boards/", "ord_in_thread": 0, "title": "High-Speed Processing Boards for Demanding Naval Applications", "locations": [], "entities": {"persons": [], "locations": [], "organizations": []}, "highlightText": "", "language": "english", "persons": ["ISPAS"], "text": "High-Speed Processing Boards for Demanding Naval Applications 01 September 2015 by ISPAS \nISPAS supplies high-speed motherboards for signal and radar processing systems. \nThese specialised, high-tech boards are designed to excel in the next-generation of compact, high-performance signal processing systems. \nPlease download the free paper for more information about how these motherboards can benefit naval applications such as image processing, sonar and ultrasound. Available Downloads", "external_links": [], "published": "2015-09-01T11:38:00.000+03:00", "crawled": "2015-09-01T12:58:50.392+03:00", "highlightTitle": ""}