{"organizations": ["Google"], "uuid": "c3369e1fd8ad3ef6970a423c8e0a60123f4f1c33", "thread": {"social": {"gplus": {"shares": 0}, "pinterest": {"shares": 0}, "vk": {"shares": 0}, "linkedin": {"shares": 0}, "facebook": {"likes": 0, "shares": 0, "comments": 0}, "stumbledupon": {"shares": 0}}, "site_full": "www.industriesnews.net", "main_image": "", "site_section": "http://www.industriesnews.net/rss.php/?ind=technology", "section_title": "industriesnews.net  - Breaking Technology News latest RSS headlines", "url": "http://www.industriesnews.net/story?sid=s236317205&cid=400", "country": "US", "title": "Cool but costly Google OnHub review roundup", "performance_score": 0, "site": "industriesnews.net", "participants_count": 0, "title_full": "Cool but costly Google OnHub review roundup", "spam_score": 0.0, "site_type": "news", "published": "2015-09-01T10:21:00.000+03:00", "replies_count": 0, "uuid": "c3369e1fd8ad3ef6970a423c8e0a60123f4f1c33"}, "author": "", "url": "http://www.industriesnews.net/story?sid=s236317205&cid=400", "ord_in_thread": 0, "title": "Cool but costly Google OnHub review roundup", "locations": [], "entities": {"persons": [], "locations": [], "organizations": []}, "highlightText": "", "language": "english", "persons": [], "text": " ", "external_links": [], "published": "2015-09-01T10:21:00.000+03:00", "crawled": "2015-09-02T02:23:20.362+03:00", "highlightTitle": ""}