{"organizations": ["Samsung"], "uuid": "0b1aa7012f492e064942926e31ff96df71b4e74b", "thread": {"social": {"gplus": {"shares": 0}, "pinterest": {"shares": 0}, "vk": {"shares": 0}, "linkedin": {"shares": 0}, "facebook": {"likes": 0, "shares": 0, "comments": 0}, "stumbledupon": {"shares": 0}}, "site_full": "www.industriesnews.net", "main_image": "", "site_section": "http://www.industriesnews.net/rss.php/?ind=technology", "section_title": "industriesnews.net  - Breaking Technology News latest RSS headlines", "url": "http://www.industriesnews.net/story?sid=s236319457&cid=400", "country": "US", "title": "Samsung reveals the Round Gear S2 it hopes will take on Apple", "performance_score": 0, "site": "industriesnews.net", "participants_count": 0, "title_full": "Samsung reveals the Round Gear S2 it hopes will take on Apple", "spam_score": 0.0, "site_type": "news", "published": "2015-09-01T10:31:00.000+03:00", "replies_count": 0, "uuid": "0b1aa7012f492e064942926e31ff96df71b4e74b"}, "author": "", "url": "http://www.industriesnews.net/story?sid=s236319457&cid=400", "ord_in_thread": 0, "title": "Samsung reveals the Round Gear S2 it hopes will take on Apple", "locations": [], "entities": {"persons": [], "locations": [], "organizations": []}, "highlightText": "", "language": "english", "persons": [], "text": " ", "external_links": [], "published": "2015-09-01T10:31:00.000+03:00", "crawled": "2015-09-02T02:19:21.231+03:00", "highlightTitle": ""}