{"organizations": [], "uuid": "671ada94a9ef7a50ea3e9c208fc5f510b641ef21", "thread": {"social": {"gplus": {"shares": 0}, "pinterest": {"shares": 0}, "vk": {"shares": 0}, "linkedin": {"shares": 0}, "facebook": {"likes": 0, "shares": 0, "comments": 0}, "stumbledupon": {"shares": 0}}, "site_full": "www.prbuzz.com", "main_image": "", "site_section": "https://www.prbuzz.com/technology.html", "section_title": "Technology", "url": "https://www.prbuzz.com/technology/345298-article-posted-on-cbre-closes-on-acquisition-of-johnson-controls-global-workplace-solutions.html", "country": "US", "title": "Article Posted on: CBRE Closes On Acquisition Of Johnson Controls’ Global Workplace Solutions", "performance_score": 0, "site": "prbuzz.com", "participants_count": 1, "title_full": "Article Posted on: CBRE Closes On Acquisition Of Johnson Controls’ Global Workplace Solutions", "spam_score": 0.0, "site_type": "news", "published": "2015-09-02T03:00:00.000+03:00", "replies_count": 0, "uuid": "671ada94a9ef7a50ea3e9c208fc5f510b641ef21"}, "author": "prbuzz.com", "url": "https://www.prbuzz.com/technology/345298-article-posted-on-cbre-closes-on-acquisition-of-johnson-controls-global-workplace-solutions.html", "ord_in_thread": 0, "title": "Article Posted on: CBRE Closes On Acquisition Of Johnson Controls’ Global Workplace Solutions", "locations": [], "entities": {"persons": [], "locations": [], "organizations": []}, "highlightText": "", "language": "english", "persons": [], "text": "CBRE Group, Inc. has announced today that it has closed the acquisition of Johnson Controls, Inc.’s Global Workplace Solutions (GWS) business. GWS is a provider of enterprise facilities management solutions for global corporations and other large occupiers of commercial real estate. GWS had revenue of more than $3 billion in calendar year 2014.\n“This is a very exciting step for CBRE,” said Bob Sulentic, the company’s president and CEO. “It advances our strategy of delivering the highest quality, globally integrated services to major occupiers and builds our relationships with many of the world’s most prominent corporations. We are helping our clients to enhance their competitive position by aligning every aspect of how they lease, own, use, and operate real estate.”\nThe advantages of outsourcing real estate services, coupled with the quality of CBRE’s offering, have fueled long-term, double digit revenue growth for its occupier outsourcing business line.\nThe addition of GWS expertise around the world in technical engineering, supply chain management, critical facilities and other capabilities adds significantly to CBRE’s robust service offering for occupiers. GWS is the largest provider of facilities management services outside the U.S., while CBRE’s facilities management services are weighted to the Americas.\nRead Entire Article at: http://realstreettech.com/cbre-closes-on-acquisition-of-johnson-controls-global-workplace-solutions/\nAbout Us:\nTechnology’s impact on commercial real estate is moving at an exponential rate. During this critical time for commercial real estate, Real Street Tech delivers news, research, and product coverage to help you evaluate the trends and choose the tools you need to navigate this evolving landscape.\nFor more information, kindly contact:\nMary Ellen McCandless\nTel:+1-732-559-1272\nToll Free: 800-524-0337\nEmail: This email address is being protected from spambots. You need JavaScript enabled to view it.", "external_links": ["http://realstreettech.com/cbre-closes-on-acquisition-of-johnson-controls-global-workplace-solutions/"], "published": "2015-09-02T03:00:00.000+03:00", "crawled": "2015-09-02T17:28:10.405+03:00", "highlightTitle": ""}