{"organizations": [], "uuid": "782f0d784f30d8aca7f1066014511f64e3891496", "thread": {"social": {"gplus": {"shares": 0}, "pinterest": {"shares": 0}, "vk": {"shares": 0}, "linkedin": {"shares": 0}, "facebook": {"likes": 0, "shares": 0, "comments": 0}, "stumbledupon": {"shares": 0}}, "site_full": "feeds.reuters.com", "main_image": "", "site_section": "http://feeds.reuters.com/reuters/technologysectorNews", "section_title": "Reuters: Technology", "url": "http://feeds.reuters.com/~r/reuters/technologysectorNews/~3/lA837oIL01E/story01.htm", "country": "US", "title": "NetEnt says approved to go live in New Jersey", "performance_score": 0, "site": "reuters.com", "participants_count": 1, "title_full": "BRIEF-NetEnt says approved to go live in New Jersey | Reuters", "spam_score": 0.0, "site_type": "news", "published": "2015-09-01T09:37:00.000+03:00", "replies_count": 0, "uuid": "782f0d784f30d8aca7f1066014511f64e3891496"}, "author": "Reuters", "url": "http://feeds.reuters.com/~r/reuters/technologysectorNews/~3/lA837oIL01E/story01.htm", "ord_in_thread": 0, "title": "NetEnt says approved to go live in New Jersey", "locations": [], "entities": {"persons": [], "locations": [], "organizations": []}, "highlightText": "", "language": "english", "persons": [], "text": "Sept 1 Netent Publ :\n* Says approved to go live in New Jersey\n* Says has received a transactional waiver from the New Jersey Division of Gaming Enforcement, allowing it to launch its digital gaming products via Borgata and bwin.party brands. Link to press release: here ", "external_links": ["https://newsclient.omxgroup.com/cds/DisclosureAttachmentServlet?messageAttachmentId=529070"], "published": "2015-09-01T09:37:00.000+03:00", "crawled": "2015-09-01T10:12:06.274+03:00", "highlightTitle": ""}