{"organizations": [], "uuid": "6e9030bc8fa1ceb94cb721dc3ac5c18afc1201e8", "thread": {"social": {"gplus": {"shares": 0}, "pinterest": {"shares": 0}, "vk": {"shares": 0}, "linkedin": {"shares": 0}, "facebook": {"likes": 0, "shares": 0, "comments": 0}, "stumbledupon": {"shares": 0}}, "site_full": "www.industriesnews.net", "main_image": "", "site_section": "http://www.industriesnews.net/rss.php/?ind=technology", "section_title": "industriesnews.net  - Breaking Technology News latest RSS headlines", "url": "http://www.industriesnews.net/story?sid=s236370731&ampcid=400", "country": "US", "title": "U.S. cyber security firm Tanium valued at $3.5 billion", "performance_score": 0, "site": "industriesnews.net", "participants_count": 0, "title_full": "U.S. cyber security firm Tanium valued at $3.5 billion", "spam_score": 0.0, "site_type": "news", "published": "2015-09-02T19:13:00.000+03:00", "replies_count": 0, "uuid": "6e9030bc8fa1ceb94cb721dc3ac5c18afc1201e8"}, "author": "", "url": "http://www.industriesnews.net/story?sid=s236370731&ampcid=400", "ord_in_thread": 0, "title": "U.S. cyber security firm Tanium valued at $3.5 billion", "locations": ["U.S."], "entities": {"persons": [], "locations": [], "organizations": []}, "highlightText": "", "language": "english", "persons": [], "text": " ", "external_links": [], "published": "2015-09-02T19:13:00.000+03:00", "crawled": "2015-09-03T09:31:02.926+03:00", "highlightTitle": ""}