{"organizations": ["Amazon"], "uuid": "50c6cd9e26123c89b0b8fe95e5a272bf0f347794", "thread": {"social": {"gplus": {"shares": 0}, "pinterest": {"shares": 0}, "vk": {"shares": 0}, "linkedin": {"shares": 0}, "facebook": {"likes": 0, "shares": 0, "comments": 0}, "stumbledupon": {"shares": 0}}, "site_full": "www.industriesnews.net", "main_image": "", "site_section": "http://www.industriesnews.net/rss.php/?ind=technology", "section_title": "industriesnews.net  - Breaking Technology News latest RSS headlines", "url": "http://www.industriesnews.net/story?sid=s236357259&ampcid=400", "country": "US", "title": "Amazon launches Kindle Unlimited subscription service in India", "performance_score": 0, "site": "industriesnews.net", "participants_count": 0, "title_full": "Amazon launches Kindle Unlimited subscription service in India", "spam_score": 0.0, "site_type": "news", "published": "2015-09-02T14:00:00.000+03:00", "replies_count": 0, "uuid": "50c6cd9e26123c89b0b8fe95e5a272bf0f347794"}, "author": "", "url": "http://www.industriesnews.net/story?sid=s236357259&ampcid=400", "ord_in_thread": 0, "title": "Amazon launches Kindle Unlimited subscription service in India", "locations": ["India Amazon", "India"], "entities": {"persons": [], "locations": [], "organizations": []}, "highlightText": "", "language": "english", "persons": [], "text": "Amazon launches Kindle Unlimited subscription service in India \nTechnology Industry News.Net (ANI) : Wednesday 2nd September, 2015 \nAmazon has launched its Kindle Unlimited which is Amazon's 'all-you-can-read' subscription service in India. \nAccording to TechCrunch, the price for a one-month plan is at Rs. 99, but that will increase to Rs. 199 at the end of that month. \nAmazon was one of the first companies to launch an e-reader in India when it made the Kindle available there in 2012. In terms of content, the Kindle Unlimited plan is up against Flipkart, which operates India's largest e-book platform. \nThis is the first Asia launch for Kindle Unlimited, which is currently also available in the U.S., the United Kingdom, Germany, France, Italy, Spain, Brazil, Mexico and Canada. (ANI) More Technology Industry News  ", "external_links": [], "published": "2015-09-02T14:00:00.000+03:00", "crawled": "2015-09-03T09:23:59.594+03:00", "highlightTitle": ""}