{"organizations": ["China State Department"], "uuid": "2deb7c41ac5af6f708678c43ff4b63ba56f1d179", "thread": {"social": {"gplus": {"shares": 0}, "pinterest": {"shares": 0}, "vk": {"shares": 0}, "linkedin": {"shares": 0}, "facebook": {"likes": 0, "shares": 0, "comments": 0}, "stumbledupon": {"shares": 0}}, "site_full": "www.industriesnews.net", "main_image": "", "site_section": "http://www.industriesnews.net/rss.php/?ind=technology", "section_title": "industriesnews.net  - Breaking Technology News latest RSS headlines", "url": "http://www.industriesnews.net/story?sid=s236362827&ampcid=400", "country": "US", "title": "As Google Prepared To Exit China State Department Pushed For Expo Sponsorship", "performance_score": 0, "site": "industriesnews.net", "participants_count": 0, "title_full": "As Google Prepared To Exit China State Department Pushed For Expo Sponsorship", "spam_score": 0.0, "site_type": "news", "published": "2015-09-02T19:25:00.000+03:00", "replies_count": 0, "uuid": "2deb7c41ac5af6f708678c43ff4b63ba56f1d179"}, "author": "", "url": "http://www.industriesnews.net/story?sid=s236362827&ampcid=400", "ord_in_thread": 0, "title": "As Google Prepared To Exit China State Department Pushed For Expo Sponsorship", "locations": [], "entities": {"persons": [], "locations": [], "organizations": []}, "highlightText": "", "language": "english", "persons": [], "text": " ", "external_links": [], "published": "2015-09-02T19:25:00.000+03:00", "crawled": "2015-09-03T09:27:01.272+03:00", "highlightTitle": ""}