{"organizations": [], "uuid": "e0966fb82c550361fc01f10a15f054afb5078473", "thread": {"social": {"gplus": {"shares": 0}, "pinterest": {"shares": 0}, "vk": {"shares": 0}, "linkedin": {"shares": 0}, "facebook": {"likes": 0, "shares": 0, "comments": 0}, "stumbledupon": {"shares": 0}}, "site_full": "www.industriesnews.net", "main_image": "", "site_section": "http://www.industriesnews.net/rss.php/?ind=technology", "section_title": "industriesnews.net  - Breaking Technology News latest RSS headlines", "url": "http://www.industriesnews.net/story?sid=s236319373&cid=400", "country": "US", "title": "Now just chat to get your food or ticket delivered", "performance_score": 0, "site": "industriesnews.net", "participants_count": 0, "title_full": "Now just chat to get your food or ticket delivered", "spam_score": 0.0, "site_type": "news", "published": "2015-09-01T10:24:00.000+03:00", "replies_count": 0, "uuid": "e0966fb82c550361fc01f10a15f054afb5078473"}, "author": "", "url": "http://www.industriesnews.net/story?sid=s236319373&cid=400", "ord_in_thread": 0, "title": "Now just chat to get your food or ticket delivered", "locations": [], "entities": {"persons": [], "locations": [], "organizations": []}, "highlightText": "", "language": "english", "persons": [], "text": " ", "external_links": [], "published": "2015-09-01T10:24:00.000+03:00", "crawled": "2015-09-02T02:22:15.759+03:00", "highlightTitle": ""}