{"organizations": [], "uuid": "1d5da0512d9873bb462dda34bb69ad897df88591", "thread": {"social": {"gplus": {"shares": 0}, "pinterest": {"shares": 0}, "vk": {"shares": 0}, "linkedin": {"shares": 0}, "facebook": {"likes": 0, "shares": 0, "comments": 0}, "stumbledupon": {"shares": 0}}, "site_full": "www.nola.com", "main_image": "http://imgick.nola.com/home/nola-media/width620/img/business_impact/photo/18661617-standard.jpg", "site_section": "http://www.nola.com/science/", "section_title": "New Orleans Science &amp; Technology News - NOLA.com ", "url": "http://www.nola.com/business/index.ssf/2015/08/shell_resumes_operations_after.html", "country": "US", "title": "Shell resumes operations after storm forces Arctic stop", "performance_score": 0, "site": "nola.com", "participants_count": 1, "title_full": "Shell resumes operations after storm forces Arctic stop | NOLA.com", "spam_score": 0.0, "site_type": "news", "published": "2015-09-01T05:52:00.000+03:00", "replies_count": 0, "uuid": "1d5da0512d9873bb462dda34bb69ad897df88591"}, "author": "The Associated Press", "url": "http://www.nola.com/business/index.ssf/2015/08/shell_resumes_operations_after.html", "ord_in_thread": 0, "title": "Shell resumes operations after storm forces Arctic stop", "locations": [], "entities": {"persons": [], "locations": [], "organizations": []}, "highlightText": "", "language": "english", "persons": [], "text": "ANCHORAGE, Alaska — Royal Dutch Shell PLC has resumed operations after high winds and rough seas north of Alaska's northern coast put a temporary stop to exploratory drilling in the Arctic Ocean.\nBut Shell spokesman Curtis Smith says in a Monday email to The Associated Press that full operations, including drilling, will start again once a systems check is complete and the company is satisfied it's safe to start drilling again.\nHe says there's no timeline for that to be completed.\nShell has resumed drilling in the Arctic Ocean for the first time since 2012.\nBad weather has postponed previous drilling operations, and Shell has said it plans for it. Bad weather affected previous drilling in both the Chukchi and Beaufort seas.", "external_links": [], "published": "2015-09-01T05:52:00.000+03:00", "crawled": "2015-09-01T15:54:53.304+03:00", "highlightTitle": ""}