{"organizations": [], "uuid": "327e68870888018cea3d19a33bae0644dca8d70c", "thread": {"social": {"gplus": {"shares": 0}, "pinterest": {"shares": 0}, "vk": {"shares": 0}, "linkedin": {"shares": 0}, "facebook": {"likes": 0, "shares": 0, "comments": 0}, "stumbledupon": {"shares": 0}}, "site_full": "www.news24.com", "main_image": "http://cdn.24.co.za/files/Cms/General/d/3200/74866e6148954c6b8d3feefa9bf988c2.jpg", "site_section": "http://www.news24.com/", "section_title": "News24, South Africa's premier news source, provides breaking news on national, world, Africa, sport, entertainment, technology &amp; more. ", "url": "http://www.news24.com/Green/News/Bahamas-unveils-national-park-to-protect-endangered-birds-20150901", "country": "ZA", "title": "Bahamas unveils national park to protect endangered birds", "performance_score": 0, "site": "news24.com", "participants_count": 1, "title_full": "Bahamas unveils national park to protect endangered birds | News24", "spam_score": 0.0, "site_type": "news", "published": "2015-09-02T20:00:00.000+03:00", "replies_count": 0, "uuid": "327e68870888018cea3d19a33bae0644dca8d70c"}, "author": "news24.com", "url": "http://www.news24.com/Green/News/Bahamas-unveils-national-park-to-protect-endangered-birds-20150901", "ord_in_thread": 0, "title": "Bahamas unveils national park to protect endangered birds", "locations": [], "entities": {"persons": [], "locations": [], "organizations": []}, "highlightText": "", "language": "english", "persons": [], "text": "Nassau - The Bahamas has unveiled a new national park to help protect the winter homes of endangered Atlantic Coast shorebirds.\nThe Joulter Cays National Park covers nearly 46 140ha of uninhabited islands and sand flats northwest of Nassau. The designation will prohibit sand mining and recreational and commercial uses of that area.\nThe National Audubon Society said on Tuesday it worked on the park's proposal along with the Bahamas National Trust.\nThe Joulter Cays are a popular winter destination for 13 bird species including piping plovers and red knots.", "external_links": [], "published": "2015-09-02T20:00:00.000+03:00", "crawled": "2015-09-02T16:02:33.050+03:00", "highlightTitle": ""}