{"organizations": [], "uuid": "49891ca24699e2c3b25a5861e6d77aec387e3ed8", "thread": {"social": {"gplus": {"shares": 0}, "pinterest": {"shares": 0}, "vk": {"shares": 0}, "linkedin": {"shares": 0}, "facebook": {"likes": 0, "shares": 0, "comments": 0}, "stumbledupon": {"shares": 0}}, "site_full": "www.industriesnews.net", "main_image": "", "site_section": "http://www.industriesnews.net/rss.php/?ind=technology", "section_title": "industriesnews.net  - Breaking Technology News latest RSS headlines", "url": "http://www.industriesnews.net/story?sid=s236340793&ampcid=400", "country": "US", "title": "Imogen Anthony puts cleavage on Instagram as she teases new fashion range", "performance_score": 0, "site": "industriesnews.net", "participants_count": 0, "title_full": "Imogen Anthony puts cleavage on Instagram as she teases new fashion range", "spam_score": 0.0, "site_type": "news", "published": "2015-09-02T10:33:00.000+03:00", "replies_count": 0, "uuid": "49891ca24699e2c3b25a5861e6d77aec387e3ed8"}, "author": "", "url": "http://www.industriesnews.net/story?sid=s236340793&ampcid=400", "ord_in_thread": 0, "title": "Imogen Anthony puts cleavage on Instagram as she teases new fashion range", "locations": [], "entities": {"persons": [], "locations": [], "organizations": []}, "highlightText": "", "language": "english", "persons": ["Imogen Anthony", "Instagram"], "text": " ", "external_links": [], "published": "2015-09-02T10:33:00.000+03:00", "crawled": "2015-09-02T22:22:22.301+03:00", "highlightTitle": ""}