{"organizations": [], "uuid": "24ffbe018a180c080e90d89d569776789dba7255", "thread": {"social": {"gplus": {"shares": 0}, "pinterest": {"shares": 0}, "vk": {"shares": 0}, "linkedin": {"shares": 0}, "facebook": {"likes": 0, "shares": 0, "comments": 0}, "stumbledupon": {"shares": 0}}, "site_full": "www.i360gov.com", "main_image": "", "site_section": "http://feeds.feedburner.com/FederalGovernmentNewsRss-I360Gov", "section_title": "Government Policy, Business and Technology: i360 Gov", "url": "http://www.i360gov.com/education-news/2015/sep/04/15-great-resources-for-introducing-coding-to-the-classroom", "country": "US", "title": "15+ great resources for introducing coding to the classroom", "performance_score": 0, "site": "i360gov.com", "participants_count": 0, "title_full": "15+ great resources for introducing coding to the classroom", "spam_score": 0.0, "site_type": "news", "published": "2015-09-04T15:26:00.000+03:00", "replies_count": 0, "uuid": "24ffbe018a180c080e90d89d569776789dba7255"}, "author": "", "url": "http://www.i360gov.com/education-news/2015/sep/04/15-great-resources-for-introducing-coding-to-the-classroom", "ord_in_thread": 0, "title": "15+ great resources for introducing coding to the classroom", "locations": [], "entities": {"persons": [], "locations": [], "organizations": []}, "highlightText": "", "language": "english", "persons": [], "text": "04 15+ great resources for introducing coding to the classroom \neSchool News: As the world continues to become more and more digital, the number of computer science jobs in this country is rising three times faster than the number of computer science graduates. The problem-solving and logical reasoning skills involved computer programming, as well as the ability to think critically and algorithmically, provide a foundation for virtually every career. It’s no wonder that there has been a surge of interest in having students, particularly those in grades K through 12, learn computer science.", "external_links": [], "published": "2015-09-04T15:26:00.000+03:00", "crawled": "2015-09-04T17:59:49.022+03:00", "highlightTitle": ""}