{"organizations": [], "uuid": "0e7b00c13feb2027b671bff8e9cb92c73e6e84a3", "thread": {"social": {"gplus": {"shares": 0}, "pinterest": {"shares": 0}, "vk": {"shares": 0}, "linkedin": {"shares": 0}, "facebook": {"likes": 0, "shares": 0, "comments": 0}, "stumbledupon": {"shares": 0}}, "site_full": "newsr.in", "main_image": "http://cdn.newsserve.net/i/20150909/3133-Apple-unveils-monstrous-new-iPad-Pro-goes-against.jpg", "site_section": "http://newsr.in/latest/Technology.htm", "section_title": "Technology: newsR", "url": "http://newsr.in/n/Technology/755896n5i/Apple-unveils-monstrous-new-iPad-Pro-goes-against.htm", "country": "US", "title": "Apple unveils monstrous new iPad Pro, goes against Steve Jobs vision with stylus", "performance_score": 0, "site": "newsr.in", "participants_count": 1, "title_full": "Apple unveils monstrous new iPad Pro, goes against Steve Jobs vision with stylus - newsR", "spam_score": 0.0, "site_type": "news", "published": "2015-09-09T03:00:00.000+03:00", "replies_count": 0, "uuid": "0e7b00c13feb2027b671bff8e9cb92c73e6e84a3"}, "author": "newsr.in", "url": "http://newsr.in/n/Technology/755896n5i/Apple-unveils-monstrous-new-iPad-Pro-goes-against.htm", "ord_in_thread": 0, "title": "Apple unveils monstrous new iPad Pro, goes against Steve Jobs vision with stylus", "locations": [], "entities": {"persons": [], "locations": [], "organizations": []}, "highlightText": "", "language": "english", "persons": [], "text": "Apple CEO, Tim Cook, hyped up the crowd at its special event talking about a “transformed” iPad. “How could we take the iPad even further?” he asked. Well, by making it bigger and more of […] »", "external_links": ["http://cdn.newsserve.net/i/20150909/3133-Apple-unveils-monstrous-new-iPad-Pro-goes-against.jpg"], "published": "2015-09-09T03:00:00.000+03:00", "crawled": "2015-09-09T23:35:48.451+03:00", "highlightTitle": ""}