{"organizations": [], "uuid": "ef90b9c95edb9595ed75c00fb67cb8312557f4b1", "thread": {"social": {"gplus": {"shares": 0}, "pinterest": {"shares": 0}, "vk": {"shares": 0}, "linkedin": {"shares": 0}, "facebook": {"likes": 0, "shares": 0, "comments": 0}, "stumbledupon": {"shares": 0}}, "site_full": "www.industriesnews.net", "main_image": "", "site_section": "http://www.industriesnews.net/rss.php/?ind=technology", "section_title": "industriesnews.net  - Breaking Technology News latest RSS headlines", "url": "http://www.industriesnews.net/story?sid=s236356211&ampcid=400", "country": "US", "title": "Instagram overhauls direct messaging so you might actually use it Heres whats new", "performance_score": 0, "site": "industriesnews.net", "participants_count": 0, "title_full": "Instagram overhauls direct messaging so you might actually use it Heres whats new", "spam_score": 0.0, "site_type": "news", "published": "2015-09-02T10:44:00.000+03:00", "replies_count": 0, "uuid": "ef90b9c95edb9595ed75c00fb67cb8312557f4b1"}, "author": "", "url": "http://www.industriesnews.net/story?sid=s236356211&ampcid=400", "ord_in_thread": 0, "title": "Instagram overhauls direct messaging so you might actually use it Heres whats new", "locations": [], "entities": {"persons": [], "locations": [], "organizations": []}, "highlightText": "", "language": "english", "persons": [], "text": " ", "external_links": [], "published": "2015-09-02T10:44:00.000+03:00", "crawled": "2015-09-02T22:21:04.826+03:00", "highlightTitle": ""}