{"organizations": ["New Google Science"], "uuid": "f1d63c606fe45aa40e1dd34dac5d0792de3eb365", "thread": {"social": {"gplus": {"shares": 0}, "pinterest": {"shares": 0}, "vk": {"shares": 0}, "linkedin": {"shares": 0}, "facebook": {"likes": 0, "shares": 0, "comments": 0}, "stumbledupon": {"shares": 0}}, "site_full": "www.industriesnews.net", "main_image": "", "site_section": "http://www.industriesnews.net/rss.php/?ind=technology", "section_title": "industriesnews.net  - Breaking Technology News latest RSS headlines", "url": "http://www.industriesnews.net/story?sid=s236317213&cid=400", "country": "US", "title": "4 New Google Science and Technology Innovations To Watch", "performance_score": 0, "site": "industriesnews.net", "participants_count": 0, "title_full": "4 New Google Science and Technology Innovations To Watch", "spam_score": 0.0, "site_type": "news", "published": "2015-09-01T10:08:00.000+03:00", "replies_count": 0, "uuid": "f1d63c606fe45aa40e1dd34dac5d0792de3eb365"}, "author": "", "url": "http://www.industriesnews.net/story?sid=s236317213&cid=400", "ord_in_thread": 0, "title": "4 New Google Science and Technology Innovations To Watch", "locations": [], "entities": {"persons": [], "locations": [], "organizations": []}, "highlightText": "", "language": "english", "persons": [], "text": " ", "external_links": [], "published": "2015-09-01T10:08:00.000+03:00", "crawled": "2015-09-02T02:27:55.352+03:00", "highlightTitle": ""}