{"organizations": [], "uuid": "a84f4a03c6f4ed3e64bfa94d777172eefc886178", "thread": {"social": {"gplus": {"shares": 0}, "pinterest": {"shares": 0}, "vk": {"shares": 0}, "linkedin": {"shares": 0}, "facebook": {"likes": 0, "shares": 0, "comments": 0}, "stumbledupon": {"shares": 0}}, "site_full": "feeds.reuters.com", "main_image": "", "site_section": "http://feeds.reuters.com/reuters/technologysectorNews", "section_title": "Reuters: Technology", "url": "http://feeds.reuters.com/~r/reuters/technologysectorNews/~3/c2gCYX0zfac/story01.htm", "country": "US", "title": "BRIEF-Fingerprint's sensors selected for Nextbit's smartphone Robin", "performance_score": 0, "site": "reuters.com", "participants_count": 1, "title_full": "BRIEF-Fingerprint's sensors selected for Nextbit's smartphone Robin | Reuters", "spam_score": 0.0, "site_type": "news", "published": "2015-09-02T10:15:00.000+03:00", "replies_count": 0, "uuid": "a84f4a03c6f4ed3e64bfa94d777172eefc886178"}, "author": "Reuters", "url": "http://feeds.reuters.com/~r/reuters/technologysectorNews/~3/c2gCYX0zfac/story01.htm", "ord_in_thread": 0, "title": "BRIEF-Fingerprint's sensors selected for Nextbit's smartphone Robin", "locations": [], "entities": {"persons": [], "locations": [], "organizations": []}, "highlightText": "", "language": "english", "persons": [], "text": "Sept 2 Fingerprint Cards\n* Says touch fingerprint sensor FPC1145 in Nextbit's smartphone Robin Source text for Eikon: Further company coverage: (Stockholm Newsroom)", "external_links": [], "published": "2015-09-02T10:15:00.000+03:00", "crawled": "2015-09-02T10:13:08.289+03:00", "highlightTitle": ""}