{"organizations": ["Google"], "uuid": "3c612be3a9c5811591fff75f001670126adbf2e0", "thread": {"social": {"gplus": {"shares": 0}, "pinterest": {"shares": 0}, "vk": {"shares": 0}, "linkedin": {"shares": 0}, "facebook": {"likes": 0, "shares": 0, "comments": 0}, "stumbledupon": {"shares": 0}}, "site_full": "www.industriesnews.net", "main_image": "", "site_section": "http://www.industriesnews.net/rss.php/?ind=technology", "section_title": "industriesnews.net  - Breaking Technology News latest RSS headlines", "url": "http://www.industriesnews.net/story?sid=s236392211&ampcid=400", "country": "US", "title": "Google Classroom Launches Chrome Extension So Teachers Can Instantly Share Links With The Entire Class", "performance_score": 0, "site": "industriesnews.net", "participants_count": 0, "title_full": "Google Classroom Launches Chrome Extension So Teachers Can Instantly Share Links With The Entire Class", "spam_score": 0.0, "site_type": "news", "published": "2015-09-03T10:06:00.000+03:00", "replies_count": 0, "uuid": "3c612be3a9c5811591fff75f001670126adbf2e0"}, "author": "", "url": "http://www.industriesnews.net/story?sid=s236392211&ampcid=400", "ord_in_thread": 0, "title": "Google Classroom Launches Chrome Extension So Teachers Can Instantly Share Links With The Entire Class", "locations": [], "entities": {"persons": [], "locations": [], "organizations": []}, "highlightText": "", "language": "english", "persons": [], "text": " ", "external_links": [], "published": "2015-09-03T10:06:00.000+03:00", "crawled": "2015-09-03T20:04:24.841+03:00", "highlightTitle": ""}