{"organizations": ["Facebook Post"], "uuid": "d78bfdc03b5c62029485ec0e25d9a393de127761", "thread": {"social": {"gplus": {"shares": 0}, "pinterest": {"shares": 0}, "vk": {"shares": 0}, "linkedin": {"shares": 0}, "facebook": {"likes": 0, "shares": 0, "comments": 0}, "stumbledupon": {"shares": 0}}, "site_full": "www.industriesnews.net", "main_image": "", "site_section": "http://www.industriesnews.net/rss.php/?ind=technology", "section_title": "industriesnews.net  - Breaking Technology News latest RSS headlines", "url": "http://www.industriesnews.net/story?sid=s236317161&cid=400", "country": "US", "title": "Kate Winslet Did Not Write This Facebook Post", "performance_score": 0, "site": "industriesnews.net", "participants_count": 0, "title_full": "Kate Winslet Did Not Write This Facebook Post", "spam_score": 0.0, "site_type": "news", "published": "2015-09-01T10:11:00.000+03:00", "replies_count": 0, "uuid": "d78bfdc03b5c62029485ec0e25d9a393de127761"}, "author": "", "url": "http://www.industriesnews.net/story?sid=s236317161&cid=400", "ord_in_thread": 0, "title": "Kate Winslet Did Not Write This Facebook Post", "locations": [], "entities": {"persons": [], "locations": [], "organizations": []}, "highlightText": "", "language": "english", "persons": ["Kate Winslet"], "text": " ", "external_links": [], "published": "2015-09-01T10:11:00.000+03:00", "crawled": "2015-09-02T02:26:07.417+03:00", "highlightTitle": ""}