{"organizations": ["Toshiba"], "uuid": "659ee1f67881d23fc96b48ba7465e2a2ad58a098", "thread": {"social": {"gplus": {"shares": 0}, "pinterest": {"shares": 0}, "vk": {"shares": 0}, "linkedin": {"shares": 0}, "facebook": {"likes": 0, "shares": 0, "comments": 0}, "stumbledupon": {"shares": 0}}, "site_full": "investor.biospace.com", "main_image": "", "site_section": "http://investor.biospace.com/biospace/action/rssfeed?Category=technology", "section_title": "News about technology", "url": "http://investor.biospace.com/biospace/news/read?GUID=30580076", "country": "US", "title": "Toshiba Posts Loss in Wake of Profit-Padding Scandal", "performance_score": 0, "site": "biospace.com", "participants_count": 0, "title_full": "Toshiba Posts Loss in Wake of Profit-Padding Scandal", "spam_score": 0.0, "site_type": "news", "published": "2015-09-08T16:35:00.000+03:00", "replies_count": 0, "uuid": "659ee1f67881d23fc96b48ba7465e2a2ad58a098"}, "author": "", "url": "http://investor.biospace.com/biospace/news/read?GUID=30580076", "ord_in_thread": 0, "title": "Toshiba Posts Loss in Wake of Profit-Padding Scandal", "locations": [], "entities": {"persons": [], "locations": [], "organizations": []}, "highlightText": "", "language": "english", "persons": [], "text": "September 08, 2015 at 09:35 AM EDT Toshiba Posts Loss in Wake of Profit-Padding Scandal Toshiba takes another step forward from its years-long numbers fudging, marked by a quarterly loss but a small bump at the stock market. read more", "external_links": [], "published": "2015-09-08T16:35:00.000+03:00", "crawled": "2015-09-08T17:08:54.817+03:00", "highlightTitle": ""}