{"organizations": [], "uuid": "30b614d78c05cbee5bfcaa8f44bbe7a8cd4c8b1d", "thread": {"social": {"gplus": {"shares": 0}, "pinterest": {"shares": 0}, "vk": {"shares": 0}, "linkedin": {"shares": 0}, "facebook": {"likes": 0, "shares": 0, "comments": 0}, "stumbledupon": {"shares": 0}}, "site_full": "feeds.reuters.com", "main_image": "", "site_section": "http://feeds.reuters.com/reuters/technologysectorNews", "section_title": "Reuters: Technology", "url": "http://feeds.reuters.com/~r/reuters/technologysectorNews/~3/FP5uuHBoW2I/story01.htm", "country": "US", "title": "WSE maintains resolutions to fine Air Market, Silesia One and Mennica Skarbowa", "performance_score": 0, "site": "reuters.com", "participants_count": 1, "title_full": "BRIEF-WSE maintains resolutions to fine Air Market, Silesia One and Mennica Skarbowa | Reuters", "spam_score": 0.0, "site_type": "news", "published": "2015-09-16T14:54:00.000+03:00", "replies_count": 0, "uuid": "30b614d78c05cbee5bfcaa8f44bbe7a8cd4c8b1d"}, "author": "Reuters", "url": "http://feeds.reuters.com/~r/reuters/technologysectorNews/~3/FP5uuHBoW2I/story01.htm", "ord_in_thread": 0, "title": "WSE maintains resolutions to fine Air Market, Silesia One and Mennica Skarbowa", "locations": [], "entities": {"persons": [], "locations": [], "organizations": []}, "highlightText": "", "language": "english", "persons": [], "text": "Sept 16 Warsaw Stock Exchange (WSE)\n* Said on Tuesday that after re-examining the imposition of 15,000 zloty fines on Air Market SA and Silesia One SA as well as 10,000 zloty fine on Mennica Skarbowa SA and hearing the opinion of WSE's supervisory board on the matter, its management decided to maintain the resolution from July 29\nSource text:\nbit.ly/1KRqjCC\nbit.ly/1KfwRri\nbit.ly/1KfytPD\n(Gdynia Newsroom)", "external_links": ["http://bit.ly/1KRqjCC", "http://bit.ly/1KfwRri", "http://bit.ly/1KfytPD"], "published": "2015-09-16T14:54:00.000+03:00", "crawled": "2015-09-16T16:30:32.187+03:00", "highlightTitle": ""}