{"organizations": ["Utah & Minnesota", "TCU"], "uuid": "f6286447b4785c3c958e84e3b1de61276c50aaf8", "thread": {"social": {"gplus": {"shares": 0}, "pinterest": {"shares": 0}, "vk": {"shares": 0}, "linkedin": {"shares": 0}, "facebook": {"likes": 0, "shares": 0, "comments": 0}, "stumbledupon": {"shares": 0}}, "site_full": "www.allmediany.com", "main_image": "", "site_section": "http://www.allmediany.com/rssService/BusinessTechnology.xml", "section_title": "Business  Technology", "url": "http://www.allmediany.com/news/54386-petbot-will-bribe-your-pet-with-treats-in-return-for-a-selfie", "country": "US", "title": "PetBot Will Bribe Your Pet With Treats in Return For a Selfie", "performance_score": 0, "site": "allmediany.com", "participants_count": 0, "title_full": "PetBot Will Bribe Your Pet With Treats in Return For a Selfie", "spam_score": 0.0, "site_type": "news", "published": "2015-09-03T09:11:00.000+03:00", "replies_count": 0, "uuid": "f6286447b4785c3c958e84e3b1de61276c50aaf8"}, "author": "", "url": "http://www.allmediany.com/news/54386-petbot-will-bribe-your-pet-with-treats-in-return-for-a-selfie", "ord_in_thread": 0, "title": "PetBot Will Bribe Your Pet With Treats in Return For a Selfie", "locations": ["Michigan"], "entities": {"persons": [], "locations": [], "organizations": []}, "highlightText": "", "language": "english", "persons": [], "text": "Big Ten Thursday Night Viewing Guide: Michigan @ Utah & Minnesota vs. TCU 3 September, 2015 \n-by T.J. Inman, Contributing Writer; Image: De’Veon Smith averaged 4.8 yards per carry in 2014. (Image Source: Getty Images) The college football season officially kicks off Thursday evening... More New York City Reaches Settlement in Suit Over Rikers Beating 3 September, 2015 \nCity officials said on Thursday that New York City has agreed to pay $450,000 to settle a civil lawsuit brought by a former Rikers Island inmate who was hog-tied and brutally beaten by correctional... More NYC Evening Traffic Report for Thursday, September 3 3 September, 2015 \n-by Trista McKenzie, Contributing Writer; Image: Yet again, the afternoon commute will see quite a bit of traffic on roadways, but at least the holiday is near... (Image Source: MTA) New York... More", "external_links": [], "published": "2015-09-03T09:11:00.000+03:00", "crawled": "2015-09-04T05:26:13.388+03:00", "highlightTitle": ""}