{"organizations": ["Google"], "uuid": "b7da66dbe312016e554380f02e930b5a50464f0f", "thread": {"social": {"gplus": {"shares": 0}, "pinterest": {"shares": 0}, "vk": {"shares": 0}, "linkedin": {"shares": 0}, "facebook": {"likes": 0, "shares": 0, "comments": 0}, "stumbledupon": {"shares": 0}}, "site_full": "www.industriesnews.net", "main_image": "", "site_section": "http://www.industriesnews.net/rss.php/?ind=technology", "section_title": "industriesnews.net  - Breaking Technology News latest RSS headlines", "url": "http://www.industriesnews.net/story?sid=s236353671&ampcid=400", "country": "US", "title": "Google Gives Iconic Logo A Major Overhaul", "performance_score": 0, "site": "industriesnews.net", "participants_count": 0, "title_full": "Google Gives Iconic Logo A Major Overhaul", "spam_score": 0.0, "site_type": "news", "published": "2015-09-02T10:14:00.000+03:00", "replies_count": 0, "uuid": "b7da66dbe312016e554380f02e930b5a50464f0f"}, "author": "", "url": "http://www.industriesnews.net/story?sid=s236353671&ampcid=400", "ord_in_thread": 0, "title": "Google Gives Iconic Logo A Major Overhaul", "locations": [], "entities": {"persons": [], "locations": [], "organizations": []}, "highlightText": "", "language": "english", "persons": [], "text": " ", "external_links": [], "published": "2015-09-02T10:14:00.000+03:00", "crawled": "2015-09-02T22:27:28.394+03:00", "highlightTitle": ""}