{"organizations": [], "uuid": "54d52935c81fe9f8857afa27c4620a7434b57f6a", "thread": {"social": {"gplus": {"shares": 0}, "pinterest": {"shares": 0}, "vk": {"shares": 0}, "linkedin": {"shares": 0}, "facebook": {"likes": 0, "shares": 0, "comments": 0}, "stumbledupon": {"shares": 0}}, "site_full": "www.industriesnews.net", "main_image": "", "site_section": "http://www.industriesnews.net/rss.php/?ind=technology", "section_title": "industriesnews.net  - Breaking Technology News latest RSS headlines", "url": "http://www.industriesnews.net/story?sid=s236337285&ampcid=400", "country": "US", "title": "Bonos group has made more money from Facebook investment than from all his music", "performance_score": 0, "site": "industriesnews.net", "participants_count": 0, "title_full": "Bonos group has made more money from Facebook investment than from all his music", "spam_score": 0.0, "site_type": "news", "published": "2015-09-02T10:21:00.000+03:00", "replies_count": 0, "uuid": "54d52935c81fe9f8857afa27c4620a7434b57f6a"}, "author": "", "url": "http://www.industriesnews.net/story?sid=s236337285&ampcid=400", "ord_in_thread": 0, "title": "Bonos group has made more money from Facebook investment than from all his music", "locations": [], "entities": {"persons": [], "locations": [], "organizations": []}, "highlightText": "", "language": "english", "persons": [], "text": " ", "external_links": [], "published": "2015-09-02T10:21:00.000+03:00", "crawled": "2015-09-02T22:26:09.273+03:00", "highlightTitle": ""}