{"organizations": [], "uuid": "5145ce450feab888a86daa48f6549bf1f1fd50f6", "thread": {"social": {"gplus": {"shares": 0}, "pinterest": {"shares": 0}, "vk": {"shares": 0}, "linkedin": {"shares": 0}, "facebook": {"likes": 0, "shares": 0, "comments": 0}, "stumbledupon": {"shares": 0}}, "site_full": "www.industriesnews.net", "main_image": "", "site_section": "http://www.industriesnews.net/rss.php/?ind=technology", "section_title": "industriesnews.net  - Breaking Technology News latest RSS headlines", "url": "http://www.industriesnews.net/story?sid=s236356167&ampcid=400", "country": "US", "title": "Rajasthan government plans to bring e-tailers under labour laws", "performance_score": 0, "site": "industriesnews.net", "participants_count": 0, "title_full": "Rajasthan government plans to bring e-tailers under labour laws", "spam_score": 0.0, "site_type": "news", "published": "2015-09-02T10:25:00.000+03:00", "replies_count": 0, "uuid": "5145ce450feab888a86daa48f6549bf1f1fd50f6"}, "author": "", "url": "http://www.industriesnews.net/story?sid=s236356167&ampcid=400", "ord_in_thread": 0, "title": "Rajasthan government plans to bring e-tailers under labour laws", "locations": [], "entities": {"persons": [], "locations": [], "organizations": []}, "highlightText": "", "language": "english", "persons": [], "text": " ", "external_links": [], "published": "2015-09-02T10:25:00.000+03:00", "crawled": "2015-09-02T22:25:27.786+03:00", "highlightTitle": ""}