{"organizations": [], "uuid": "bb2f0d0dd661580444359bba64033cd81353f27a", "thread": {"social": {"gplus": {"shares": 0}, "pinterest": {"shares": 0}, "vk": {"shares": 0}, "linkedin": {"shares": 0}, "facebook": {"likes": 0, "shares": 0, "comments": 0}, "stumbledupon": {"shares": 0}}, "site_full": "www.i360gov.com", "main_image": "", "site_section": "http://feeds.feedburner.com/FederalGovernmentNewsRss-I360Gov", "section_title": "Government Policy, Business and Technology: i360 Gov", "url": "http://www.i360gov.com/US-military-news/2015/aug/31/army-creating-cyber-units-with-soldiers-civilians", "country": "US", "title": "Army Creating Cyber Units With Soldiers, Civilians", "performance_score": 0, "site": "i360gov.com", "participants_count": 0, "title_full": "Army Creating Cyber Units With Soldiers, Civilians", "spam_score": 0.0, "site_type": "news", "published": "2015-09-01T03:43:00.000+03:00", "replies_count": 0, "uuid": "bb2f0d0dd661580444359bba64033cd81353f27a"}, "author": "", "url": "http://www.i360gov.com/US-military-news/2015/aug/31/army-creating-cyber-units-with-soldiers-civilians", "ord_in_thread": 0, "title": "Army Creating Cyber Units With Soldiers, Civilians", "locations": [], "entities": {"persons": [], "locations": [], "organizations": []}, "highlightText": "", "language": "english", "persons": [], "text": "31 Army Creating Cyber Units With Soldiers, Civilians \nMilitary.com: YOKOTA AIR BASE, Japan -- The Army is looking for soldiers and civilians to serve in new cyber units charged with protecting critical stateside infrastructure and creating \"effects\" on the battlefield in support of conventional forces. The challenge: Attracting the creative, energetic talent typically drawn to the freewheeling tech sector.", "external_links": [], "published": "2015-09-01T03:43:00.000+03:00", "crawled": "2015-09-01T17:56:17.678+03:00", "highlightTitle": ""}