{"organizations": [], "uuid": "23fef1a805f25263c92db1a82613afb466ddb6a3", "thread": {"social": {"gplus": {"shares": 0}, "pinterest": {"shares": 0}, "vk": {"shares": 0}, "linkedin": {"shares": 0}, "facebook": {"likes": 0, "shares": 0, "comments": 0}, "stumbledupon": {"shares": 0}}, "site_full": "newsr.in", "main_image": "http://cdn.newsserve.net/i/20150901/3448-Australia-to-Europe-in-just-90-minutes.jpg", "site_section": "http://newsr.in/latest/Technology.htm", "section_title": "Technology: newsR", "url": "http://newsr.in/n/Technology/755890g6t/Australia-to-Europe-in-just-90-minutes.htm", "country": "US", "title": "‘Australia to Europe in just 90 minutes’", "performance_score": 0, "site": "newsr.in", "participants_count": 1, "title_full": "‘Australia to Europe in just 90 minutes’ - newsR", "spam_score": 0.0, "site_type": "news", "published": "2015-09-01T03:00:00.000+03:00", "replies_count": 0, "uuid": "23fef1a805f25263c92db1a82613afb466ddb6a3"}, "author": "newsr.in", "url": "http://newsr.in/n/Technology/755890g6t/Australia-to-Europe-in-just-90-minutes.htm", "ord_in_thread": 0, "title": "‘Australia to Europe in just 90 minutes’", "locations": [], "entities": {"persons": [], "locations": [], "organizations": []}, "highlightText": "", "language": "english", "persons": [], "text": "A GERMAN aerospace agency is working hard to develop a futuristic rocket-propelled jet that promises to fly passengers from Australia to Europe in just 90 minutes. »", "external_links": ["http://cdn.newsserve.net/i/20150901/3448-Australia-to-Europe-in-just-90-minutes.jpg"], "published": "2015-09-01T03:00:00.000+03:00", "crawled": "2015-09-01T14:41:12.149+03:00", "highlightTitle": ""}