{"organizations": [], "uuid": "42f2b073742f10e70402b0b5fbb1b8e1a75bc751", "thread": {"social": {"gplus": {"shares": 0}, "pinterest": {"shares": 0}, "vk": {"shares": 0}, "linkedin": {"shares": 0}, "facebook": {"likes": 0, "shares": 0, "comments": 0}, "stumbledupon": {"shares": 0}}, "site_full": "www.industriesnews.net", "main_image": "", "site_section": "http://www.industriesnews.net/rss.php/?ind=technology", "section_title": "industriesnews.net  - Breaking Technology News latest RSS headlines", "url": "http://www.industriesnews.net/story?sid=s236356259&ampcid=400", "country": "US", "title": "Instagram hopes to take on Snapchat with new messaging service", "performance_score": 0, "site": "industriesnews.net", "participants_count": 0, "title_full": "Instagram hopes to take on Snapchat with new messaging service", "spam_score": 0.0, "site_type": "news", "published": "2015-09-02T10:31:00.000+03:00", "replies_count": 0, "uuid": "42f2b073742f10e70402b0b5fbb1b8e1a75bc751"}, "author": "", "url": "http://www.industriesnews.net/story?sid=s236356259&ampcid=400", "ord_in_thread": 0, "title": "Instagram hopes to take on Snapchat with new messaging service", "locations": [], "entities": {"persons": [], "locations": [], "organizations": []}, "highlightText": "", "language": "english", "persons": [], "text": " ", "external_links": [], "published": "2015-09-02T10:31:00.000+03:00", "crawled": "2015-09-02T22:23:25.405+03:00", "highlightTitle": ""}