{"organizations": [], "uuid": "c99a166433c7d4e95ef85dcbd923112339d5a7de", "thread": {"social": {"gplus": {"shares": 0}, "pinterest": {"shares": 0}, "vk": {"shares": 0}, "linkedin": {"shares": 0}, "facebook": {"likes": 0, "shares": 0, "comments": 0}, "stumbledupon": {"shares": 0}}, "site_full": "www.industriesnews.net", "main_image": "", "site_section": "http://www.industriesnews.net/rss.php/?ind=technology", "section_title": "industriesnews.net  - Breaking Technology News latest RSS headlines", "url": "http://www.industriesnews.net/story?sid=s236319391&cid=400", "country": "US", "title": "What to expect from the new Apple TV", "performance_score": 0, "site": "industriesnews.net", "participants_count": 0, "title_full": "What to expect from the new Apple TV", "spam_score": 0.0, "site_type": "news", "published": "2015-09-01T10:28:00.000+03:00", "replies_count": 0, "uuid": "c99a166433c7d4e95ef85dcbd923112339d5a7de"}, "author": "", "url": "http://www.industriesnews.net/story?sid=s236319391&cid=400", "ord_in_thread": 0, "title": "What to expect from the new Apple TV", "locations": [], "entities": {"persons": [], "locations": [], "organizations": []}, "highlightText": "", "language": "english", "persons": [], "text": " ", "external_links": [], "published": "2015-09-01T10:28:00.000+03:00", "crawled": "2015-09-02T02:21:03.859+03:00", "highlightTitle": ""}