{"organizations": [], "uuid": "eb2b6de76714f3b060da8c59d309331925319beb", "thread": {"social": {"gplus": {"shares": 0}, "pinterest": {"shares": 0}, "vk": {"shares": 0}, "linkedin": {"shares": 0}, "facebook": {"likes": 0, "shares": 0, "comments": 0}, "stumbledupon": {"shares": 0}}, "site_full": "www.industriesnews.net", "main_image": "", "site_section": "http://www.industriesnews.net/rss.php/?ind=technology", "section_title": "industriesnews.net  - Breaking Technology News latest RSS headlines", "url": "http://www.industriesnews.net/story?sid=s236317187&cid=400", "country": "US", "title": "Mauzzin modified Azaan added Facebook get suspended", "performance_score": 0, "site": "industriesnews.net", "participants_count": 0, "title_full": "Mauzzin modified Azaan added Facebook get suspended", "spam_score": 0.0, "site_type": "news", "published": "2015-09-01T10:44:00.000+03:00", "replies_count": 0, "uuid": "eb2b6de76714f3b060da8c59d309331925319beb"}, "author": "", "url": "http://www.industriesnews.net/story?sid=s236317187&cid=400", "ord_in_thread": 0, "title": "Mauzzin modified Azaan added Facebook get suspended", "locations": [], "entities": {"persons": [], "locations": [], "organizations": []}, "highlightText": "", "language": "english", "persons": ["Mauzzin"], "text": " ", "external_links": [], "published": "2015-09-01T10:44:00.000+03:00", "crawled": "2015-09-02T02:17:15.760+03:00", "highlightTitle": ""}