{"organizations": [], "uuid": "5f7712f4b78908ba171725a002f485eeeb4bd88f", "thread": {"social": {"gplus": {"shares": 0}, "pinterest": {"shares": 0}, "vk": {"shares": 0}, "linkedin": {"shares": 0}, "facebook": {"likes": 0, "shares": 0, "comments": 0}, "stumbledupon": {"shares": 0}}, "site_full": "www.crutchtech.com", "main_image": "http://rc.feedsportal.com/r/238385547586/u/192/f/645093/c/34938/s/49b6427f/sc/28/rc/1/rc.img", "site_section": "http://crutchtech.com/?feed=rss2", "section_title": "Crutch Technologies", "url": "http://www.crutchtech.com/2015/09/09/astronaut-in-space-guides-earthbound-robot-through-precision-task/", "country": "US", "title": "Astronaut in space guides Earthbound robot through precision task", "performance_score": 0, "site": "crutchtech.com", "participants_count": 1, "title_full": "Astronaut in space guides Earthbound robot through precision task", "spam_score": 0.0, "site_type": "news", "published": "2015-09-10T01:50:00.000+03:00", "replies_count": 0, "uuid": "5f7712f4b78908ba171725a002f485eeeb4bd88f"}, "author": "Chris Kerins", "url": "http://www.crutchtech.com/2015/09/09/astronaut-in-space-guides-earthbound-robot-through-precision-task/", "ord_in_thread": 0, "title": "Astronaut in space guides Earthbound robot through precision task", "locations": [], "entities": {"persons": [], "locations": [], "organizations": []}, "highlightText": "", "language": "english", "persons": [], "text": " ", "external_links": [], "published": "2015-09-10T01:50:00.000+03:00", "crawled": "2015-09-10T02:15:03.124+03:00", "highlightTitle": ""}