{"organizations": [], "uuid": "7ca065331d60290d8d47f8fd524f388470d7dbe7", "thread": {"social": {"gplus": {"shares": 0}, "pinterest": {"shares": 0}, "vk": {"shares": 0}, "linkedin": {"shares": 0}, "facebook": {"likes": 0, "shares": 0, "comments": 0}, "stumbledupon": {"shares": 0}}, "site_full": "www.crutchtech.com", "main_image": "http://rc.feedsportal.com/r/238385163443/u/96/f/645093/c/34938/s/4985ca49/sc/28/rc/1/rc.img", "site_section": "http://www.crutchtech.com/feed/rss/", "section_title": "Crutch Technologies", "url": "http://www.crutchtech.com/2015/09/02/hulu-launches-an-ad-free-tier-with-7-exempt-shows-tomorrow-daily-236/", "country": "US", "title": "Hulu launches an ad-free tier…with 7 exempt shows (Tomorrow Daily 236)", "performance_score": 0, "site": "crutchtech.com", "participants_count": 1, "title_full": "Hulu launches an ad-free tier…with 7 exempt shows (Tomorrow Daily 236)", "spam_score": 0.0, "site_type": "news", "published": "2015-09-03T02:45:00.000+03:00", "replies_count": 0, "uuid": "7ca065331d60290d8d47f8fd524f388470d7dbe7"}, "author": "Chris Kerins", "url": "http://www.crutchtech.com/2015/09/02/hulu-launches-an-ad-free-tier-with-7-exempt-shows-tomorrow-daily-236/", "ord_in_thread": 0, "title": "Hulu launches an ad-free tier…with 7 exempt shows (Tomorrow Daily 236)", "locations": [], "entities": {"persons": [], "locations": [], "organizations": []}, "highlightText": "", "language": "english", "persons": [], "text": " ", "external_links": [], "published": "2015-09-03T02:45:00.000+03:00", "crawled": "2015-09-03T02:46:32.432+03:00", "highlightTitle": ""}