{"organizations": [], "uuid": "b6b6eec9c91cbe62c94d048335880e8f39ac2414", "thread": {"social": {"gplus": {"shares": 0}, "pinterest": {"shares": 0}, "vk": {"shares": 0}, "linkedin": {"shares": 0}, "facebook": {"likes": 0, "shares": 0, "comments": 0}, "stumbledupon": {"shares": 0}}, "site_full": "www.financialexpress.com", "main_image": "http://www.financialexpress.com/wp-content/uploads/2015/08/panasonic-s-reuters.jpg", "site_section": "http://www.financialexpress.com/", "section_title": "The Financial Express | India News Today,Latest National News,Stock Market Today,SENSEX NIFTY,NSE BSE India,Finance News,Business News", "url": "http://www.financialexpress.com/article/industry/companies/panasonic-to-stop-making-batteries-in-beijing-cut-1300-jobs/126226", "country": "IE", "title": "Panasonic to stop making batteries in Beijing, cut 1,300 jobs", "performance_score": 0, "site": "financialexpress.com", "participants_count": 1, "title_full": "Panasonic to stop making batteries in Beijing, cut 1,300 jobs | The Financial Express", "spam_score": 0.0, "site_type": "news", "published": "2015-08-27T15:57:00.000+03:00", "replies_count": 0, "uuid": "b6b6eec9c91cbe62c94d048335880e8f39ac2414"}, "author": "financialexpress.com", "url": "http://www.financialexpress.com/article/industry/companies/panasonic-to-stop-making-batteries-in-beijing-cut-1300-jobs/126226", "ord_in_thread": 0, "title": "Panasonic to stop making batteries in Beijing, cut 1,300 jobs", "locations": [], "entities": {"persons": [], "locations": [], "organizations": []}, "highlightText": "", "language": "english", "persons": [], "text": "Japanese electronics giant Panasonic Corp on Thursday said it will stop making lithium-ion batteries at its factory in Beijing this month, cutting 1,300 jobs due to weak global demand for basic mobile phones and digital cameras.\nEmployees were informed in late July of the planned closure of the 15-year-old factory, a company spokeswoman said.\nThe plant produces batteries for simple mobile phones and digital cameras which have been overtaken by more sophisticated smartphones.\nPanasonic has been restructuring its business to focus on higher-margin goods such as electric car batteries rather than consumer electronics, where it faces stiff competition from Asian rivals.\nIt took over the plant from Sanyo Electric, a leading maker of lithium-ion batteries and solar panels which it acquired in 2010.\nThe deal failed to bring in the growth that Panasonic expected due to the emergence of South Korean manufacturers, and the Japanese firm has since sold several Sanyo operations.\n 27, 2015 7:57 am", "external_links": [], "published": "2015-08-27T15:57:00.000+03:00", "crawled": "2015-08-27T18:38:18.872+03:00", "highlightTitle": ""}