{"organizations": [], "uuid": "eef807fece491e9cbb5b3fe5957948f283186b1b", "thread": {"social": {"gplus": {"shares": 0}, "pinterest": {"shares": 0}, "vk": {"shares": 0}, "linkedin": {"shares": 0}, "facebook": {"likes": 0, "shares": 0, "comments": 0}, "stumbledupon": {"shares": 0}}, "site_full": "uk.finance.yahoo.com", "main_image": "https://s.yimg.com/bt/api/res/1.2/6rik6AZwuPGCiADf_9dhPQ--/YXBwaWQ9eW5ld3M7cT03NTt3PTYwMA--/http://l.yimg.com/os/mit/media/m/social/images/social_default_logo-1481777.png", "site_section": "https://uk.finance.yahoo.com/news/provider-sharecast/?format=rss", "section_title": "Finance News | Sharecast - Yahoo! UK & Ireland Finance", "url": "https://uk.finance.yahoo.com/news/great-western-mining-unable-justify-165700298.html", "country": "GB", "title": "Great Western Mining unable to justify share jump", "performance_score": 0, "site": "yahoo.com", "participants_count": 0, "title_full": "Great Western Mining unable to justify share jump", "spam_score": 0.0, "site_type": "news", "published": "2015-08-25T19:57:00.000+03:00", "replies_count": 0, "uuid": "eef807fece491e9cbb5b3fe5957948f283186b1b"}, "author": "", "url": "https://uk.finance.yahoo.com/news/great-western-mining-unable-justify-165700298.html", "ord_in_thread": 0, "title": "Great Western Mining unable to justify share jump", "locations": [], "entities": {"persons": [], "locations": [], "organizations": []}, "highlightText": "", "language": "english", "persons": [], "text": "Tip : Use comma (,) to separate multiple quotes. Learn more... \nTue, Aug 25, 2015, 18:29 BST - UK Markets closed Great Western Mining unable to justify share jump By Daniel Cancian | Sharecast – 32 minutes ago 6.57 -0.140 \nLONDON (ShareCast) - (ShareCast News) - Ireland (Other OTC: IRLD - news ) -based Great Western Mining Corporation said it could not attribute the move in its share price to any specific reason. Shares (Berlin: DI6.BE - news ) in the group, which is engaged in the exploration and mining for copper, silver, gold and other minerals in Nevada, were up 35% early on Tuesday morning. \n\"The board is also satisfied that all information of a price-sensitive nature has previously been notified to the market,\" the company said in a short statement. \nGreat Western Mining shares were up 0.78% to 0.635p at 1605 BST on Tuesday. Tax cuts, pensions, childcare, online accounts and beer duty, here's … Related Stock Articles Follow the quotes you care about most. Access timely news and investment updates to stay on top of the market. … More » Yahoo UK & Ireland Finance Terms \nQuotes are real-time for NASDAQ, NYSE, and NYSEAmex when available. See also delay times for other exchanges . Quotes and other information supplied by independent providers identified on the Yahoo! Finance partner page . Quotes are updated automatically, but will be turned off after 25 minutes of inactivity. Quotes are delayed at least 15 minutes. All information provided \"as is\" for informational purposes only, not intended for trading purposes or advice. Neither Yahoo! nor any of independent providers is liable for any informational errors, incompleteness, or delays, or for any actions taken in reliance on information contained herein. By accessing the Yahoo! site, you agree not to redistribute the information found therein. \nFundamental company data provided by Capital IQ . Historical chart data and daily updates provided by Commodity Systems, Inc. (CSI) . International historical chart data and daily updates provided by Morningstar, Inc . Yahoo! - News Network", "external_links": [], "published": "2015-08-25T19:57:00.000+03:00", "crawled": "2015-08-25T20:30:17.545+03:00", "highlightTitle": ""}