{"organizations": [], "uuid": "6b8bd59f116b7e122a906653fb0dd61195c1e08e", "thread": {"social": {"gplus": {"shares": 0}, "pinterest": {"shares": 0}, "vk": {"shares": 0}, "linkedin": {"shares": 0}, "facebook": {"likes": 0, "shares": 0, "comments": 0}, "stumbledupon": {"shares": 0}}, "site_full": "www.reuters.com", "main_image": "", "site_section": "http://www.reuters.com/finance/personal-finance", "section_title": "Wealth, Personal Finance &amp; Money | Reuters.com", "url": "http://www.reuters.com/article/2015/08/27/mexico-politics-cabinet-idUSE1N0ZU00J20150827", "country": "US", "title": "Mexico president reshuffles cabinet, finance, interior mins stay put", "performance_score": 0, "site": "reuters.com", "participants_count": 1, "title_full": "Mexico president reshuffles cabinet, finance, interior mins stay put | Reuters", "spam_score": 0.0, "site_type": "news", "published": "2015-08-27T23:45:00.000+03:00", "replies_count": 0, "uuid": "6b8bd59f116b7e122a906653fb0dd61195c1e08e"}, "author": "Reuters", "url": "http://www.reuters.com/article/2015/08/27/mexico-politics-cabinet-idUSE1N0ZU00J20150827", "ord_in_thread": 0, "title": "Mexico president reshuffles cabinet, finance, interior mins stay put", "locations": [], "entities": {"persons": [], "locations": [], "organizations": []}, "highlightText": "", "language": "english", "persons": [], "text": "MEXICO CITY Aug 27 Mexico's President Enrique Pena Nieto reshuffled his cabinet on Thursday, moving his foreign minister into the social development ministry and keeping his finance and interior ministers in place.\nMeade, a former finance and energy minister seen as a potential candidate for the presidency, will be replaced by tourism minister Claudia Ruiz Massieu, Pena Nieto said. (Reporting by Mexico City Newsroom)", "external_links": [], "published": "2015-08-27T23:45:00.000+03:00", "crawled": "2015-08-27T22:55:20.449+03:00", "highlightTitle": ""}