{"organizations": [], "uuid": "05c8d036568279229e1b17c0c37e49acbe2079cb", "thread": {"social": {"gplus": {"shares": 0}, "pinterest": {"shares": 0}, "vk": {"shares": 0}, "linkedin": {"shares": 0}, "facebook": {"likes": 0, "shares": 0, "comments": 0}, "stumbledupon": {"shares": 0}}, "site_full": "allafrica.com", "main_image": "http://allafrica.com/static/images/structure/aa-logo-rgba-no-text-128x128.png", "site_section": "http://allafrica.com/tools/headlines/rdf/business/headlines.rdf", "section_title": "AllAfrica News: Economy, Business and Finance", "url": "http://allafrica.com/stories/201508310386.html", "country": "US", "title": "Rwanda: Govt, Turkey Sign Security Cooperation Pacts", "performance_score": 0, "site": "allafrica.com", "participants_count": 0, "title_full": "Rwanda: Govt, Turkey Sign Security Cooperation Pacts", "spam_score": 0.0, "site_type": "news", "published": "2015-08-31T10:40:00.000+03:00", "replies_count": 0, "uuid": "05c8d036568279229e1b17c0c37e49acbe2079cb"}, "author": "", "url": "http://allafrica.com/stories/201508310386.html", "ord_in_thread": 0, "title": "Rwanda: Govt, Turkey Sign Security Cooperation Pacts", "locations": ["Kenya", "Turkey", "Rwanda"], "entities": {"persons": [], "locations": [], "organizations": []}, "highlightText": "", "language": "english", "persons": [], "text": "Kenya: ICC Warns MPs as State Moves to 'Save' Ruto \nHarerimana and his Turkish counterpart, Sebahattin Öztürk, signed the security cooperation agreement to strengthen the existing partnership in areas of capacity building, sharing of information on combatting transnational and organised crimes, and exchange programmes, among others. He also invited his counterpart to visit Rwanda. \nAt the same event, IGP Gasana and his Turkey counterpart signed a memorandum of understanding to cooperate in areas of training, focusing on counter terrorism, cybercrimes, special forces training and training of trainers courses, among others. \nThe deal between the two police institutions shall see Rwanda National Police officers benefiting from courses offered at the Turkish National Police Academy, officials said. \nThe two parties considered providing police liaison officers to expedite the implementation of the agreements. \nHarerimana appreciated the hospitality the Turkish government accorded them and reiterated the commitment of the Government of Rwanda in implementing the agreements. \nThe Turkish interior minister pledged the commitment of his Government towards the success of the signed pacts. \nThe Rwandan delegation also visited different Turkish National Police establishments. Rwanda \nA week ago, I got a chance to go over two reports on protection of children against online harmful content: one was … see more » Copyright © 2015 The New Times. All rights reserved. Distributed by AllAfrica Global Media ( allAfrica.com ). To contact the copyright holder directly for corrections — or for permission to republish or make other authorized use of this material, click here. AllAfrica publishes around 2,000 reports a day from more than 130 news organizations and over 200 other institutions and individuals , representing a diversity of positions on every topic. We publish news and views ranging from vigorous opponents of governments to government publications and spokespersons. Publishers named above each report are responsible for their own content, which AllAfrica does not have the legal right to edit or correct. Articles and commentaries that identify allAfrica.com as the publisher are produced or commissioned by AllAfrica . To address comments or complaints, please Contact us .", "external_links": [], "published": "2015-08-31T10:40:00.000+03:00", "crawled": "2015-08-31T11:30:42.670+03:00", "highlightTitle": ""}