{"organizations": [], "uuid": "66a369c9ee86a32d839a973c5df350af25498bc8", "thread": {"social": {"gplus": {"shares": 0}, "pinterest": {"shares": 0}, "vk": {"shares": 0}, "linkedin": {"shares": 0}, "facebook": {"likes": 0, "shares": 0, "comments": 0}, "stumbledupon": {"shares": 0}}, "site_full": "www.reuters.com", "main_image": "", "site_section": "http://www.reuters.com/finance/personal-finance", "section_title": "Wealth, Personal Finance &amp; Money | Reuters.com", "url": "http://www.reuters.com/article/2015/08/26/rbc-results-idUSL1N10W2JQ20150826", "country": "US", "title": "RBC posts higher third-quarter profit", "performance_score": 0, "site": "reuters.com", "participants_count": 1, "title_full": "RBC posts higher third-quarter profit | Reuters", "spam_score": 0.0, "site_type": "news", "published": "2015-08-26T14:26:00.000+03:00", "replies_count": 0, "uuid": "66a369c9ee86a32d839a973c5df350af25498bc8"}, "author": "Reuters", "url": "http://www.reuters.com/article/2015/08/26/rbc-results-idUSL1N10W2JQ20150826", "ord_in_thread": 0, "title": "RBC posts higher third-quarter profit", "locations": [], "entities": {"persons": [], "locations": [], "organizations": []}, "highlightText": "", "language": "english", "persons": [], "text": "TORONTO Aug 26 Royal Bank of Canada, Canada's biggest lender, reported a higher third-quarter profit on Wednesday, as strength in personal and commercial banking offset a decline in its capital markets division.\nNet income for the quarter ended July 31 was C$2.48 billion, or C$1.66 per share, compared with C$2.38 billion, or C$1.59 per share, in the third quarter of 2014.\nAnalysts on average had expected earnings of C$1.67 a share, according to Thomson Reuters I/B/E/S. (Reporting by John Tilak; editing by Jason Neely )", "external_links": [], "published": "2015-08-26T14:26:00.000+03:00", "crawled": "2015-08-26T13:59:21.729+03:00", "highlightTitle": ""}