{"organizations": [], "uuid": "1237d117fcaf13c4288219da1ec07b695ac2aad1", "thread": {"social": {"gplus": {"shares": 0}, "pinterest": {"shares": 0}, "vk": {"shares": 0}, "linkedin": {"shares": 0}, "facebook": {"likes": 0, "shares": 0, "comments": 0}, "stumbledupon": {"shares": 0}}, "site_full": "www.prweb.com", "main_image": "http://ww1.prweb.com/prfiles/2012/05/24/12931749/11.jpg", "site_section": "http://www.prweb.com/rss2/homefinance.xml", "section_title": "Home and Family: Banking / Personal Finance", "url": "http://www.prweb.com/releases/2015/08/prweb12931749.htm", "country": "US", "title": "Vubiz Announces New Course on Affirmative Action and Equal Opportunity", "performance_score": 0, "site": "prweb.com", "participants_count": 1, "title_full": "Vubiz Announces New Course on Affirmative Action and Equal Opportunity", "spam_score": 0.0, "site_type": "news", "published": "2015-08-28T03:00:00.000+03:00", "replies_count": 0, "uuid": "1237d117fcaf13c4288219da1ec07b695ac2aad1"}, "author": "Vubiz Elearning", "url": "http://www.prweb.com/releases/2015/08/prweb12931749.htm", "ord_in_thread": 0, "title": "Vubiz Announces New Course on Affirmative Action and Equal Opportunity", "locations": [], "entities": {"persons": [], "locations": [], "organizations": []}, "highlightText": "", "language": "english", "persons": [], "text": "Vubiz is excited to launch a new elearning course: Equal Employment Opportunity and Affirmative Action for Managers and Supervisors in the United States. This new elearning course helps companies comply with government regulations. All companies that hold federal government contracts and subcontracts are required to comply with U.S. Department of Labor Office of Federal Contract Compliance Programs (OFCCP) regulations. Failure to comply could result in significant fines and lost government contracts, or suspension of a current contract.\nVubiz President Jim Rapino said this course increases awareness and helps companies stay in compliance, “ given the risks and active government enforcement - this elearning course helps managers comply by giving an introduction to EEO and AA requirements and an understanding of practices that help with compliance.”\nThis one hour elearning module is available now.", "external_links": ["http://www.prweb.net/Redirect.aspx?id=aHR0cDovL3Z1Yml6LmNvbS9jaGFjY2Vzcy92dWJpei9pbmRleC5hc3A="], "published": "2015-08-28T03:00:00.000+03:00", "crawled": "2015-08-29T03:13:04.210+03:00", "highlightTitle": ""}