{"organizations": ["Oshkosh"], "uuid": "41c34c2badd5a7e0634507668cf61957897533f6", "thread": {"social": {"gplus": {"shares": 0}, "pinterest": {"shares": 0}, "vk": {"shares": 0}, "linkedin": {"shares": 0}, "facebook": {"likes": 0, "shares": 0, "comments": 0}, "stumbledupon": {"shares": 0}}, "site_full": "uk.finance.yahoo.com", "main_image": "https://s.yimg.com/bt/api/res/1.2/So9oBMpGPb4jKlTCLHRdWg--/YXBwaWQ9eW5ld3M7aWw9cGxhbmU7cT03NTt3PTYwMA--/http://globalfinance.zenfs.com/images/UK_AFTP_AFP_LIVE_1/8f6379e709b8f7bea7452d6d29f8fcd6c0a353df_original.jpg", "site_section": "https://uk.finance.yahoo.com/news/provider-afp/?format=rss", "section_title": "Finance News | AFP - Yahoo! UK & Ireland Finance", "url": "https://uk.finance.yahoo.com/news/pentagon-taps-oshkosh-build-next-222036179.html", "country": "GB", "title": "Pentagon taps Oshkosh to build next Humvee", "performance_score": 0, "site": "yahoo.com", "participants_count": 0, "title_full": "Pentagon taps Oshkosh to build next Humvee", "spam_score": 0.0, "site_type": "news", "published": "2015-08-26T01:20:00.000+03:00", "replies_count": 0, "uuid": "41c34c2badd5a7e0634507668cf61957897533f6"}, "author": "", "url": "https://uk.finance.yahoo.com/news/pentagon-taps-oshkosh-build-next-222036179.html", "ord_in_thread": 0, "title": "Pentagon taps Oshkosh to build next Humvee", "locations": [], "entities": {"persons": [], "locations": [], "organizations": []}, "highlightText": "", "language": "english", "persons": [], "text": "Tip : Use comma (,) to separate multiple quotes. Learn more... \nTue, Aug 25, 2015, 23:47 BST - UK Markets closed Pentagon taps Oshkosh to build next Humvee AFP – 26 minutes ago View Photo \n\nThe Pentagon has given truck-builder Oshkosh a $6.75 billion contract to build a successor to the famous Humvee, the ubiquitous work-horse of the massive US military. \nTuesday's announcement meant competitors Lockheed and AM General lost out. \nThe selection process for the \"Joint Light Tactical Vehicle\" was conducted by the US Army and Marine Corps, the army said. \nProduction is to begin in the first quarter of 2016, and the US Army and Marines must buy at least 17,000 of the transports in the first phase of the contract. \nThe Pentagon will have to confirm a new contract in 2018. \nIn total the Army plans to buy nearly 50,000 of the vehicles before 2040, while the Marines want 5,500, the statement said. \nOshkosh is a US-based civil and military manufacturer from the town of Oshkosh in Wisconsin. Follow the quotes you care about most. Access timely news and investment updates to stay on top of the market. … More » Yahoo UK & Ireland Finance Terms \nQuotes are real-time for NASDAQ, NYSE, and NYSEAmex when available. See also delay times for other exchanges . Quotes and other information supplied by independent providers identified on the Yahoo! Finance partner page . Quotes are updated automatically, but will be turned off after 25 minutes of inactivity. Quotes are delayed at least 15 minutes. All information provided \"as is\" for informational purposes only, not intended for trading purposes or advice. Neither Yahoo! nor any of independent providers is liable for any informational errors, incompleteness, or delays, or for any actions taken in reliance on information contained herein. By accessing the Yahoo! site, you agree not to redistribute the information found therein. \nFundamental company data provided by Capital IQ . Historical chart data and daily updates provided by Commodity Systems, Inc. (CSI) . International historical chart data and daily updates provided by Morningstar, Inc . Yahoo! - News Network", "external_links": [], "published": "2015-08-26T01:20:00.000+03:00", "crawled": "2015-08-26T01:47:16.056+03:00", "highlightTitle": ""}