{"organizations": [], "uuid": "8a915f0cd00526dfa9f530365119a66234861887", "thread": {"social": {"gplus": {"shares": 0}, "pinterest": {"shares": 0}, "vk": {"shares": 0}, "linkedin": {"shares": 0}, "facebook": {"likes": 0, "shares": 0, "comments": 0}, "stumbledupon": {"shares": 0}}, "site_full": "www.marketwatch.com", "main_image": "http://s.marketwatch.com/public/resources/MWimages/MW-DT082_mc_who_MG_20150826124411.jpg", "site_section": "http://finance.yahoo.com/news/provider-marketwatch/", "section_title": "MarketWatch News Archive - Yahoo! Finance", "url": "http://www.marketwatch.com/story/5-fast-food-combos-more-outrageous-than-a-mcwhopper-2015-08-26", "country": "US", "title": "5 fast food combos more outrageous than a McWhopper", "performance_score": 0, "site": "marketwatch.com", "participants_count": 4, "title_full": "5 fast food combos more outrageous than a McWhopper - MarketWatch", "spam_score": 0.0, "site_type": "news", "published": "2015-08-26T03:00:00.000+03:00", "replies_count": 3, "uuid": "f97aacb7e86df9f5394f9d3db25e4c3ba5d70232"}, "author": "Sally French   and   Terrence Horan", "url": "http://www.marketwatch.com/story/5-fast-food-combos-more-outrageous-than-a-mcwhopper-2015-08-26#post-0", "ord_in_thread": 0, "title": "5 fast food combos more outrageous than a McWhopper", "locations": [], "entities": {"persons": [], "locations": [], "organizations": []}, "highlightText": "", "language": "english", "persons": [], "text": "MarketWatch photo illustration/McDonald Slide 1 of 7 Burger King is offering a peace treaty to its fast food burger rival McDonald’s. In a full-page newspaper ad Wednesday, Burger King proposed the two companies make a mashup of their staple burgers - the Whopper and the Big Mac - to create an all new creation called the “McWhopper.”\nIt’s unclear whether McDonald’s will agree to Burger King’s proposal, but if it did, the creation probably wouldn’t look all that different from what the fast-food restaurants already sell -- as evidenced by this MarketWatch photo illustration.\nAnd MarketWatch’s food writer Charles Passy tested his own version of a McWhopper -- and his verdict was that the burger has potential to be quite tasty.\nBut you know what might taste even better than a McWhopper? Try these crazy food combos:\nMarketWatch photo illustration/Bloomberg A chicken burrito bowl is seen at the Chipotle Mexican Grill, Inc. restaurant in Foster City, California. Slide 2 of 7 Chipotle Burrito Bowl + Five Guys Hamburger = Burger Bowl\nMarketWatch photo illustration Slide 3 of 7 Taco Bell Crunchy Taco + Captain D’s Batter Dipped Fish = Fish tacos\nMarketWatch photo illustration/McDonald Slide 4 of 7 McDonald’s Egg McMuffin + Popeyes Buttermilk Biscuits = Egg McBiscuits\nMarketWatch photo illustration/McDonald Slide 5 of 7 McDonald’s Filet-O-Fish + Red Lobster Cheddar Bay Biscuits = Cheddar Bay Filet\nMarketWatch photo illustration/Olive Garden, Shutterstock Slide 6 of 7 Nathan’sWorld Famous Beef Hot Dog + Olive Garden Breadsticks\nMarketWatch photo illustration/Olive Garden, Shutterstock Slide 7 of 7 Nathan’sWorld Famous Beef Hot Dog + Olive Garden Breadsticks\nPrev Page 1 2 3 4 5 6 7 Next Page You Might Also Like", "external_links": [], "published": "2015-08-26T03:00:00.000+03:00", "crawled": "2015-08-27T11:59:39.426+03:00", "highlightTitle": ""}