{"organizations": [], "uuid": "ff66eb1d51d04990bae2d360cec37eaae4303846", "thread": {"social": {"gplus": {"shares": 0}, "pinterest": {"shares": 0}, "vk": {"shares": 0}, "linkedin": {"shares": 0}, "facebook": {"likes": 0, "shares": 0, "comments": 0}, "stumbledupon": {"shares": 0}}, "site_full": "www.telegraph.co.uk", "main_image": "http://i.telegraph.co.uk/multimedia/archive/03065/edinburgh-skyline_3065037k.jpg", "site_section": "http://www.telegraph.co.uk/newsfeed/rss/money_city.xml", "section_title": "Finance - Business news and market updates - Telegraph", "url": "http://www.telegraph.co.uk/finance/personalfinance/borrowing/mortgages/11824892/Scotland-and-Wales-lead-mortgage-boom-as-London-housing-market-cools.html", "country": "CH", "title": "Scotland and Wales lead mortgage boom as London housing market cools", "performance_score": 1, "site": "telegraph.co.uk", "participants_count": 1, "title_full": "Scotland and Wales lead mortgage boom as London housing market cools", "spam_score": 0.0, "site_type": "news", "published": "2015-08-26T13:08:00.000+03:00", "replies_count": 0, "uuid": "ff66eb1d51d04990bae2d360cec37eaae4303846"}, "author": "Tim Wallace", "url": "http://www.telegraph.co.uk/finance/personalfinance/borrowing/mortgages/11824892/Scotland-and-Wales-lead-mortgage-boom-as-London-housing-market-cools.html", "ord_in_thread": 0, "title": "Scotland and Wales lead mortgage boom as London housing market cools", "locations": [], "entities": {"persons": [], "locations": [], "organizations": []}, "highlightText": "", "language": "english", "persons": [], "text": "Scotland and Wales lead mortgage boom as London housing market cools Lending in London is falling, but the wider UK is witnessing a surge in house buying Scotland, not London, is now at the leading edge of Britain's house-buying boom Photo: Anthony Brown", "external_links": [], "published": "2015-08-26T13:08:00.000+03:00", "crawled": "2015-08-26T13:25:49.820+03:00", "highlightTitle": ""}