{"organizations": [], "uuid": "7982d4f266dfddb2feaa6f144bf95823efcb9fb9", "thread": {"social": {"gplus": {"shares": 0}, "pinterest": {"shares": 0}, "vk": {"shares": 0}, "linkedin": {"shares": 0}, "facebook": {"likes": 0, "shares": 0, "comments": 0}, "stumbledupon": {"shares": 0}}, "site_full": "www.crainsnewyork.com", "main_image": "http://www.crainsnewyork.com/apps/pbcsi.dll/storyimage/CN/20150828/ECONOMY/150829858/AR/0/Wall-Street.jpg?maxw=800&imageversion=widescreen&q=70&cci_ts=20150828164746", "site_section": "http://feeds.crainsnewyork.com/crainsnewyork/finance", "section_title": "Finance - Crain's New York Business News Feed", "url": "http://www.crainsnewyork.com/article/20150828/ECONOMY/150829858", "country": "US", "title": "U.S. stocks end flat", "performance_score": 0, "site": "crainsnewyork.com", "participants_count": 1, "title_full": "U.S. stocks end flat", "spam_score": 0.0, "site_type": "news", "published": "2015-08-29T00:25:00.000+03:00", "replies_count": 0, "uuid": "7982d4f266dfddb2feaa6f144bf95823efcb9fb9"}, "author": "Bloomberg News", "url": "http://www.crainsnewyork.com/article/20150828/ECONOMY/150829858", "ord_in_thread": 0, "title": "U.S. stocks end flat", "locations": [], "entities": {"persons": [], "locations": [], "organizations": []}, "highlightText": "", "language": "english", "persons": [], "text": "Wall Street finishes flat after volatile week \nU.S. stocks are ending the day little changed at the end of a volatile week. \nStocks fell heavily in the first two days of trading this week on concerns about the health of China's economy. The market then rebounded sharply as investors decided to scoop up bargains. \nThe Dow Jones industrial average fell 11.76 points, or 0.1%, to 16,643.01 on Friday. \nThe Standard & Poor's 500 index rose 1.21 points, or 0.1%, to 1,988.87. The Nasdaq composite gained 15.62 points, or 0.3%, to 4,828.32. \nU.S. oil prices moved sharply higher for a second day, boosting energy stocks. \nBond prices were little changed from Thursday, keeping the yield on the 10-year benchmark Treasury note at 2.18%.", "external_links": [], "published": "2015-08-29T00:25:00.000+03:00", "crawled": "2015-08-29T01:43:50.854+03:00", "highlightTitle": ""}