{"organizations": [], "uuid": "75aa5ccafd642462618e3c3f9d119e77514d4496", "thread": {"social": {"gplus": {"shares": 0}, "pinterest": {"shares": 0}, "vk": {"shares": 0}, "linkedin": {"shares": 0}, "facebook": {"likes": 0, "shares": 0, "comments": 0}, "stumbledupon": {"shares": 0}}, "site_full": "www.therepublic.com", "main_image": "http://d1bdhkmqqz901h.cloudfront.net/fit-in/1200x630/filters:fill(white)/cdn1.therepublic.com/tr_assets/images/TheRepublic-Icon-2048x2048.jpg", "site_section": "http://www.therepublic.com/feed/subject/523699d088e910048f41f8851349f9bd", "section_title": "Government finance News from TheRepublic.com", "url": "http://www.therepublic.com/view/story/e8a409f47f5b4bdb97832db5e2343ab1/IA--Sales-Tax-Holiday", "country": "US", "title": "Iowa sales tax holiday set for next weekend", "performance_score": 0, "site": "therepublic.com", "participants_count": 0, "title_full": "Iowa sales tax holiday set for next weekend", "spam_score": 0.0, "site_type": "news", "published": "2015-08-01T20:16:00.000+03:00", "replies_count": 0, "uuid": "75aa5ccafd642462618e3c3f9d119e77514d4496"}, "author": "", "url": "http://www.therepublic.com/view/story/e8a409f47f5b4bdb97832db5e2343ab1/IA--Sales-Tax-Holiday", "ord_in_thread": 0, "title": "Iowa sales tax holiday set for next weekend", "locations": ["Iowa"], "entities": {"persons": [], "locations": [], "organizations": []}, "highlightText": "", "language": "english", "persons": [], "text": "Iowa sales tax holiday on Aug. 7-8 targets back-to-school shopping; event draws Nebraskans \nTHE ASSOCIATED PRESS Published: 8/1/15 1:16 pm EDT - Updated: 8/1/15 1:19 pm EDT \nCOUNCIL BLUFFS, Iowa — Iowa's annual sales tax holiday set to coincide with back-to-school shopping also brings Nebraskans looking for bargains across the Missouri River. \nThe Council Bluffs Daily Nonpareil reports ( http://bit.ly/1IfxMVH ) that Iowa's sales tax holiday this year is being held Aug. 7-8. Nebraska doesn't have a sales tax holiday, although the idea has been kicked around from time to time by Nebraska lawmakers. \nThe Iowa holiday allows shoppers to buy select clothing and footwear priced at less than $100 without paying sales tax or local option taxes. The two days are usually among the best of the year for Iowa retailers. \nAlthough the sales tax holiday falls during the back-to-school shopping season, the tax exemption applies to merchandise for adults, too. \nInformation from: The Daily Nonpareil, http://www.nonpareilonline.com \n   ", "external_links": [], "published": "2015-08-01T20:16:00.000+03:00", "crawled": "2015-08-01T20:23:38.741+03:00", "highlightTitle": ""}