{"organizations": [], "uuid": "e9426239e5f3deeaae90dd5aa6a6b9645f3ee42f", "thread": {"social": {"gplus": {"shares": 0}, "pinterest": {"shares": 0}, "vk": {"shares": 0}, "linkedin": {"shares": 0}, "facebook": {"likes": 0, "shares": 0, "comments": 0}, "stumbledupon": {"shares": 0}}, "site_full": "financefollow.com", "main_image": "", "site_section": "http://financefollow.com/feed/", "section_title": "Finance Follow", "url": "http://financefollow.com/2015/08/is-procter-gamble-a-value-play/", "country": "", "title": "Is Procter & Gamble A Value Play?", "performance_score": 0, "site": "financefollow.com", "participants_count": 1, "title_full": "Is Procter & Gamble A Value Play?", "spam_score": 0.0, "site_type": "news", "published": "2015-08-30T09:06:00.000+03:00", "replies_count": 0, "uuid": "e9426239e5f3deeaae90dd5aa6a6b9645f3ee42f"}, "author": "Expert", "url": "http://financefollow.com/2015/08/is-procter-gamble-a-value-play/", "ord_in_thread": 0, "title": "Is Procter & Gamble A Value Play?", "locations": [], "entities": {"persons": [], "locations": [], "organizations": []}, "highlightText": "", "language": "english", "persons": [], "text": "* Comment You may use these HTML tags and attributes: <a href=\"\" title=\"\"><abbr title=\"\"><acronym title=\"\"><b><blockquote cite=\"\"><cite><code><del datetime=\"\"><em><i><q cite=\"\"><s><strike><strong> Follow Us", "external_links": [], "published": "2015-08-30T09:06:00.000+03:00", "crawled": "2015-08-30T15:43:48.466+03:00", "highlightTitle": ""}