{"organizations": [], "uuid": "5341160f611e50abb6115546eb9e8177058a57e9", "thread": {"social": {"gplus": {"shares": 0}, "pinterest": {"shares": 0}, "vk": {"shares": 0}, "linkedin": {"shares": 0}, "facebook": {"likes": 0, "shares": 0, "comments": 0}, "stumbledupon": {"shares": 0}}, "site_full": "www.telegraph.co.uk", "main_image": "http://i.telegraph.co.uk/multimedia/archive/02998/saudi-supercars-12_2998240k.jpg", "site_section": "http://www.telegraph.co.uk/newsfeed/rss/money_city.xml", "section_title": "Finance - Business news and market updates - Telegraph", "url": "http://www.telegraph.co.uk/finance/economics/11831269/World-faces-a-1.23-trillion-foreign-investment-vacuum.html", "country": "CH", "title": "World faces a $1.23 trillion foreign investment vacuum", "performance_score": 0, "site": "telegraph.co.uk", "participants_count": 1, "title_full": "World faces a $1.23 trillion foreign investment vacuum", "spam_score": 0.0, "site_type": "news", "published": "2015-08-28T19:22:00.000+03:00", "replies_count": 0, "uuid": "5341160f611e50abb6115546eb9e8177058a57e9"}, "author": "Andrew Critchlow", "url": "http://www.telegraph.co.uk/finance/economics/11831269/World-faces-a-1.23-trillion-foreign-investment-vacuum.html", "ord_in_thread": 0, "title": "World faces a $1.23 trillion foreign investment vacuum", "locations": [], "entities": {"persons": [], "locations": [], "organizations": []}, "highlightText": "", "language": "english", "persons": [], "text": "Economics World faces a $1.23 trillion foreign investment vacuum The collapse in oil prices and China's economic malaise could bring a retreat of foreign direct investment and capital to the West, writes Andrew Critchlow Arab oil wealth on the streets of London Photo: Tony Kershaw/SWNS.com By Andrew Critchlow , Commodities editor 5:22PM BST 28 Aug 2015", "external_links": [], "published": "2015-08-28T19:22:00.000+03:00", "crawled": "2015-08-28T19:53:36.519+03:00", "highlightTitle": ""}