{"organizations": [], "uuid": "385d4d08fc0d7bbc9b69634863ffe1dd09cdf8f0", "thread": {"social": {"gplus": {"shares": 0}, "pinterest": {"shares": 0}, "vk": {"shares": 0}, "linkedin": {"shares": 0}, "facebook": {"likes": 0, "shares": 0, "comments": 0}, "stumbledupon": {"shares": 0}}, "site_full": "au.finance.yahoo.com", "main_image": "https://s1.yimg.com/bt/api/res/1.2/M7vS95b2fvSzHFeFStPk0A--/YXBwaWQ9eW5ld3NfbGVnbztxPTc1O3c9NjAw/http://l.yimg.com/os/mit/media/m/social/images/social_default_logo-1481777.png", "site_section": "https://au.finance.yahoo.com/news/category-commodities/?format=rss", "section_title": "Commodities Market News - Yahoo!7 Australia Finance", "url": "https://au.finance.yahoo.com/news/bonds-weaker-share-market-bounce-064809301.html", "country": "US", "title": "Bonds weaker as share market bounce", "performance_score": 0, "site": "yahoo.com", "participants_count": 0, "title_full": "Bonds weaker as share market bounce", "spam_score": 0.0, "site_type": "news", "published": "2015-08-28T09:48:00.000+03:00", "replies_count": 0, "uuid": "385d4d08fc0d7bbc9b69634863ffe1dd09cdf8f0"}, "author": "", "url": "https://au.finance.yahoo.com/news/bonds-weaker-share-market-bounce-064809301.html", "ord_in_thread": 0, "title": "Bonds weaker as share market bounce", "locations": ["Australia"], "entities": {"persons": [], "locations": [], "organizations": []}, "highlightText": "", "language": "english", "persons": [], "text": "Fri, Aug 28, 2015, 5:20 PM AEST - Australia Markets closed Bonds weaker as share market bounce AAP – 32 minutes ago Print \nThe Australian bond market is weaker as local and Asian share markets enjoy a strong rebound from losses made earlier in the week. \nNomura head of macro products Jon Linton said the day was one of stability, with demand for safe haven assets falling as traders move into riskier assets. \n\"It feels like some of the frenzy and fear has dissipated,\" he said. \n\"The actions by Chinese authorities - the supporting of the market and the cutting of interest rates - seems to have calmed things down.\" \nMr Linton said the fact that the Australian government will continue to issue longer dated bonds will help support the bond market into the future. \nNext week's raft of local economic data, including gross domestic product figures on Wednesday, will also be influential. \n\"We are expecting a soft GDP next week, which will act as a support for the local bond market,\" Mr Linton said. \nAt 1630 AEST on Friday, the September 2015 10-year bond futures contract was trading at 97.235 (implying a yield of 2.765 per cent), down from 97.260 (2.740 per cent) on Thursday. \nThe September 2015 three-year bond futures contract was at 98.170 (1.830 per cent), down from 98.210 (1.790 per cent). \nKEY MOVEMENTS: \n* CGS 5.5pct Jan 2018, 1.798pct, from 1.767pct on Thursday \n* CGS 4.25pct April 2026, 2.804pct, from 2.783pct \nSydney Futures Exchange prices: \n* September 2015 bill futures, 97.900 from 97.910 \n* December 2015 bill futures, 98.040, from 98.060 \n(*Closes taken at 1630 AEST previous local session) \nSource: IRESS", "external_links": [], "published": "2015-08-28T09:48:00.000+03:00", "crawled": "2015-08-28T10:20:38.644+03:00", "highlightTitle": ""}