{"organizations": [], "uuid": "a8a06be558d1885a3f2e24c30f1d7ac0a4f45f50", "thread": {"social": {"gplus": {"shares": 0}, "pinterest": {"shares": 0}, "vk": {"shares": 0}, "linkedin": {"shares": 0}, "facebook": {"likes": 0, "shares": 0, "comments": 0}, "stumbledupon": {"shares": 0}}, "site_full": "www.wsj.com", "main_image": "http://si.wsj.net/public/resources/images/BN-JZ838_WATERj_G_20150825150315.jpg", "site_section": "http://www.wsj.com/news/business", "section_title": "Business &amp; Finance News - Wall Street Journal", "url": "http://www.wsj.com/articles/water-water-everywherein-bottles-1440581400", "country": "US", "title": "Water, Water Everywhere—in Bottles", "performance_score": 5, "site": "wsj.com", "participants_count": 1, "title_full": "Water, Water Everywhere—in Bottles - WSJ", "spam_score": 0.0, "site_type": "news", "published": "2015-08-26T13:30:00.000+03:00", "replies_count": 0, "uuid": "a8a06be558d1885a3f2e24c30f1d7ac0a4f45f50"}, "author": "Mike Esterl", "url": "http://www.wsj.com/articles/water-water-everywherein-bottles-1440581400", "ord_in_thread": 0, "title": "Water, Water Everywhere—in Bottles", "locations": [], "entities": {"persons": [], "locations": [], "organizations": []}, "highlightText": "", "language": "english", "persons": [], "text": "Mary Clare Carley leaves home each morning with a gallon water jug and carries it wherever she goes to stay hydrated.\nThe 34-year-old teacher doesn’t remember when she last drank water from a tap. Instead she buys Crystal Springs or Great Value distilled water at supermarkets for $1 or less. “If I don’t have my gallon of water, I just feel incomplete,’’ said Ms. Carley, seated at an Atlanta food court with her giant water bottle.\n... ", "external_links": [], "published": "2015-08-26T13:30:00.000+03:00", "crawled": "2015-08-26T12:51:57.297+03:00", "highlightTitle": ""}