{"organizations": [], "uuid": "a93ac47312cf7544fc2d5779417bf62bd268043d", "thread": {"social": {"gplus": {"shares": 0}, "pinterest": {"shares": 0}, "vk": {"shares": 0}, "linkedin": {"shares": 0}, "facebook": {"likes": 0, "shares": 0, "comments": 0}, "stumbledupon": {"shares": 0}}, "site_full": "www.reuters.com", "main_image": "", "site_section": "http://www.reuters.com/finance/personal-finance", "section_title": "Wealth, Personal Finance &amp; Money | Reuters.com", "url": "http://www.reuters.com/article/2015/08/27/fcx-icahn-stake-idUSL1N1122EG20150827", "country": "US", "title": "Icahn targets struggling miner Freeport-McMoran with 8.5 pct stake", "performance_score": 0, "site": "reuters.com", "participants_count": 1, "title_full": "Icahn targets struggling miner Freeport-McMoran with 8.5 pct stake | Reuters", "spam_score": 0.0, "site_type": "news", "published": "2015-08-28T00:32:00.000+03:00", "replies_count": 0, "uuid": "a93ac47312cf7544fc2d5779417bf62bd268043d"}, "author": "Reuters", "url": "http://www.reuters.com/article/2015/08/27/fcx-icahn-stake-idUSL1N1122EG20150827", "ord_in_thread": 0, "title": "Icahn targets struggling miner Freeport-McMoran with 8.5 pct stake", "locations": [], "entities": {"persons": [], "locations": [], "organizations": []}, "highlightText": "", "language": "english", "persons": [], "text": "Aug 27 Activist investor Carl Icahn disclosed an 8.5 percent stake in miner Freeport-McMoran Inc, saying the company was undervalued and needed to address several corporate governance and capital issues.\nIn a filing with the U.S. Securities and Exchange Commission, the billionaire investor said he intends to speak with Freeport's management and board and may seek board representation.\nIcahn also said in the filing that he also plans to discuss \"executive compensation practices and capital structure as well as curtailment of the Issuer's high-cost production operations.\"\nThe disclosure came on the same day that Freeport said it would slash its mining budget by 25 percent and cut 10 percent of its U.S. mine staff, as the miner and energy producer suffers through a slump in copper prices.\nFreeport's shares have plunged nearly 60 percent this year. (Reporting by Michael Flaherty ; Editing by Bernard Orr )", "external_links": [], "published": "2015-08-28T00:32:00.000+03:00", "crawled": "2015-08-27T23:40:26.319+03:00", "highlightTitle": ""}