{"organizations": ["China Worries Nifty"], "uuid": "34a782d41f6e19a538179c182405854717f14d87", "thread": {"social": {"gplus": {"shares": 0}, "pinterest": {"shares": 0}, "vk": {"shares": 0}, "linkedin": {"shares": 0}, "facebook": {"likes": 0, "shares": 0, "comments": 0}, "stumbledupon": {"shares": 0}}, "site_full": "www.goodreturns.in", "main_image": "http://www.goodreturns.in/img/2015/08/31-1441002240-stockmarkets3.jpg", "site_section": "http://www.goodreturns.in/rss/money-business-news-fb.xml", "section_title": "Latest Business News | Finance News India | International Share Market – Oneindia Money", "url": "http://www.goodreturns.in/news/2015/08/31/brokerages-cut-sensex-nifty-target-on-us-interest-rate-china-385805.html", "country": "CA", "title": "Brokerages Cut Sensex And Nifty Target On US Interest Rate, China Worries", "performance_score": 0, "site": "goodreturns.in", "participants_count": 0, "title_full": "Brokerages Cut Sensex And Nifty Target On US Interest Rate, China Worries", "spam_score": 0.0, "site_type": "news", "published": "2015-08-31T09:28:00.000+03:00", "replies_count": 0, "uuid": "34a782d41f6e19a538179c182405854717f14d87"}, "author": "", "url": "http://www.goodreturns.in/news/2015/08/31/brokerages-cut-sensex-nifty-target-on-us-interest-rate-china-385805.html", "ord_in_thread": 0, "title": "Brokerages Cut Sensex And Nifty Target On US Interest Rate, China Worries", "locations": ["US"], "entities": {"persons": [], "locations": [], "organizations": []}, "highlightText": "", "language": "english", "persons": [], "text": "Nifty 7,968.30 -33.65 [-0.42%] There have been a host of cuts by brokerages in the last few months. There are worries that earnings have not caught on and most investors are disappointed.\nApart from this there is an air of uncertainty surrounding the timing of an interest rate cut in the US. Strong economic data may compel the US Fed to cut interest rates in the month of December, while still others feel that given the level of uncertainty surrounding the globe on account of a slowdown in China, it would only be appropriate to cut interest rates in Dec. \nThe Chinese slowdown has also forced brokerages to cut their targets. \nGoodReturns.in", "external_links": [], "published": "2015-08-31T09:28:00.000+03:00", "crawled": "2015-08-31T12:30:51.512+03:00", "highlightTitle": ""}