{"organizations": [], "uuid": "437d1a7815d47c7b0bd2894d8fdae34241493b35", "thread": {"social": {"gplus": {"shares": 0}, "pinterest": {"shares": 0}, "vk": {"shares": 0}, "linkedin": {"shares": 0}, "facebook": {"likes": 0, "shares": 0, "comments": 0}, "stumbledupon": {"shares": 0}}, "site_full": "www.financialexpress.com", "main_image": "", "site_section": "http://www.financialexpress.com/section/personal-finance/", "section_title": "Personal Finance News:Personal Finance Articles,Personal Finance Tips,Banking and Finance News | The Financial Express", "url": "http://www.financialexpress.com/article/personal-finance/silver-lining-for-indian-economy/124979", "country": "IE", "title": "Silver lining for Indian economy", "performance_score": 0, "site": "financialexpress.com", "participants_count": 1, "title_full": "Silver lining for Indian economy | The Financial Express", "spam_score": 0.0, "site_type": "news", "published": "2015-08-25T08:07:00.000+03:00", "replies_count": 0, "uuid": "437d1a7815d47c7b0bd2894d8fdae34241493b35"}, "author": "financialexpress.com", "url": "http://www.financialexpress.com/article/personal-finance/silver-lining-for-indian-economy/124979", "ord_in_thread": 0, "title": "Silver lining for Indian economy", "locations": [], "entities": {"persons": [], "locations": [], "organizations": []}, "highlightText": "", "language": "english", "persons": [], "text": "The Indian economy is showing signs of a turnaround as the number of shelved projects has declined for the fifth successive quarter and projects under implementation in June this year were the highest since September. Production of capital goods has been increasing, barring in June, and there is a pick-up in imports of machinery goods. Order books of capital goods companies are moving up on the back of enhanced business confidence. In fact, a poll by CII Associations’ Council (ASCON) for the April-June quarter shows respondents have expressed their optimism in further improvement in the near-term growth outlook.\n 25, 2015 12:07 am", "external_links": [], "published": "2015-08-25T08:07:00.000+03:00", "crawled": "2015-08-28T17:11:38.902+03:00", "highlightTitle": ""}