{"organizations": [], "uuid": "5fc881de122c6d1eb6c13e10b2720b9471ab07b0", "thread": {"social": {"gplus": {"shares": 0}, "pinterest": {"shares": 0}, "vk": {"shares": 0}, "linkedin": {"shares": 0}, "facebook": {"likes": 0, "shares": 0, "comments": 0}, "stumbledupon": {"shares": 0}}, "site_full": "business-news.thestreet.com", "main_image": "", "site_section": "http://business-news.thestreet.com/rome-observer/rss/627", "section_title": "Rome Observer : Personal Finance", "url": "http://business-news.thestreet.com/rome-observer/story/why-retirement-savers-should-be-hoping-for-a-lasting-market-crash/13265286", "country": "US", "title": "Why Retirement Savers Should Be Hoping for a Lasting Market Crash", "performance_score": 0, "site": "thestreet.com", "participants_count": 0, "title_full": "Why Retirement Savers Should Be Hoping for a Lasting Market Crash", "spam_score": 0.0, "site_type": "news", "published": "2015-08-25T13:24:00.000+03:00", "replies_count": 0, "uuid": "5fc881de122c6d1eb6c13e10b2720b9471ab07b0"}, "author": "", "url": "http://business-news.thestreet.com/rome-observer/story/why-retirement-savers-should-be-hoping-for-a-lasting-market-crash/13265286", "ord_in_thread": 0, "title": "Why Retirement Savers Should Be Hoping for a Lasting Market Crash", "locations": ["NEW YORK"], "entities": {"persons": [], "locations": [], "organizations": []}, "highlightText": "", "language": "english", "persons": ["Hal M. Bundrick"], "text": "Why Retirement Savers Should Be Hoping for a Lasting Market Crash Written by: Hal M. Bundrick, CFP 08/25/15 - 6:24 AM EDT NEW YORK (MainStreet) -- Good news, retirement savers: the market’s crashing. Finally. Last week, the Dow dropped more than 1,000 points. It did so again yesterday morning, before recovering most of the loss by midday. The financial reporters were chasing their tails faster than ever. “The market is down! What does it mean?!” And then, hours later: “The market is recovering! What does it mean?!”\nBut counterintuitively , what working Americans saving for retirement really need is a market crash that lasts. \nA little behind saving for retirement? You need a grizzly bear market \nIf you’ve been diligently saving for retirement, say in your 401(k) or IRA, you’ve been buying into a rising market for the past six and half years. And that’s fine, but you could really use a good, solid break in the market. A deep sustained bear market. More Headlines", "external_links": [], "published": "2015-08-25T13:24:00.000+03:00", "crawled": "2015-08-25T14:04:02.753+03:00", "highlightTitle": ""}