{"organizations": ["Thomson Reuters"], "uuid": "9017f29f488825bb83ef0fd13dc3e7d9b06a981a", "thread": {"social": {"gplus": {"shares": 0}, "pinterest": {"shares": 0}, "vk": {"shares": 0}, "linkedin": {"shares": 0}, "facebook": {"likes": 0, "shares": 0, "comments": 0}, "stumbledupon": {"shares": 0}}, "site_full": "www.financemagnates.com", "main_image": "http://www.financemagnates.com/institutional-forex/wp-content/uploads/sites/9/2015/04/thomson.jpg", "site_section": "http://forexmagnates.com/feed/", "section_title": "Latest News from Finance Magnates", "url": "http://www.financemagnates.com/institutional-forex/execution/thomson-reuters-initiates-10-million-common-share-repurchase/", "country": "US", "title": "Thomson Reuters Initiates 10 Million Common Share Repurchase", "performance_score": 0, "site": "financemagnates.com", "participants_count": 0, "title_full": "Thomson Reuters Initiates 10 Million Common Share Repurchase", "spam_score": 0.0, "site_type": "news", "published": "2015-08-26T15:57:00.000+03:00", "replies_count": 0, "uuid": "9017f29f488825bb83ef0fd13dc3e7d9b06a981a"}, "author": "", "url": "http://www.financemagnates.com/institutional-forex/execution/thomson-reuters-initiates-10-million-common-share-repurchase/", "ord_in_thread": 0, "title": "Thomson Reuters Initiates 10 Million Common Share Repurchase", "locations": [], "entities": {"persons": [], "locations": [], "organizations": []}, "highlightText": "", "language": "english", "persons": [], "text": "Thomson Reuters Initiates 10 Million Common Share Repurchase Thomson Reuters Initiates 10 Million Common Share Repurchase The share repurchase will be done in accord with four third-party sellers, with a targeted estimate of 10 million common shares. Advertising Print This Post \nThomson Reuters (NYSE: TRI) has announced an additional share repurchase facility, this time with the intent to buy up to 10 million common shares via private agreements, according to a Thomson Reuters statement. \nThe share repurchase will be done in accord with four third-party sellers, with the targeted 10 million shares falling well within a previously set threshold of 30 million common shares between May 28, 2015 and May 27, 2016, as stipulated by Thomson Reuters’ existing normal course issuer bid (NCIB). \nThe move was made possible after the one of Canada’s paramount financial regulators, the Ontario Securities Commission (OSC), issued three issuer bid exemption orders, which allowed Thomson Reuters to make private agreement purchases for up to 10 million common shares. Earlier this year in May, the group unveiled plans to buy $1.0 billion in common shares by the end of 2016. \nIn particular, Thomson Reuters share price purchases will be dictated for by private agreements will be at a discount to the prevailing market price on the Toronto Stock Exchange (TSX) at the time of purchase. \nAt the time of writing, shares of Thomson Reuters (NYSE:TRI) have settled at $36.97 during premarket trading Wednesday. The current price is well off of a 52-week high of $42.64, having retreated from the $41.00 handle during August on mounting market headwinds. Got a news tip? Let Us Know FOUND A MISTAKE", "external_links": [], "published": "2015-08-26T15:57:00.000+03:00", "crawled": "2015-08-26T13:02:39.876+03:00", "highlightTitle": ""}