{"organizations": [], "uuid": "993130f6457f62aac8cedcde1b4f6cd92d1790be", "thread": {"social": {"gplus": {"shares": 0}, "pinterest": {"shares": 0}, "vk": {"shares": 0}, "linkedin": {"shares": 0}, "facebook": {"likes": 0, "shares": 0, "comments": 0}, "stumbledupon": {"shares": 0}}, "site_full": "www.financialexpress.com", "main_image": "http://www.financialexpress.com/wp-content/uploads/2015/08/airtel-4g-PTI-S.jpg", "site_section": "http://www.financialexpress.com/", "section_title": "The Financial Express | India News Today,Latest National News,Stock Market Today,SENSEX NIFTY,NSE BSE India,Finance News,Business News", "url": "http://www.financialexpress.com/article/miscellaneous/airtel-ramps-up-4g-presence-acquires-augere-wireless/126151", "country": "IE", "title": "Bharti Airtel ramps up 4G presence; acquires Augere Wireless", "performance_score": 0, "site": "financialexpress.com", "participants_count": 1, "title_full": "Bharti Airtel ramps up 4G presence; acquires Augere Wireless | The Financial Express", "spam_score": 0.0, "site_type": "news", "published": "2015-08-27T06:45:00.000+03:00", "replies_count": 0, "uuid": "993130f6457f62aac8cedcde1b4f6cd92d1790be"}, "author": "financialexpress.com", "url": "http://www.financialexpress.com/article/miscellaneous/airtel-ramps-up-4g-presence-acquires-augere-wireless/126151", "ord_in_thread": 0, "title": "Bharti Airtel ramps up 4G presence; acquires Augere Wireless", "locations": [], "entities": {"persons": [], "locations": [], "organizations": []}, "highlightText": "", "language": "english", "persons": [], "text": "Country’s largest mobile operator Bharti Airtel today acquired wireless broadband firm Augere’s India operations, a move that will help the firm to augment its 4G presence in the country.\nThe company did not disclose the deal value.\nWith this acquisition, Bharti Airtel’s 4G services will now be available in over 300 cities and towns.\nAugere Wireless holds 20 MHz of spectrum in 2300 MHz band used for 4G services in the telecom circle of Madhya Pradesh and Chhattisgarh (MPCG).\nIn a statement, Bharti Airtel said that “it has signed a definitive agreement to acquire 100 per cent equity stake in Augere Wireless Broadband India Pvt Ltd”.\nIt added, “Upon acquisition, Augere will become a wholly owned subsidiary of Airtel. The acquisition is subject to necessary statutory and regulatory approvals.”\nEarlier this month, Bharti Airtel announced commercial launch of 4G services in 296 towns across India after testing the market in select cities. The telecom company had launched the first 4G network in Kolkata in April 2012.\nAugere, established in September 2007, launched broadband services under the Qubee brand in Pakistan in July 2009. This was closely followed by launch in Bangladesh in October 2009.\nAs per Augere’s website, the company has licenses to operate broadband wireless networks in Madhya Pradesh and Chhattisgarh in India but did not launch services, although it has tested a pilot wireless network based on LTE technology in Madhya Pradesh.\nMeanwhile, Airtel in 2013 had acquired complete stake in Wireless Business Services (WBSPL), a company founded by US chip maker Qualcomm, which has 2300 MHz spectrum in Delhi, Mumbai, Kerala and Haryana.\nAirtel had bought similar spectrum in Punjab, Maharashtra, Kolkata and Karnataka in 2010 auctions.\nShares of Bharti Airtel today closed at Rs 339.75 apiece on BSE, down 2.57 per cent.\n 26, 2015 10:45 pm", "external_links": [], "published": "2015-08-27T06:45:00.000+03:00", "crawled": "2015-08-27T00:47:26.188+03:00", "highlightTitle": ""}