{"organizations": [], "uuid": "b4e496d1d0de98dde909479401aaa14c4bfdc4aa", "thread": {"social": {"gplus": {"shares": 0}, "pinterest": {"shares": 0}, "vk": {"shares": 0}, "linkedin": {"shares": 0}, "facebook": {"likes": 0, "shares": 0, "comments": 0}, "stumbledupon": {"shares": 0}}, "site_full": "www.reuters.com", "main_image": "", "site_section": "http://www.reuters.com/finance/personal-finance", "section_title": "Wealth, Personal Finance &amp; Money | Reuters.com", "url": "http://www.reuters.com/article/2015/08/27/oman-currency-forwards-idUSL5N1121P220150827", "country": "US", "title": "Omani rial rebounds in forwards market after c.bank assures on peg", "performance_score": 0, "site": "reuters.com", "participants_count": 1, "title_full": "Omani rial rebounds in forwards market after c.bank assures on peg | Reuters", "spam_score": 0.0, "site_type": "news", "published": "2015-08-27T12:05:00.000+03:00", "replies_count": 0, "uuid": "b4e496d1d0de98dde909479401aaa14c4bfdc4aa"}, "author": "Reuters", "url": "http://www.reuters.com/article/2015/08/27/oman-currency-forwards-idUSL5N1121P220150827", "ord_in_thread": 0, "title": "Omani rial rebounds in forwards market after c.bank assures on peg", "locations": [], "entities": {"persons": [], "locations": [], "organizations": []}, "highlightText": "", "language": "english", "persons": [], "text": "DUBAI Aug 27 The Omani rial rebounded in the forwards market on Thursday after the central bank president reassured the market that authorities were committed to its peg against the U.S. dollar, despite low oil prices which have slashed state revenues.\nOne-year dollar/rial forwards had risen as high as 1,000 points this week, their highest since 2006, as some investors hedged against the risk of an eventual rial devaluation. They were Quote: d as low as 599.50 points on Thursday, down from their previous close of 800.\n\"We are committed to keeping the Omani rial pegged to the U.S. dollar,\" Zadjali texted to Reuters late on Wednesday in response to a question. He did not elaborate.\nThe rial has been pegged at 0.3849 to the dollar since 1986. (Reporting by Andrew Torchia ; Editing by Toby Chopra)", "external_links": [], "published": "2015-08-27T12:05:00.000+03:00", "crawled": "2015-08-27T11:17:13.328+03:00", "highlightTitle": ""}