{"organizations": ["Shell Arctic"], "uuid": "9b3315b2975796859d7219e7df774cd35524ed12", "thread": {"social": {"gplus": {"shares": 0}, "pinterest": {"shares": 0}, "vk": {"shares": 0}, "linkedin": {"shares": 0}, "facebook": {"likes": 0, "shares": 0, "comments": 0}, "stumbledupon": {"shares": 0}}, "site_full": "au.finance.yahoo.com", "main_image": "https://s.yimg.com/bt/api/res/1.2/8mLNNXC730JQXlf.NC4XLw--/YXBwaWQ9eW5ld3NfbGVnbztpbD1wbGFuZTtxPTc1O3c9NjAw/http://globalfinance.zenfs.com/images/FIN_ANZ_AFP_ART_FTP_LIVE_1/9edaf271cbf47cf6acfbeaa3d49a80716f92fe1c_original.jpg", "site_section": "https://au.finance.yahoo.com/news/category-commodities/?format=rss", "section_title": "Commodities Market News - Yahoo!7 Australia Finance", "url": "https://au.finance.yahoo.com/news/obama-defends-shell-arctic-drilling-001511101.html", "country": "US", "title": "Obama defends Shell Arctic drilling decision", "performance_score": 0, "site": "yahoo.com", "participants_count": 0, "title_full": "Obama defends Shell Arctic drilling decision", "spam_score": 0.0, "site_type": "news", "published": "2015-08-29T03:15:00.000+03:00", "replies_count": 0, "uuid": "9b3315b2975796859d7219e7df774cd35524ed12"}, "author": "", "url": "https://au.finance.yahoo.com/news/obama-defends-shell-arctic-drilling-001511101.html", "ord_in_thread": 0, "title": "Obama defends Shell Arctic drilling decision", "locations": ["Australia"], "entities": {"persons": [], "locations": [], "organizations": []}, "highlightText": "", "language": "english", "persons": ["Obama"], "text": "Sun, Aug 30, 2015, 6:27 PM AEST - Australia Markets closed Obama defends Shell Arctic drilling decision AFP – Sat, Aug 29, 2015 10:15 AM AEST Recommend View Photo \nThe Obama administration's green light for the Anglo-Dutch oil giant angered environmental groups which have decried the \"hypocrisy\" of the president, who in recent months has stressed the need for aggressive actions against climate change \nTwo days before heading to Alaska to raise climate change awareness, US President Barack Obama on Saturday defended his controversial decision to allow Shell to drill in the Arctic's Chukchi Sea. \nThe Obama administration's green light for the Anglo-Dutch oil giant angered environmental groups which have decried the \"hypocrisy\" of the president, who in recent months has stressed the need for aggressive actions against climate change. \nOpponents note how the decision comes in the run-up to the UN climate conference in Paris in December. The meeting is seen as crucial in efforts to forge an agreement to curb international emissions. \n\"I know there are Americans who are concerned about oil companies drilling in environmentally sensitive waters,\" Obama said in his weekly address, noting that the drilling leases had been purchased before he took office. \n\"I share people's concerns about offshore drilling,\" he added. \"I remember the BP spill in the Gulf of Mexico all too well. That's precisely why my administration has worked to make sure that our oil exploration conducted under these leases is done at the highest standards possible ... We don't rubber-stamp permits.\" \nObama on Monday begins a three-day trip to Alaska, the largest state in America which is already seeing the effects of climate change, including melting glaciers and the thawing of permafrost. \n\"Alaskans are already living with (climate change's) effects. More frequent and extensive wildfires. Bigger storm surges as sea ice melts faster. Some of the swiftest shoreline erosion in the world,\" he said. \nAfter landing in Anchorage on Monday, Obama's visit will include a meeting with fishermen in the town of Dillingham, a tour of the Northwest Arctic city of Kotzebue, a visit to glaciers and the GLACIER international conference on the Arctic in Anchorage. @y7finance on Twitter, become a fan on Facebook", "external_links": [], "published": "2015-08-29T03:15:00.000+03:00", "crawled": "2015-08-30T11:28:21.360+03:00", "highlightTitle": ""}