{"organizations": [], "uuid": "92a225445b4e33f0ab20e276150c18c3fe2e1c6c", "thread": {"social": {"gplus": {"shares": 0}, "pinterest": {"shares": 0}, "vk": {"shares": 0}, "linkedin": {"shares": 0}, "facebook": {"likes": 0, "shares": 0, "comments": 0}, "stumbledupon": {"shares": 0}}, "site_full": "www.business-standard.com", "main_image": "http://bsmedia.business-standard.com/_media/bs/img/article/2015-08/14/full/1439526670-3784.jpg", "site_section": "http://www.business-standard.com//rss/finance-103.rss#", "section_title": "Finance", "url": "http://www.business-standard.com/article/pti-stories/rupee-sinks-to-2-year-low-at-65-40-against-dollar-115081900142_1.html", "country": "IN", "title": "Rupee sinks to two-year low at 65.40 against dollar", "performance_score": 0, "site": "business-standard.com", "participants_count": 1, "title_full": "Rupee sinks to two-year low at 65.40 against dollar | Business Standard News", "spam_score": 0.0, "site_type": "news", "published": "2015-08-19T03:00:00.000+03:00", "replies_count": 0, "uuid": "92a225445b4e33f0ab20e276150c18c3fe2e1c6c"}, "author": "Press Trust of India", "url": "http://www.business-standard.com/article/pti-stories/rupee-sinks-to-2-year-low-at-65-40-against-dollar-115081900142_1.html", "ord_in_thread": 0, "title": "Rupee sinks to two-year low at 65.40 against dollar", "locations": [], "entities": {"persons": [], "locations": [], "organizations": []}, "highlightText": "", "language": "english", "persons": [], "text": "The rupee fell by 9 paise to trade at two-year low of 65.40 against dollar at the Interbank Foreign Exchange market today as the US currency strengthened overseas.\n\nForex dealers said apart from sustained demand for the US currency from importers and dollar's gain against other currencies overseas, lower opening in domestic equity markets put pressure on the rupee.\n\nThe rupee had plummeted by 31 paise to end at two-year low of 65.31 against the US dollar on Monday. Forex market was closed yesterday on account of Parsi New Year.\n\nMeanwhile, the benchmark BSE Sensex dropped by 110.29 points, or 0.39%, to 27,721.25.", "external_links": [], "published": "2015-08-19T03:00:00.000+03:00", "crawled": "2015-08-19T08:27:34.346+03:00", "highlightTitle": ""}