{"organizations": [], "uuid": "3a71c3bd68c3bc74e0a69cb850ed3b03fe5889ae", "thread": {"social": {"gplus": {"shares": 0}, "pinterest": {"shares": 0}, "vk": {"shares": 0}, "linkedin": {"shares": 0}, "facebook": {"likes": 0, "shares": 0, "comments": 0}, "stumbledupon": {"shares": 0}}, "site_full": "www.reuters.com", "main_image": "", "site_section": "http://www.reuters.com/finance/personal-finance", "section_title": "Wealth, Personal Finance &amp; Money | Reuters.com", "url": "http://www.reuters.com/article/2015/08/30/eurozone-france-idUSL5N1150S720150830", "country": "US", "title": "France's economy minister calls for euro zone govt with fiscal transfers", "performance_score": 0, "site": "reuters.com", "participants_count": 1, "title_full": "France's economy minister calls for euro zone govt with fiscal transfers | Reuters", "spam_score": 0.0, "site_type": "news", "published": "2015-08-31T02:00:00.000+03:00", "replies_count": 0, "uuid": "3a71c3bd68c3bc74e0a69cb850ed3b03fe5889ae"}, "author": "Reuters", "url": "http://www.reuters.com/article/2015/08/30/eurozone-france-idUSL5N1150S720150830", "ord_in_thread": 0, "title": "France's economy minister calls for euro zone govt with fiscal transfers", "locations": [], "entities": {"persons": [], "locations": [], "organizations": []}, "highlightText": "", "language": "english", "persons": [], "text": "BERLIN Aug 30 French Economy Minister Emmanuel Macron has called for a new start for Europe, telling a German newspaper the euro zone status quo would lead to the currency union's self-destruction and that fiscal transfers between member states are necessary.\nSuch a vision is anathema to the mainstream in German politics, with Chancellor Angela Merkel's government having firmly resisted any form of permanent fiscal transfers to poorer euro zone countries.\nBut in pre-released excerpts of his interview with the Sueddeutsche Zeitung, Macron said such transfers were essential if the 19-member currency union is to survive.\n\"If the member states are not ready, as has been the case thus far, for any form of financial transfer in the currency union, we can forget the euro and the euro zone,\" he said in the interview, to run in the paper's Monday edition.\n\"A currency union without financial equalisation - that's impossible! The strong must help.\"\nFleshing out France's vision for a European economic government, Macron said he wanted a new euro commissioner in Brussels to coordinate the economic, finance and social policies of the 19 euro countries.\n\"The euro-government would be led by a commissioner with wide-ranging powers,\" he said, adding that the commissioner would have the financial means to make investments.\n(Writing by Paul Carrel ; Editing by Lisa Shumaker )", "external_links": [], "published": "2015-08-31T02:00:00.000+03:00", "crawled": "2015-08-31T01:07:16.424+03:00", "highlightTitle": ""}