{"organizations": [], "uuid": "75d1066a64dced01149936d34164bd30d4caf557", "thread": {"social": {"gplus": {"shares": 0}, "pinterest": {"shares": 0}, "vk": {"shares": 0}, "linkedin": {"shares": 0}, "facebook": {"likes": 0, "shares": 0, "comments": 0}, "stumbledupon": {"shares": 0}}, "site_full": "www.finfacts.ie", "main_image": "", "site_section": "http://www.finfacts.ie/irelandbusinessnews/rss.xml", "section_title": "Finfacts Ireland Business & Finance Portal", "url": "http://www.finfacts.ie/irishfinancenews/Finfacts-launches-new-news-site.shtml", "country": "IE", "title": "Finfacts launches new news site", "performance_score": 0, "site": "finfacts.ie", "participants_count": 0, "title_full": "Finfacts launches new news site", "spam_score": 0.0, "site_type": "news", "published": "2015-08-27T11:53:00.000+03:00", "replies_count": 0, "uuid": "75d1066a64dced01149936d34164bd30d4caf557"}, "author": "", "url": "http://www.finfacts.ie/irishfinancenews/Finfacts-launches-new-news-site.shtml", "ord_in_thread": 0, "title": "Finfacts launches new news site", "locations": ["Ireland"], "entities": {"persons": [], "locations": [], "organizations": []}, "highlightText": "", "language": "english", "persons": [], "text": "Web Finfacts See Search Box lower down this column for searches of Finfacts news pages. Where there may be the odd special character missing from an older page, it's a problem that developed when Interactive Tools upgraded to a new content management system. Welcome Finfacts is Ireland's leading business information site and you are in its business news section. Links", "external_links": [], "published": "2015-08-27T11:53:00.000+03:00", "crawled": "2015-08-27T13:17:43.865+03:00", "highlightTitle": ""}