{"organizations": [], "uuid": "0dd77ea9dc8377d9a46d9eec4ce74f158cefc15d", "thread": {"social": {"gplus": {"shares": 0}, "pinterest": {"shares": 0}, "vk": {"shares": 0}, "linkedin": {"shares": 0}, "facebook": {"likes": 0, "shares": 0, "comments": 0}, "stumbledupon": {"shares": 0}}, "site_full": "www.marketwatch.com", "main_image": "http://s.wsj.net/public/resources/MWimages/MW-DR328_mw_soc_NS_20150801233302.png", "site_section": "http://finance.yahoo.com/news/provider-marketwatch/", "section_title": "MarketWatch News Archive - Yahoo! Finance", "url": "http://www.marketwatch.com/story/us-stocks-open-lower-on-track-to-post-steep-weekly-losses-2015-08-21", "country": "US", "title": "U.S. stocks open lower, on track to post steep weekly losses", "performance_score": 0, "site": "marketwatch.com", "participants_count": 2, "title_full": "U.S. stocks open lower, on track to post steep weekly losses - MarketWatch", "spam_score": 0.0, "site_type": "news", "published": "2015-08-21T03:00:00.000+03:00", "replies_count": 1, "uuid": "a10af6bced4ac916631c911c88609a3fd563487a"}, "author": "Anora Mahmudova", "url": "http://www.marketwatch.com/story/us-stocks-open-lower-on-track-to-post-steep-weekly-losses-2015-08-21#post-0", "ord_in_thread": 0, "title": "U.S. stocks open lower, on track to post steep weekly losses", "locations": [], "entities": {"persons": [], "locations": [], "organizations": []}, "highlightText": "", "language": "english", "persons": [], "text": "U.S. stocks extended this week's losses with a renewed selloff on Friday. The main indexes are on track to post the steepest weekly declines since last May 2012. The S&P 500 SPX, -1.38% opened 19 points, or 0.9%, lower at 2,016. The benchmark index fell below a 200-day moving average on Thursday, a key technical level. The Dow Jones Industrial Average DJIA, -1.32% dropped 165 points, or 1%, to 16,824. The Nasdaq Composite COMP, -1.66% began the day down 70 points, or 1.4%, to 4,707.\nRead the full story: U.S. stocks see fresh pain; eyes biggest weekly decline of year", "external_links": [], "published": "2015-08-21T03:00:00.000+03:00", "crawled": "2015-08-21T18:00:42.565+03:00", "highlightTitle": ""}