{"organizations": [], "uuid": "d1d1c2eccf00c1184d0cd06e702e353ee601535b", "thread": {"social": {"gplus": {"shares": 0}, "pinterest": {"shares": 0}, "vk": {"shares": 0}, "linkedin": {"shares": 0}, "facebook": {"likes": 0, "shares": 0, "comments": 0}, "stumbledupon": {"shares": 0}}, "site_full": "www.cbs8.com", "main_image": "", "site_section": "http://www.cbs8.com/category/120652/money", "section_title": "Money: Personal Finance, Business, Small Business news features - CBS News 8 - San Diego, CA News Station - KFMB Channel 8", "url": "http://www.cbs8.com/story/29875275/portuguese-government-sees-good-news-in-higher-tax-revenue", "country": "US", "title": "Portuguese government sees good news in higher tax revenue", "performance_score": 0, "site": "cbs8.com", "participants_count": 1, "title_full": "Portuguese government sees good news in higher tax revenue - CBS News 8 - San Diego, CA News Station - KFMB Channel 8", "spam_score": 0.0, "site_type": "news", "published": "2015-08-25T03:00:00.000+03:00", "replies_count": 0, "uuid": "d1d1c2eccf00c1184d0cd06e702e353ee601535b"}, "author": "cbs8", "url": "http://www.cbs8.com/story/29875275/portuguese-government-sees-good-news-in-higher-tax-revenue", "ord_in_thread": 0, "title": "Portuguese government sees good news in higher tax revenue", "locations": [], "entities": {"persons": [], "locations": [], "organizations": []}, "highlightText": "", "language": "english", "persons": [], "text": "LISBON, Portugal (AP) - Portugal's center-right government is citing a jump in tax revenue as evidence the economy is growing and proof that its crackdown on tax evasion is working.\nWith less than two months before a general election, the finance ministry said Tuesday that tax receipts between January and July were up almost 5 percent on the same period in 2014.\nIn July alone, tax revenue of just over 3 billion euros ($3.4 billion) was the highest for that month since 2007 and was 11.7 percent up on July last year.\nOpposition parties made no immediate comment on the figures.\nAfter three years of recession that followed a 78 billion euro bailout in 2011, the economy is slowly healing, and the government is hoping the outlook will be bright enough to get re-elected.\n ", "external_links": [], "published": "2015-08-25T03:00:00.000+03:00", "crawled": "2015-08-25T20:03:39.531+03:00", "highlightTitle": ""}