{"organizations": [], "uuid": "fa3c461262b4479307c55b65af4f06508123177b", "thread": {"social": {"gplus": {"shares": 0}, "pinterest": {"shares": 0}, "vk": {"shares": 0}, "linkedin": {"shares": 0}, "facebook": {"likes": 0, "shares": 0, "comments": 0}, "stumbledupon": {"shares": 0}}, "site_full": "www.news.com.au", "main_image": "http://resources.news.com.au/cs/newscomau/images/placeholders/story-thumb-large.jpg", "site_section": "http://www.news.com.au/finance/business", "section_title": "Business | Business and Finance News | News.com.au", "url": "http://www.news.com.au/finance/business/apple-sets-date-for-new-product-event/story-e6frfkur-1227502059808", "country": "AU", "title": "Apple sets date for new product event", "performance_score": 0, "site": "news.com.au", "participants_count": 1, "title_full": "Apple sets date for new product event", "spam_score": 0.0, "site_type": "news", "published": "2015-08-28T03:00:00.000+03:00", "replies_count": 0, "uuid": "fa3c461262b4479307c55b65af4f06508123177b"}, "author": "news.com.au", "url": "http://www.news.com.au/finance/business/apple-sets-date-for-new-product-event/story-e6frfkur-1227502059808", "ord_in_thread": 0, "title": "Apple sets date for new product event", "locations": [], "entities": {"persons": [], "locations": [], "organizations": []}, "highlightText": "", "language": "english", "persons": [], "text": "APPLE has announced plans for a new product event in September in San Francisco with the giant tech company expected to show off new iPhones and other gadgets.\nINVITATIONS for the event on September 9 were sent to reporters and analysts on Thursday morning.\nAs usual, Apple is only hinting at what to expect. The invitations mention Apple's digital assistant, Siri. The company has previously said it plans to expand Siri's features in the new version of its operating software for iPhones and iPads. Along with a new iPhone model, tech industry insiders have speculated Apple may introduce a larger iPad and a new set-top box for television sets. The company however has not confirmed any plans. ", "external_links": ["http://digg.com/submit?phase=2&url=http://www.news.com.au/finance/business/apple-sets-date-for-new-product-event/story-e6frfkur-1227502059808?sv=9a9e73f222aca6c01eb93b7d164c8264&title=Apple+sets+date+for+new+product+event", "http://del.icio.us/post?url=http://www.news.com.au/finance/business/apple-sets-date-for-new-product-event/story-e6frfkur-1227502059808?sv=9a9e73f222aca6c01eb93b7d164c8264&title=Apple+sets+date+for+new+product+event", "http://www.kwoff.com/submit.php?url=http://www.news.com.au/finance/business/apple-sets-date-for-new-product-event/story-e6frfkur-1227502059808?sv=9a9e73f222aca6c01eb93b7d164c8264", "http://www.myspace.com/index.cfm?fuseaction=postto&t=Apple+sets+date+for+new+product+event&c=APPLE+won%27t+reveal+what+it%27ll+be+showing+off+but+is+inviting+industry+insiders+to+a+new+product+event+in+San+Francisco.&u=http://www.news.com.au/finance/business/apple-sets-date-for-new-product-event/story-e6frfkur-1227502059808?sv=9a9e73f222aca6c01eb93b7d164c8264", "http://www.newsvine.com/_wine/save?popoff=0&u=http://www.news.com.au/finance/business/apple-sets-date-for-new-product-event/story-e6frfkur-1227502059808?sv=9a9e73f222aca6c01eb93b7d164c8264&h=Apple+sets+date+for+new+product+event", "http://www.facebook.com/share.php?u=http://www.news.com.au/finance/business/apple-sets-date-for-new-product-event/story-e6frfkur-1227502059808?sv=9a9e73f222aca6c01eb93b7d164c8264"], "published": "2015-08-28T03:00:00.000+03:00", "crawled": "2015-08-28T00:52:15.496+03:00", "highlightTitle": ""}