{"organizations": [], "uuid": "6ecfab73eb41bb3ed87ed803a767c5cf0858ac1e", "thread": {"social": {"gplus": {"shares": 0}, "pinterest": {"shares": 0}, "vk": {"shares": 0}, "linkedin": {"shares": 0}, "facebook": {"likes": 0, "shares": 0, "comments": 0}, "stumbledupon": {"shares": 0}}, "site_full": "www.wsj.com", "main_image": "http://si.wsj.net/public/resources/images/BN-JZ273_ARCELO_G_20150824162447.jpg", "site_section": "http://www.wsj.com/news/business", "section_title": "Business &amp; Finance News - Wall Street Journal", "url": "http://www.wsj.com/articles/arcelormittal-finds-unlikely-success-in-french-rust-belt-1440458515", "country": "US", "title": "ArcelorMittal Finds Unlikely Success in French Rust Belt", "performance_score": 0, "site": "wsj.com", "participants_count": 1, "title_full": "ArcelorMittal Finds Unlikely Success in French Rust Belt - WSJ", "spam_score": 0.0, "site_type": "news", "published": "2015-08-25T03:21:00.000+03:00", "replies_count": 0, "uuid": "6ecfab73eb41bb3ed87ed803a767c5cf0858ac1e"}, "author": "John W. Miller", "url": "http://www.wsj.com/articles/arcelormittal-finds-unlikely-success-in-french-rust-belt-1440458515", "ord_in_thread": 0, "title": "ArcelorMittal Finds Unlikely Success in French Rust Belt", "locations": [], "entities": {"persons": [], "locations": [], "organizations": []}, "highlightText": "", "language": "english", "persons": [], "text": "FLORANGE, France—As ArcelorMittal, the world’s biggest steelmaker, looks to downsize in the U.S., it has an unlikely model for industrial success: Europe.\nThis strip of rust-belt Northern France, known for its cathedrals and white wines, has become the heart of ArcelorMittal’s most profitable business unit. The European Union, for all its turmoil, is still the world’s most prestigious automotive market, where companies led by... To Read the Full Story, Subscribe or Sign In", "external_links": [], "published": "2015-08-25T03:21:00.000+03:00", "crawled": "2015-08-25T03:16:37.902+03:00", "highlightTitle": ""}