{"organizations": [], "uuid": "01d46e4fd277a33046fe780b7200ededf442ed1b", "thread": {"social": {"gplus": {"shares": 0}, "pinterest": {"shares": 0}, "vk": {"shares": 0}, "linkedin": {"shares": 0}, "facebook": {"likes": 0, "shares": 0, "comments": 0}, "stumbledupon": {"shares": 0}}, "site_full": "www.hindustantimes.com", "main_image": "http://www.hindustantimes.com/Images/2015/2/f3bd0f53-3b43-4beb-a244-f0638a614d1eMediumRes.JPG", "site_section": "http://feeds.hindustantimes.com/HT-Business", "section_title": "Business News, Personal Finance, Financial News, India Stock Market Investing", "url": "http://www.hindustantimes.com/business-news/india-s-gdp-can-double-in-3-years-suresh-prabhu/article1-1382667.aspx", "country": "US", "title": "India's GDP can double in 3 years: Suresh Prabhu", "performance_score": 0, "site": "hindustantimes.com", "participants_count": 0, "title_full": "India's GDP can double in 3 years: Suresh Prabhu", "spam_score": 0.0, "site_type": "news", "published": "2015-08-21T14:41:00.000+03:00", "replies_count": 0, "uuid": "01d46e4fd277a33046fe780b7200ededf442ed1b"}, "author": "", "url": "http://www.hindustantimes.com/business-news/india-s-gdp-can-double-in-3-years-suresh-prabhu/article1-1382667.aspx", "ord_in_thread": 0, "title": "India's GDP can double in 3 years: Suresh Prabhu", "locations": ["India"], "entities": {"persons": [], "locations": [], "organizations": []}, "highlightText": "", "language": "english", "persons": ["Suresh Prabhu"], "text": "  17:21 IST File photo of Railway minister Suresh Prabhu (File photo) \nThe pace at which India's GDP is growing is immense and propelled by efforts being made by the Narendra Modi government the country can double the same over the next three-to-three-and-a-half years, said railway minister Suresh Prabhu. \n\"To reach one trillion (USD) GDP mark, it took India 20 years, but it added the next trillion in just seven years. With investors having tremendous respect for the efforts of Prime Minister Narendra Modi, Indian economy can double its size in the next three-to-three-and-a-half years,\" he said. \nPrabhu was optimistic about India's long-term growth to the tune of a USD 20 trillion economy in the next 20 years. \nAn International Monetary Fund study in 2014 had said that India's GDP would cross USD 3 trillion after five years in 2019. \nThe minister said that what with the inflation staying down and a conducive environment being created, the economy was looking up and foreign direct investments were increasing. \n\"There is a tremendous respect among investors for the efforts of the prime minister (and they) are eager to invest in India,\" Prabhu said. \nAddressing a regional meet of Chartered Accountants, he said that, despite alternative views in a democracy, \"we should pursue growth to eradicate poverty\". \n\"In a democracy, alternatives should be discussed but, at the end, a final decision has to be arrived at,\" he said. \n\"We cannot be ambiguous about our goals. It is essential that concerted efforts are made and we have a comprehensive strategy to reach our goal, which is achieving inclusive growth coupled with elimination of poverty and corruption,\" the minister added. Tags", "external_links": [], "published": "2015-08-21T14:41:00.000+03:00", "crawled": "2015-08-21T15:53:31.701+03:00", "highlightTitle": ""}