{"organizations": [], "uuid": "6562e8712f5ffd8cc9e29bb5efb64d2f923723a2", "thread": {"social": {"gplus": {"shares": 0}, "pinterest": {"shares": 0}, "vk": {"shares": 0}, "linkedin": {"shares": 0}, "facebook": {"likes": 0, "shares": 0, "comments": 0}, "stumbledupon": {"shares": 0}}, "site_full": "www.menafn.com", "main_image": "http://menafn.com/images/shared/menafnlogo_sm.gif", "site_section": "http://www.menafn.com/rss/menafn_Business_Finance.xml", "section_title": "MENAFN.com Business_Finance", "url": "http://www.menafn.com/1094321250/Recent-research-into-the-China-Express-Material-Industry-shared-in-new-Report&src=RSS", "country": "US", "title": "Recent research into the China Express Material Industry shared in new Report", "performance_score": 0, "site": "menafn.com", "participants_count": 1, "title_full": "Recent research into the China Express Material Industry shared in new Report | MENAFN.COM", "spam_score": 0.0, "site_type": "news", "published": "2015-08-27T03:00:00.000+03:00", "replies_count": 0, "uuid": "6562e8712f5ffd8cc9e29bb5efb64d2f923723a2"}, "author": "Press", "url": "http://www.menafn.com/1094321250/Recent-research-into-the-China-Express-Material-Industry-shared-in-new-Report&src=RSS", "ord_in_thread": 0, "title": "Recent research into the China Express Material Industry shared in new Report", "locations": [], "entities": {"persons": [], "locations": [], "organizations": []}, "highlightText": "", "language": "english", "persons": [], "text": "(MENAFN Press) ACCESS REPORT : \nThe China Express Material Industry 2015 Market Research Report is a professional and in-depth study on the current state of the Express Material industry.\n\nThe report provides a basic overview of the industry including definitions classifications applications and industry chain structure. The Express Material market analysis is provided for the China markets including development trends competitive landscape analysis and key regions development status.\n\nAVAIL SAMPLE REPORT @\n\nDevelopment policies and plans are discussed as well as manufacturing processes and Bill of Materials cost structures are also analyzed. This report also states import/export consumption supply and demand Figures cost price revenue and gross margins.\n\n\nENQUIRE @ \n\nThe report focuses on China major leading industry players providing information such as company profiles product picture and specification capacity production price cost revenue and contact information. Upstream raw materials and equipment and downstream demand analysis is also carried out. The Express Material industry development trends and marketing channels are analyzed. Finally the feasibility of new investment projects are assessed and overall research conclusions offered.\nWith 173 tables and figures the report provides key statistics on the state of the industry and is a valuable source of guidance and direction for companies and individuals interested in the market.\n \nCHECK DISCOUNT @  \n\nContact Us :\nWise Guy Reports\nsales@wiseguyreports.com\n1 646 845 9349\n44 208 133 9349\n\n\nAbout PRBuzz.com \nPRBuzz.com is a press release distribution service that distributes press releases to online news sites and blogs to help customers with search engine optimization and create buzz about their web site, news or business.", "external_links": [], "published": "2015-08-27T03:00:00.000+03:00", "crawled": "2015-08-29T20:28:05.912+03:00", "highlightTitle": ""}