{"organizations": [], "uuid": "cb04bbb8dff22077c344afd1e51887d14e06ec44", "thread": {"social": {"gplus": {"shares": 0}, "pinterest": {"shares": 0}, "vk": {"shares": 0}, "linkedin": {"shares": 0}, "facebook": {"likes": 0, "shares": 0, "comments": 0}, "stumbledupon": {"shares": 0}}, "site_full": "www.telegraph.co.uk", "main_image": "http://i.telegraph.co.uk/multimedia/archive/03420/halifaxxx_3420763k.jpg", "site_section": "http://www.telegraph.co.uk/finance/personalfinance/offshorefinance/rss", "section_title": "Expat money: Offshore banking and finance - Telegraph", "url": "http://www.telegraph.co.uk/finance/personalfinance/money-saving-tips/jessicainvestigates/11827893/Why-cant-I-get-mychequebooks.html", "country": "CH", "title": "'Why can't I get my chequebooks?'", "performance_score": 0, "site": "telegraph.co.uk", "participants_count": 1, "title_full": "'Why can't I get my chequebooks?'", "spam_score": 0.0, "site_type": "news", "published": "2015-08-30T08:12:00.000+03:00", "replies_count": 0, "uuid": "cb04bbb8dff22077c344afd1e51887d14e06ec44"}, "author": "Jessica Gorst-Williams", "url": "http://www.telegraph.co.uk/finance/personalfinance/money-saving-tips/jessicainvestigates/11827893/Why-cant-I-get-mychequebooks.html", "ord_in_thread": 0, "title": "'Why can't I get my chequebooks?'", "locations": [], "entities": {"persons": [], "locations": [], "organizations": []}, "highlightText": "", "language": "english", "persons": [], "text": "'Why can't I get my chequebooks?' Our consumer experts steps in to help a reader with a recurring problem Human error: Halifax has now sent not one, but two, chequebooks", "external_links": [], "published": "2015-08-30T08:12:00.000+03:00", "crawled": "2015-08-30T12:28:40.140+03:00", "highlightTitle": ""}