{"organizations": [], "uuid": "2f948eb0ffd7122e8487160997588ca4c642c02c", "thread": {"social": {"gplus": {"shares": 0}, "pinterest": {"shares": 0}, "vk": {"shares": 0}, "linkedin": {"shares": 0}, "facebook": {"likes": 0, "shares": 0, "comments": 0}, "stumbledupon": {"shares": 0}}, "site_full": "www.marketwatch.com", "main_image": "http://s.wsj.net/public/resources/MWimages/MW-DR328_mw_soc_NS_20150801233302.png", "site_section": "http://finance.yahoo.com/news/provider-marketwatch/", "section_title": "MarketWatch News Archive - Yahoo! Finance", "url": "http://www.marketwatch.com/story/schlumberger-to-acquire-cameron-in-148-billion-deal-2015-08-26", "country": "US", "title": "Schlumberger to acquire Cameron in $14.8 billion deal", "performance_score": 0, "site": "marketwatch.com", "participants_count": 2, "title_full": "Schlumberger to acquire Cameron in $14.8 billion deal - MarketWatch", "spam_score": 0.0, "site_type": "news", "published": "2015-08-26T03:00:00.000+03:00", "replies_count": 1, "uuid": "f86d090a19ba60ca8c4f3c2c7c51cd0fc5f9c145"}, "author": "Victor Reklaitis", "url": "http://www.marketwatch.com/story/schlumberger-to-acquire-cameron-in-148-billion-deal-2015-08-26#post-0", "ord_in_thread": 0, "title": "Schlumberger to acquire Cameron in $14.8 billion deal", "locations": [], "entities": {"persons": [], "locations": [], "organizations": []}, "highlightText": "", "language": "english", "persons": [], "text": "Oilfield-services giant Schlumberger Ltd. SLB, -4.95% announced Wednesday that it plans to acquire Cameron International Corp. CAM, +42.95% in a deal valued at $14.8 billion, saying the deal offers \"new growth opportunities by creating the industry's first complete drilling and production systems.\" Shares in Cameron, which makes equipment for the energy industry, gained 41% in premarket action, while Schlumberger shares fell 0.9%.\nRead the full story: Schlumberger to buy Cameron International for $12.7 billion", "external_links": ["http://finance.yahoo.com/news/schlumberger-announces-agreement-acquire-cameron-100000223.html"], "published": "2015-08-26T03:00:00.000+03:00", "crawled": "2015-08-26T17:09:49.394+03:00", "highlightTitle": ""}