{"organizations": [], "uuid": "6c89d44976efa004f55b29d9fe1c8afc5299b48c", "thread": {"social": {"gplus": {"shares": 0}, "pinterest": {"shares": 0}, "vk": {"shares": 0}, "linkedin": {"shares": 0}, "facebook": {"likes": 0, "shares": 0, "comments": 0}, "stumbledupon": {"shares": 0}}, "site_full": "www.menafn.com", "main_image": "http://www.menafn.com/updates/pr/2015-08/TP_933270_Winner.jpg", "site_section": "http://www.menafn.com/rss/menafn_Business_Finance.xml", "section_title": "MENAFN.com Business/Finance", "url": "http://www.menafn.com/1094319869/Qatar-Commercial-Bank-names-summer-loan-campaign-winners?src=RSS", "country": "US", "title": "Qatar- Commercial Bank names summer loan campaign winners", "performance_score": 0, "site": "menafn.com", "participants_count": 1, "title_full": "Qatar- Commercial Bank names summer loan campaign winners | MENAFN.COM", "spam_score": 0.0, "site_type": "news", "published": "2015-08-26T03:00:00.000+03:00", "replies_count": 0, "uuid": "6c89d44976efa004f55b29d9fe1c8afc5299b48c"}, "author": "The Peninsula", "url": "http://www.menafn.com/1094319869/Qatar-Commercial-Bank-names-summer-loan-campaign-winners?src=RSS", "ord_in_thread": 0, "title": "Qatar- Commercial Bank names summer loan campaign winners", "locations": [], "entities": {"persons": [], "locations": [], "organizations": []}, "highlightText": "", "language": "english", "persons": [], "text": "(MENAFN - The Peninsula) Commercial Bank has announced the 12th and final pair of winners of its summer campaign, offering customers the best personal, vehicle and mortgage loan deals.\n\nMohammad Sharique Makhdumi and Ronel Tubeo Rivera entered into the weekly draw by taking out a personal loan and each won travel vouchers worth QR15,000 to spend however and to any destination they choose.\n\nThere have been two winners every week throughout the campaign, with customers participating by taking a personal, vehicle or mortgage loan during the period. \n\nDuring the campaign, customers enjoyed personal loans with repayment rates as low as 3.99 percent reducing interest rate (equivalent to 2.15 percent flat interest rate), vehicle loans as low as 1.99 percent flat interest rate (equivalent to 3.69 percent reducing interest rate) and mortgage loans with repayment rates starting from 3.99 percent reducing interest rate (equivalent to 2.15 percent flat interest rate).\n\nAll loans came with the benefit of a payment holiday of up to six months for Qataris and up to three for expatriates, same day approvals, and banking support 24 hours.\n\nDean Proctor, EGM Chief Consumer & Private Banking, said: \"Commercial Bank continues to offer exceptional value for its customers. To give our customers more benefits over the summer months we offered two customers the chance to win travel vouchers worth QR15,000 every week until the end of the campaign. I would like to pass on my congratulations to the winners.\"", "external_links": [], "published": "2015-08-26T03:00:00.000+03:00", "crawled": "2015-08-26T17:51:37.088+03:00", "highlightTitle": ""}