{"organizations": [], "uuid": "42937a4d04b7cee9ee1ba75643656003ef05d07f", "thread": {"social": {"gplus": {"shares": 0}, "pinterest": {"shares": 0}, "vk": {"shares": 0}, "linkedin": {"shares": 0}, "facebook": {"likes": 0, "shares": 0, "comments": 0}, "stumbledupon": {"shares": 0}}, "site_full": "www.telegraph.co.uk", "main_image": "http://i.telegraph.co.uk/multimedia/archive/03419/Resolution_Games_S_3419323k.jpg", "site_section": "http://www.telegraph.co.uk/newsfeed/rss/money_city.xml", "section_title": "Finance - Business news and market updates - Telegraph", "url": "http://www.telegraph.co.uk/finance/newsbysector/mediatechnologyandtelecoms/11824633/Candy-Crush-guru-wins-Google-Ventures-first-investment-in-mainland-Europe.html", "country": "CH", "title": "Candy Crush 'guru' wins Google Ventures' first investment in mainland Europe", "performance_score": 1, "site": "telegraph.co.uk", "participants_count": 1, "title_full": "Candy Crush 'guru' wins Google Ventures' first investment in mainland Europe", "spam_score": 0.0, "site_type": "news", "published": "2015-08-26T13:33:00.000+03:00", "replies_count": 0, "uuid": "42937a4d04b7cee9ee1ba75643656003ef05d07f"}, "author": "Lauren Davidson", "url": "http://www.telegraph.co.uk/finance/newsbysector/mediatechnologyandtelecoms/11824633/Candy-Crush-guru-wins-Google-Ventures-first-investment-in-mainland-Europe.html", "ord_in_thread": 0, "title": "Candy Crush 'guru' wins Google Ventures' first investment in mainland Europe", "locations": [], "entities": {"persons": [], "locations": [], "organizations": []}, "highlightText": "", "language": "english", "persons": [], "text": "Media and Telecoms Candy Crush 'guru' wins Google Ventures' first investment in mainland Europe Resolution Games, which was started by the former \"games guru\" of Candy Crush maker King, has secured the largest investment round into a virtual reality gamer The maker of virtual reality game Solitaire Jester has raised $6m", "external_links": [], "published": "2015-08-26T13:33:00.000+03:00", "crawled": "2015-08-26T13:55:42.798+03:00", "highlightTitle": ""}