{"organizations": [], "uuid": "a1320883460526e499ee6c213371b79fdcffdb9e", "thread": {"social": {"gplus": {"shares": 0}, "pinterest": {"shares": 0}, "vk": {"shares": 0}, "linkedin": {"shares": 0}, "facebook": {"likes": 0, "shares": 0, "comments": 0}, "stumbledupon": {"shares": 0}}, "site_full": "www.reuters.com", "main_image": "", "site_section": "http://www.reuters.com/finance/personal-finance", "section_title": "Wealth, Personal Finance &amp; Money | Reuters.com", "url": "http://www.reuters.com/article/2015/08/28/usa-fed-lockhart-probability-idUSW1N0ZB01R20150828", "country": "US", "title": "Fed's Lockhart says 50/50 odds for Sept hike seem reasonable-report", "performance_score": 0, "site": "reuters.com", "participants_count": 1, "title_full": "Fed's Lockhart says 50/50 odds for Sept hike seem reasonable-report | Reuters", "spam_score": 0.0, "site_type": "news", "published": "2015-08-28T22:39:00.000+03:00", "replies_count": 0, "uuid": "a1320883460526e499ee6c213371b79fdcffdb9e"}, "author": "Reuters", "url": "http://www.reuters.com/article/2015/08/28/usa-fed-lockhart-probability-idUSW1N0ZB01R20150828", "ord_in_thread": 0, "title": "Fed's Lockhart says 50/50 odds for Sept hike seem reasonable-report", "locations": [], "entities": {"persons": [], "locations": [], "organizations": []}, "highlightText": "", "language": "english", "persons": [], "text": "WASHINGTON Aug 28 A key Federal Reserve policymaker on Friday said it was reasonable to see the odds of a rate hike in September as roughly even.\n\"(The) most recent data I saw was about a 50 percent probability, so it's 50-50 around the next meeting,\" Atlanta Fed President Dennis Lockhart told Bloomberg TV in an interview from Jackson Hole, Wyoming, referring to investor bets on the timing of a hike. \"And that seems to me, given the current circumstances, a reasonable assessment of the situation.\" (Reporting by Jason Lange and Krista Hughes ; Editing by Chizu Nomiyama)", "external_links": [], "published": "2015-08-28T22:39:00.000+03:00", "crawled": "2015-08-28T22:00:06.124+03:00", "highlightTitle": ""}