{"organizations": [], "uuid": "346c610ec2f0273c9271304ff4af4a2cef0789fc", "thread": {"social": {"gplus": {"shares": 0}, "pinterest": {"shares": 0}, "vk": {"shares": 0}, "linkedin": {"shares": 0}, "facebook": {"likes": 0, "shares": 0, "comments": 0}, "stumbledupon": {"shares": 0}}, "site_full": "www.reuters.com", "main_image": "", "site_section": "http://www.reuters.com/finance/personal-finance", "section_title": "Wealth, Personal Finance &amp; Money | Reuters.com", "url": "http://www.reuters.com/article/2015/08/28/charles-schwab-platform-down-idUSL1N1130NW20150828", "country": "US", "title": "Schwab says online access to trading platform unavailable", "performance_score": 0, "site": "reuters.com", "participants_count": 1, "title_full": "Schwab says online access to trading platform unavailable | Reuters", "spam_score": 0.0, "site_type": "news", "published": "2015-08-28T17:03:00.000+03:00", "replies_count": 0, "uuid": "346c610ec2f0273c9271304ff4af4a2cef0789fc"}, "author": "Reuters", "url": "http://www.reuters.com/article/2015/08/28/charles-schwab-platform-down-idUSL1N1130NW20150828", "ord_in_thread": 0, "title": "Schwab says online access to trading platform unavailable", "locations": [], "entities": {"persons": [], "locations": [], "organizations": []}, "highlightText": "", "language": "english", "persons": [], "text": "NEW YORK Aug 28 Charles Schwab Corp.'s online trading platforms are \"temporarily unavailable,\" a spokesman for the brokerage firm said Friday morning.\nThe spokesman did not elaborate on the cause of the problem.\nStock trading volumes have been heavy in the past week as a result of strong volatility that active investors seize upon to make trades. Earlier in the week, discount brokers Scottrade Inc and TD Ameritrade reported some order processing issues. (Reporting By Jed Horowitz; Editing by Chizu Nomiyama )", "external_links": [], "published": "2015-08-28T17:03:00.000+03:00", "crawled": "2015-08-28T16:13:21.675+03:00", "highlightTitle": ""}