{"organizations": [], "uuid": "3627cd69affa95527fa00de873c0758f2aa431b3", "thread": {"social": {"gplus": {"shares": 0}, "pinterest": {"shares": 0}, "vk": {"shares": 0}, "linkedin": {"shares": 0}, "facebook": {"likes": 0, "shares": 0, "comments": 0}, "stumbledupon": {"shares": 0}}, "site_full": "www.wsj.com", "main_image": "http://si.wsj.net/img/WSJ_Logo_black_social.gif", "site_section": "http://www.wsj.com/news/business", "section_title": "Business &amp; Finance News - Wall Street Journal", "url": "http://www.wsj.com/articles/creditors-call-for-investigation-into-sabine-forest-merger-1440620441", "country": "US", "title": "Creditors Call for Investigation Into Sabine/Forest Merger", "performance_score": 0, "site": "wsj.com", "participants_count": 1, "title_full": "Creditors Call for Investigation Into Sabine/Forest Merger - WSJ", "spam_score": 0.0, "site_type": "news", "published": "2015-08-27T00:20:00.000+03:00", "replies_count": 0, "uuid": "3627cd69affa95527fa00de873c0758f2aa431b3"}, "author": "Tom Corrigan", "url": "http://www.wsj.com/articles/creditors-call-for-investigation-into-sabine-forest-merger-1440620441", "ord_in_thread": 0, "title": "Creditors Call for Investigation Into Sabine/Forest Merger", "locations": [], "entities": {"persons": [], "locations": [], "organizations": []}, "highlightText": "", "language": "english", "persons": [], "text": "Unsecured creditors have requested a bankruptcy court’s approval to begin a wide-ranging investigation into Sabine Oil & Gas Corp.’s merger with Forest Oil Corp. last year, a deal they have called “disastrous.”\nIn court papers filed Tuesday with the U.S. Bankruptcy Court in Manhattan, the committee representing unsecured creditors said the sheer size of the lawsuits that could stem from the investigation warrants “a prompt start... ", "external_links": [], "published": "2015-08-27T00:20:00.000+03:00", "crawled": "2015-08-26T23:39:31.265+03:00", "highlightTitle": ""}