{"organizations": [], "uuid": "c6cdc7645aaf511e870667894c5e517941eb8ce9", "thread": {"social": {"gplus": {"shares": 0}, "pinterest": {"shares": 0}, "vk": {"shares": 0}, "linkedin": {"shares": 0}, "facebook": {"likes": 0, "shares": 0, "comments": 0}, "stumbledupon": {"shares": 0}}, "site_full": "uk.finance.yahoo.com", "main_image": "https://s1.yimg.com/bt/api/res/1.2/M7vS95b2fvSzHFeFStPk0A--/YXBwaWQ9eW5ld3NfbGVnbztxPTc1O3c9NjAw/http://l.yimg.com/os/mit/media/m/social/images/social_default_logo-1481777.png", "site_section": "https://uk.finance.yahoo.com/news/provider-targetukfocus/?format=rss", "section_title": "Finance News | Reuters - UK Focus - Yahoo! UK & Ireland Finance", "url": "https://uk.finance.yahoo.com/news/sterling-climbs-uk-data-points-084510950.html", "country": "US", "title": "Sterling climbs after UK data points to robust investment, exports", "performance_score": 0, "site": "yahoo.com", "participants_count": 0, "title_full": "Sterling climbs after UK data points to robust investment, exports", "spam_score": 0.0, "site_type": "news", "published": "2015-08-28T11:45:00.000+03:00", "replies_count": 0, "uuid": "c6cdc7645aaf511e870667894c5e517941eb8ce9"}, "author": "", "url": "https://uk.finance.yahoo.com/news/sterling-climbs-uk-data-points-084510950.html", "ord_in_thread": 0, "title": "Sterling climbs after UK data points to robust investment, exports", "locations": ["UK"], "entities": {"persons": [], "locations": [], "organizations": []}, "highlightText": "", "language": "english", "persons": [], "text": "Tip : Use comma (,) to separate multiple quotes. Learn more... \nFri, Aug 28, 2015, 10:00 BST - UK Markets close in 6 hrs 30 mins Sterling climbs after UK data points to robust investment, exports Reuters - UK Focus – 15 minutes ago 0.0001 0.0000 \nLONDON, Aug 28 (Reuters) - Sterling inched up against the dollar on Friday, recovering from the previous day's 1 1/2-month lows after data showed UK growth was underpinned by robust exports and business investments in the second quarter. \nSterling hit a high of $1.5427, up 0.2 percent, after the data, from $1.5400 beforehand. It (Other OTC: ITGL - news ) had fallen to $1.5370 on Thursday after data showed the United States expanded much faster in the second quarter than previously estimated, boosting a view that U.S (Other OTC: UBGXF - news ) . interest rates could rise this year. \nThe pound trimmed gains against the euro to trade at 73.22 pence per euro, having traded at 73.33 beforehand.. \nThe Office for National Statistics said UK gross domestic product rose by 0.7 percent in the second quarter of this year, confirming a preliminary reading, as expected. \nBusiness investment rose 2.9 percent on the quarter, the highest in a year while net trade boosted gross domestic product by 1.0 percentage point on the quarter, the biggest contribution from trade in four years, as exports jumped. (Reporting by Anirban Nag, editing by Nigel Stephenson)", "external_links": [], "published": "2015-08-28T11:45:00.000+03:00", "crawled": "2015-08-28T12:03:25.620+03:00", "highlightTitle": ""}