{"organizations": [], "uuid": "ec404837a31b0f3443d025f1ed4dbae4159a7f4a", "thread": {"social": {"gplus": {"shares": 0}, "pinterest": {"shares": 0}, "vk": {"shares": 0}, "linkedin": {"shares": 0}, "facebook": {"likes": 0, "shares": 0, "comments": 0}, "stumbledupon": {"shares": 0}}, "site_full": "au.finance.yahoo.com", "main_image": "https://s.yimg.com/bt/api/res/1.2/6rik6AZwuPGCiADf_9dhPQ--/YXBwaWQ9eW5ld3M7cT03NTt3PTYwMA--/http://l.yimg.com/os/mit/media/m/social/images/social_default_logo-1481777.png", "site_section": "https://au.finance.yahoo.com/news/topic-top-stories/?format=rss", "section_title": "Australian Business & World Finance News - Yahoo!7 Finance", "url": "https://au.finance.yahoo.com/news/panama-spreads-within-qld-banana-072507772.html", "country": "GB", "title": "Panama spreads within Qld banana farm", "performance_score": 0, "site": "yahoo.com", "participants_count": 0, "title_full": "Panama spreads within Qld banana farm", "spam_score": 0.0, "site_type": "news", "published": "2015-08-20T10:45:00.000+03:00", "replies_count": 0, "uuid": "ec404837a31b0f3443d025f1ed4dbae4159a7f4a"}, "author": "", "url": "https://au.finance.yahoo.com/news/panama-spreads-within-qld-banana-072507772.html", "ord_in_thread": 0, "title": "Panama spreads within Qld banana farm", "locations": ["Panama", "Australia"], "entities": {"persons": [], "locations": [], "organizations": []}, "highlightText": "", "language": "english", "persons": [], "text": "Thu, Aug 20, 2015, 5:58 PM AEST - Australia Markets closed Panama spreads within Qld banana farm AAP – 13 minutes ago Print \nA devastating fungal disease has spread within a far north Queensland banana farm. \nThe Tully property was one of two properties quarantined earlier this year after testing positive to Panama TR4, a soil-borne fungus that attacks banana plants. \nWhile the other farm was eventually given the all-clear, biosecurity authorities confirmed on Thursday a separate area of the Tully farm had returned a positive sample for Panama. @y7finance on Twitter, become a fan on Facebook Greece makes ECB repayment AFP \nGreece has received the first instalment of its third multi-billion-euro bailout and made a loan repayment of 3.4 … Terms \nQuotes are real-time for NASDAQ, NYSE, and NYSEAmex when available. See also delay times for other exchanges . Quotes and other information supplied by independent providers identified on the Yahoo! Finance partner page . Quotes are updated automatically, but will be turned off after 25 minutes of inactivity. Quotes are delayed at least 15 minutes. All information provided \"as is\" for informational purposes only, not intended for trading purposes or advice. Neither Yahoo! nor any of independent providers is liable for any informational errors, incompleteness, or delays, or for any actions taken in reliance on information contained herein. By accessing the Yahoo! site, you agree not to redistribute the information found therein. \nFundamental company data provided by Capital IQ . Historical chart data and daily updates provided by Commodity Systems, Inc. (CSI) . International historical chart data and daily updates provided by Morningstar, Inc . Yahoo7 News Network", "external_links": [], "published": "2015-08-20T10:45:00.000+03:00", "crawled": "2015-08-20T11:58:29.875+03:00", "highlightTitle": ""}