{"organizations": [], "uuid": "bf38510932b2e8b320f8d2eb5f3d411516a4e1ba", "thread": {"social": {"gplus": {"shares": 0}, "pinterest": {"shares": 0}, "vk": {"shares": 0}, "linkedin": {"shares": 0}, "facebook": {"likes": 0, "shares": 0, "comments": 0}, "stumbledupon": {"shares": 0}}, "site_full": "www.menafn.com", "main_image": "http://menafn.com/images/shared/menafnlogo_sm.gif", "site_section": "http://www.menafn.com/rss/menafn_Business_Finance.xml", "section_title": "MENAFN.com Business_Finance", "url": "http://www.menafn.com/1094321240/Global-Portable-Battery-Pack-Industry-report-for-2015-set-to-grow-according-to-forecasts&src=RSS", "country": "US", "title": "Global Portable Battery Pack Industry report for 2015 set to grow according to forecasts", "performance_score": 0, "site": "menafn.com", "participants_count": 1, "title_full": "Global Portable Battery Pack Industry report for 2015 set to grow according to forecasts | MENAFN.COM", "spam_score": 0.0, "site_type": "news", "published": "2015-08-27T03:00:00.000+03:00", "replies_count": 0, "uuid": "bf38510932b2e8b320f8d2eb5f3d411516a4e1ba"}, "author": "Press", "url": "http://www.menafn.com/1094321240/Global-Portable-Battery-Pack-Industry-report-for-2015-set-to-grow-according-to-forecasts&src=RSS", "ord_in_thread": 0, "title": "Global Portable Battery Pack Industry report for 2015 set to grow according to forecasts", "locations": [], "entities": {"persons": [], "locations": [], "organizations": []}, "highlightText": "", "language": "english", "persons": [], "text": "(MENAFN Press) ACCESS REPORT : \nThe Global Portable Battery Pack Industry 2015 Market Research Report is a professional and in-depth study on the current state of the Portable Battery Pack industry.\nThe report provides a basic overview of the industry including definitions classifications applications and industry chain structure.The Portable Battery Pack market analysis is provided for the international markets including development trends competitive landscape analysis and key regions development status.\nAVAIL SAMPLE REPORT @ \nDevelopment policies and plans are discussed as well as manufacturing processes and cost structures are also analyzed. This report also states import/export consumption supply and demand Figures cost price revenue and gross margins.\nThe report focuses on global major leading industry players providing information such as company profiles product picture and specification capacity production price cost revenue and contact information. Upstream raw materials and equipment and downstream demand analysis is also carried out.The Portable Battery Pack industry development trends and marketing channels are analyzed. Finally the feasibility of new investment projects are assessed and overall research conclusions offered.\nENQUIRE @ \nWith 185 tables and figures the report provides key statistics on the state of the industry and is a valuable source of guidance and direction for companies and individuals interested in the market.\nCHECK DISCOUNT @ \nContact Us :\nWise Guy Reports\nsales@wiseguyreports.com\n1 646 845 9349\n44 208 133 9349\n \n\n\nAbout PRBuzz.com \nPRBuzz.com is a press release distribution service that distributes press releases to online news sites and blogs to help customers with search engine optimization and create buzz about their web site, news or business.", "external_links": [], "published": "2015-08-27T03:00:00.000+03:00", "crawled": "2015-08-29T20:30:27.877+03:00", "highlightTitle": ""}