{"organizations": ["Piano Insurance"], "uuid": "04bbf16d01f8b6fcc585bb316525deb055789a7f", "thread": {"social": {"gplus": {"shares": 0}, "pinterest": {"shares": 0}, "vk": {"shares": 0}, "linkedin": {"shares": 0}, "facebook": {"likes": 0, "shares": 0, "comments": 0}, "stumbledupon": {"shares": 0}}, "site_full": "www.artipot.com", "main_image": "", "site_section": "http://rss.artipot.com/category/71", "section_title": "Artipot: Finance > Insurance Articles", "url": "http://www.artipot.com/articles/1928501/music-studio-insurance-keeps-your-trust-and-recognition-intact.htm", "country": "US", "title": "Music Studio Insurance Keeps Your Trust and Recognition Intact (Johnson Victor)", "performance_score": 0, "site": "artipot.com", "participants_count": 0, "title_full": "Music Studio Insurance Keeps Your Trust and Recognition Intact (Johnson Victor)", "spam_score": 0.0, "site_type": "news", "published": "2015-08-30T10:03:00.000+03:00", "replies_count": 0, "uuid": "04bbf16d01f8b6fcc585bb316525deb055789a7f"}, "author": "", "url": "http://www.artipot.com/articles/1928501/music-studio-insurance-keeps-your-trust-and-recognition-intact.htm", "ord_in_thread": 0, "title": "Music Studio Insurance Keeps Your Trust and Recognition Intact (Johnson Victor)", "locations": [], "entities": {"persons": [], "locations": [], "organizations": []}, "highlightText": "", "language": "english", "persons": ["Johnson Victor Aug"], "text": "By Johnson Victor Aug 30, 2015 Your friend is throwing a wedding reception next week, and has assigned you the task of venue organization, where a music event has to be organized. Have you given a thought of securing the entire venue prior to start listing the musical gears required for the musical night organized to facilitate the newly wedded couple? Securing the entire event by purchasing insurance will help you in saving your pocket from avoidable and sudden loss of finances that might occur without even alerting you. Once you approach an insurance vendor for the quote, their experts will respond you back quickly, responding all your queries, and justifying the necessity of acquiring a right nature of the policy that too in right time.For music artists, whether solo performers or associated with bands and orchestras, tow factors only matter: - their musical instrument as well as their performance. In the absence of either of these two factors, being a thriving music instrument player is of no worth. It is due to the cost factor and the level of maintenance these musical gears require, keeping the entire range of exclusive instruments along with their attachments is almost beyond imagination. This is the reason, most of the music veterans from the time of their struggling phase visit Music studios to sharpen their skills in the particular instrument they are known for. Music Studios are the hubs, visited by different professionals having their business in music and entertainment fraternity for their own business interests; the presence of students can be due to the tutorial lessons, ensembles for the practice sessions and composers and musicians for recording purpose. With the presence of a wide range of professionals at such places, studio owners are worried for the security of their instruments against a variety of threats. The Entire range of musical Instruments are delicate pieces, hence can be damaged due to negligence in handling. On the other hand they can be damaged when exposed to natural disasters as rain, thunderstorm hurricane, etc. Here, a well designed Music Studio Insurance can help you in countering entire set of issues that come as hurdle in the smooth running of your business. If, you are a music repairer and the repaired music instrument under your custody gets broken further or while fixing it up for the problems breaks down completely, the financial liabilities will never overload you if you have procured this policy from an established corner. Insurance providers with a vast and deep experience in this industry realize the prominent risks factors that somehow give trouble to the repairers; and through their expertise, have covered numerous such spots that can prove to be extremely valuable and gainful to almost all associates (repairers, musicians, dealers and so on) who are involved with this sector in some form or other.It is well known that no two business set ups counter same set of professional issues; keeping this factor in mind, Insurance vendors through their experience customized Piano Insurance so that the exclusive requirements of two different sets of veteran pianists can be met effortlessly. Over and above that, premium rates are also one of the deciding factors that results in reluctance of purchasing insurance by most of the music professionals. But, the insurance vendors who solely cater the requirements of music fraternity always have easy premiums, along with world class services added with quality and cost effective services. About the Author In this write up author explains the benefits of acquiring Music Studio Insurance , by recording studio owners and how Piano Insurance helps orchestras and ensembles. Rating:", "external_links": [], "published": "2015-08-30T10:03:00.000+03:00", "crawled": "2015-08-31T09:26:39.947+03:00", "highlightTitle": ""}