{"organizations": [], "uuid": "f0cffd3e0a02d40609aecce2bdca15f1f2aae0d7", "thread": {"social": {"gplus": {"shares": 0}, "pinterest": {"shares": 0}, "vk": {"shares": 0}, "linkedin": {"shares": 0}, "facebook": {"likes": 0, "shares": 0, "comments": 0}, "stumbledupon": {"shares": 0}}, "site_full": "www.reuters.com", "main_image": "", "site_section": "http://www.reuters.com/finance/personal-finance", "section_title": "Wealth, Personal Finance &amp; Money | Reuters.com", "url": "http://www.reuters.com/article/2015/08/24/geico-settlement-idUSL1N10Z2JV20150824", "country": "US", "title": "Geico to pay $6 mln to settle rate discrimination charges", "performance_score": 0, "site": "reuters.com", "participants_count": 1, "title_full": "Geico to pay $6 mln to settle rate discrimination charges | Reuters", "spam_score": 0.0, "site_type": "news", "published": "2015-08-25T01:58:00.000+03:00", "replies_count": 0, "uuid": "f0cffd3e0a02d40609aecce2bdca15f1f2aae0d7"}, "author": "Reuters", "url": "http://www.reuters.com/article/2015/08/24/geico-settlement-idUSL1N10Z2JV20150824", "ord_in_thread": 0, "title": "Geico to pay $6 mln to settle rate discrimination charges", "locations": [], "entities": {"persons": [], "locations": [], "organizations": []}, "highlightText": "", "language": "english", "persons": [], "text": "Aug 24 Geico, the auto insurance unit of Warren Buffett's Berkshire Hathaway Inc, agreed to pay $6 million to settle charges it discriminated based on gender, education level and occupation when quoting rates, the California Department of Insurance said on Monday.\nThe settlement resolves claims previously raised by the Consumer Federation of California.\nThat group accused Geico of targeting women, people with low and moderate incomes, and people not working in professional or executive jobs, with deceptive and inflated rate quotations.\n(Reporting by Jonathan Stempel in New York; Editing by Alan Crosby)", "external_links": [], "published": "2015-08-25T01:58:00.000+03:00", "crawled": "2015-08-25T01:06:22.429+03:00", "highlightTitle": ""}