{"organizations": ["CCM"], "uuid": "e882c1b5c6b9d46d94b9d6ae7c0af8558c23d041", "thread": {"social": {"gplus": {"shares": 0}, "pinterest": {"shares": 0}, "vk": {"shares": 0}, "linkedin": {"shares": 0}, "facebook": {"likes": 0, "shares": 0, "comments": 0}, "stumbledupon": {"shares": 0}}, "site_full": "allafrica.com", "main_image": "http://allafrica.com/static/images/structure/aa-logo-rgba-no-text-128x128.png", "site_section": "http://allafrica.com/tools/headlines/rdf/business/headlines.rdf", "section_title": "AllAfrica News: Economy, Business and Finance", "url": "http://allafrica.com/stories/201508310462.html", "country": "US", "title": "Tanzania: Kikwete to Chair Business Council Meeting", "performance_score": 0, "site": "allafrica.com", "participants_count": 0, "title_full": "Tanzania: Kikwete to Chair Business Council Meeting", "spam_score": 0.0, "site_type": "news", "published": "2015-08-31T11:12:00.000+03:00", "replies_count": 0, "uuid": "e882c1b5c6b9d46d94b9d6ae7c0af8558c23d041"}, "author": "", "url": "http://allafrica.com/stories/201508310462.html", "ord_in_thread": 0, "title": "Tanzania: Kikwete to Chair Business Council Meeting", "locations": ["Tanzania"], "entities": {"persons": [], "locations": [], "organizations": []}, "highlightText": "", "language": "english", "persons": ["Kikwete"], "text": "Tanzania: CCM and Opposition Bank On Youth Votes \n\"This crucial meeting will attract ministers, permanent secretaries and business leaders to deliberate issues related to improving national competitiveness and economic prosperity,\" he said, adding that preparations for the meeting have already been completed. \nAccording Eng. Mbilinyi, the Council's chairman among other issues will receive two task force reports on improving business environment and tourism transformation. \nHe said the meeting will also reinforce the need to maintain a competitive business environment for attracting private investments. \nPoverty reduction, cutting down administrative costs of doing business for Small and Medium Enterprises (SMEs) in an effort to facilitate rapid job creation and private sector-led economy,\" he stressed. \nTNBC is a platform that provides strategic forum for public and private sector leaders to deliberate issues of promoting economic growth. \nThe council also gives room for members to exchange views on improving business regulatory environment to enhance national economic competitiveness in the long run. Tanzania \nA resident of Korogwe District in Tanga Region, Mathias Barua, will remain behind bars for 30 years for having unnatural … see more » Copyright © 2015 Tanzania Daily News. All rights reserved. Distributed by AllAfrica Global Media ( allAfrica.com ). To contact the copyright holder directly for corrections — or for permission to republish or make other authorized use of this material, click here. AllAfrica publishes around 2,000 reports a day from more than 130 news organizations and over 200 other institutions and individuals , representing a diversity of positions on every topic. We publish news and views ranging from vigorous opponents of governments to government publications and spokespersons. Publishers named above each report are responsible for their own content, which AllAfrica does not have the legal right to edit or correct. Articles and commentaries that identify allAfrica.com as the publisher are produced or commissioned by AllAfrica . To address comments or complaints, please Contact us .", "external_links": [], "published": "2015-08-31T11:12:00.000+03:00", "crawled": "2015-08-31T11:31:00.972+03:00", "highlightTitle": ""}