{"organizations": [], "uuid": "deab39275afb10dd72379a2ff6a3923adb8f130b", "thread": {"social": {"gplus": {"shares": 0}, "pinterest": {"shares": 0}, "vk": {"shares": 0}, "linkedin": {"shares": 0}, "facebook": {"likes": 0, "shares": 0, "comments": 0}, "stumbledupon": {"shares": 0}}, "site_full": "www.cbs8.com", "main_image": "", "site_section": "http://www.cbs8.com/category/120652/money", "section_title": "Money: Personal Finance, Business, Small Business news features - CBS News 8 - San Diego, CA News Station - KFMB Channel 8", "url": "http://www.cbs8.com/story/29889822/chinese-stock-index-jumps-53-percent-as-asian-stocks-rise", "country": "US", "title": "Chinese stock index jumps 5.3 percent as Asian stocks rise - CBS News 8 - San Diego, CA News Station - KFMB Channel 8", "performance_score": 0, "site": "cbs8.com", "participants_count": 1, "title_full": "Chinese stock index jumps 5.3 percent as Asian stocks rise - CBS News 8 - San Diego, CA News Station - KFMB Channel 8", "spam_score": 0.0, "site_type": "news", "published": "2015-08-27T03:00:00.000+03:00", "replies_count": 0, "uuid": "deab39275afb10dd72379a2ff6a3923adb8f130b"}, "author": "cbs8", "url": "http://www.cbs8.com/story/29889822/chinese-stock-index-jumps-53-percent-as-asian-stocks-rise", "ord_in_thread": 0, "title": "Chinese stock index jumps 5.3 percent as Asian stocks rise - CBS News 8 - San Diego, CA News Station - KFMB Channel 8", "locations": [], "entities": {"persons": [], "locations": [], "organizations": []}, "highlightText": "", "language": "english", "persons": [], "text": "BEIJING (AP) - China's main stock market index has surged 5.3 percent, its biggest gain in eight weeks, as Asian markets rose following Wall Street's overnight rebound.\nThe Shanghai Composite Index jumped 156.30 points to close at 3,083.59 points Thursday, bouncing back from a string of sharp declines.\nIt was the Chinese benchmark's biggest one-day gain since in June 30.\nStock markets also rose in Japan, South Korea, Hong Kong, Sydney and elsewhere across the Asia-Pacific region.\nCopyright 2015 The Associated Press. All rights reserved. This material may not be published, broadcast, rewritten or redistributed.", "external_links": [], "published": "2015-08-27T03:00:00.000+03:00", "crawled": "2015-08-27T10:53:37.371+03:00", "highlightTitle": ""}