{"organizations": [], "uuid": "975200a383e72f814f07275613ca63db47068448", "thread": {"social": {"gplus": {"shares": 0}, "pinterest": {"shares": 0}, "vk": {"shares": 0}, "linkedin": {"shares": 0}, "facebook": {"likes": 0, "shares": 0, "comments": 0}, "stumbledupon": {"shares": 0}}, "site_full": "allafrica.com", "main_image": "http://allafrica.com/static/images/structure/aa-logo-rgba-no-text-128x128.png", "site_section": "http://allafrica.com/tools/headlines/rdf/business/headlines.rdf", "section_title": "AllAfrica News: Economy, Business and Finance", "url": "http://allafrica.com/stories/201508290052.html", "country": "US", "title": "South Africa: Petrol Price Drops By 69 Cents", "performance_score": 0, "site": "allafrica.com", "participants_count": 0, "title_full": "South Africa: Petrol Price Drops By 69 Cents", "spam_score": 0.0, "site_type": "news", "published": "2015-08-29T08:01:00.000+03:00", "replies_count": 0, "uuid": "975200a383e72f814f07275613ca63db47068448"}, "author": "", "url": "http://allafrica.com/stories/201508290052.html", "ord_in_thread": 0, "title": "South Africa: Petrol Price Drops By 69 Cents", "locations": ["Maputo", "Mozambique", "South Africa"], "entities": {"persons": [], "locations": [], "organizations": []}, "highlightText": "", "language": "english", "persons": [], "text": "Mozambique: Journalist Assassinated in Maputo \nPretoria — The price of petrol will drop by 69 cents a litre as of next week, the Department of Energy said on Friday. \nThe price of Diesel 0.05% Sulphur will decrease by 54 cents, while that of Diesel 0.005% Sulphur will decrease by 51 cents. \nThe price of Illuminating Paraffin (Wholesale) will decrease by 55 cents, while the price of Illuminating Paraffin (SMNRP) will decrease by 74 cents. \nThe Maximum Retail Price for LPGAS will come down by 115 cents per kilogram. \nAccording to the department, the average international product prices of petrol, diesel and illuminating paraffin decreased during the period under review. \nThe new prices will come into effect on Wednesday. South Africa \nThroughout history intellectual property has been a contested terrain. Recent legal disputes involving big companies … see more » Copyright © 2015 SAnews.gov.za. All rights reserved. Distributed by AllAfrica Global Media ( allAfrica.com ). To contact the copyright holder directly for corrections — or for permission to republish or make other authorized use of this material, click here. AllAfrica publishes around 2,000 reports a day from more than 130 news organizations and over 200 other institutions and individuals , representing a diversity of positions on every topic. We publish news and views ranging from vigorous opponents of governments to government publications and spokespersons. Publishers named above each report are responsible for their own content, which AllAfrica does not have the legal right to edit or correct. Articles and commentaries that identify allAfrica.com as the publisher are produced or commissioned by AllAfrica . To address comments or complaints, please Contact us .", "external_links": [], "published": "2015-08-29T08:01:00.000+03:00", "crawled": "2015-08-29T11:31:47.114+03:00", "highlightTitle": ""}