{"organizations": [], "uuid": "7bc04fc78c500b05d0a5b54a61423ec2d598ea80", "thread": {"social": {"gplus": {"shares": 0}, "pinterest": {"shares": 0}, "vk": {"shares": 0}, "linkedin": {"shares": 0}, "facebook": {"likes": 0, "shares": 0, "comments": 0}, "stumbledupon": {"shares": 0}}, "site_full": "www.menafn.com", "main_image": "http://www.menafn.com/updates/pr/2015-08/Pro_wall_street_2_350_55e24a6f34efce8857a4a-2e85-40a7-b6f3-12c5f6642d1a.jpg", "site_section": "http://www.menafn.com/rss/menafn_Business_Finance.xml", "section_title": "MENAFN.com Business/Finance", "url": "http://www.menafn.com/1094323518/Wall-Street-has-a-quiet-Friday-after-volatile-week?src=RSS", "country": "US", "title": "Wall Street has a quiet Friday after volatile week", "performance_score": 0, "site": "menafn.com", "participants_count": 1, "title_full": "Wall Street has a quiet Friday after volatile week | MENAFN.COM", "spam_score": 0.0, "site_type": "news", "published": "2015-08-30T03:00:00.000+03:00", "replies_count": 0, "uuid": "7bc04fc78c500b05d0a5b54a61423ec2d598ea80"}, "author": "ProactiveInvestors  Australia", "url": "http://www.menafn.com/1094323518/Wall-Street-has-a-quiet-Friday-after-volatile-week?src=RSS", "ord_in_thread": 0, "title": "Wall Street has a quiet Friday after volatile week", "locations": [], "entities": {"persons": [], "locations": [], "organizations": []}, "highlightText": "", "language": "english", "persons": [], "text": "(MENAFN - ProactiveInvestors)U.S. shares ended little changed on Friday after an extreme week of volatility.\n\nBy the close the Dow Jones had eased 12 points to 16643. The S&P 500 added 0.1% to 1999 while the NASDAQ climbed 0.3% to 4828.\n\nData out on Friday did show US consumer spending picked up last month (July) offering a further indication of a possible rise this year.\n\nWall Street round-up \n\nIn stock news miner Freeport McMoran (NYSE:FXC) nudged almost 2% higher to 10.39 a it emerged activist investor Carl Icahn is now the biggest shareholder in the company\n\nIcahn said he wanted to discuss cuts to Freeport's operations and capital spending and might seek representation on the board.\n\nAutodesk (NASDAQ:ADSK) lost ground after the maker of computer-aided design (CAD) software swung to a second-quarter loss and cut its full-year outlook as it continues to shift to a subscription-based model.\n\nShares fell 5.3% to US47.27 in New York expanding this year’s loss to 17%.\n\nScotiabank (TSE:BNS) Canada's third-largest bank posted a third-quarter profit that topped market expectations helped by growth in its international retail banking segment. Despite that shares ease 0.9% to C59.47.\n\nFirst Quantum Minerals (TSE:FM) shares were lifted as the miner kicked off production at its 2.1bn Sentinel mine in copper-rich Zambia.\n \nProactive Investors Australia is the market leader in producing news articles and research reports on ASX emerging companies with distribution in Australia UK North America and Hong Kong / China.", "external_links": [], "published": "2015-08-30T03:00:00.000+03:00", "crawled": "2015-08-31T00:43:32.138+03:00", "highlightTitle": ""}