{"organizations": [], "uuid": "bf4698c0ac0987b9c220946a490df6ac05682348", "thread": {"social": {"gplus": {"shares": 0}, "pinterest": {"shares": 0}, "vk": {"shares": 0}, "linkedin": {"shares": 0}, "facebook": {"likes": 0, "shares": 0, "comments": 0}, "stumbledupon": {"shares": 0}}, "site_full": "media.smh.com.au", "main_image": "http://images.smh.com.au/2015/08/25/6793243/market32.jpg", "site_section": "http://www.smh.com.au/business/markets/sectors/share-listing/3030/consumer-staples/household-and-personal-products", "section_title": "Business News, Economy, Finance &amp; ASX Market News", "url": "http://media.smh.com.au/video-news/video-world-news/chinese-market-falls-weigh-on-government-6793241.html", "country": "AU", "title": "Chinese market plunges put pressure on government", "performance_score": 0, "site": "smh.com.au", "participants_count": 1, "title_full": "Chinese market plunges put pressure on government", "spam_score": 0.0, "site_type": "news", "published": "2015-08-25T03:00:00.000+03:00", "replies_count": 0, "uuid": "bf4698c0ac0987b9c220946a490df6ac05682348"}, "author": "The Sydney Morning Herald", "url": "http://media.smh.com.au/video-news/video-world-news/chinese-market-falls-weigh-on-government-6793241.html", "ord_in_thread": 0, "title": "Chinese market plunges put pressure on government", "locations": [], "entities": {"persons": [], "locations": [], "organizations": []}, "highlightText": "", "language": "english", "persons": [], "text": "Concerns over China's economy deepen as shares tumble despite efforts by Beijing to prop up the market, Fairfax correspondent Philip Wen reports.", "external_links": [], "published": "2015-08-25T03:00:00.000+03:00", "crawled": "2015-08-25T12:11:52.417+03:00", "highlightTitle": ""}