{"organizations": [], "uuid": "11537c0b7a86314a6d6de222d437bd9e0a321bd6", "thread": {"social": {"gplus": {"shares": 0}, "pinterest": {"shares": 0}, "vk": {"shares": 0}, "linkedin": {"shares": 0}, "facebook": {"likes": 0, "shares": 0, "comments": 0}, "stumbledupon": {"shares": 0}}, "site_full": "www.telegraph.co.uk", "main_image": "http://i.telegraph.co.uk/multimedia/archive/03421/minemain_3421528k.jpg", "site_section": "http://www.telegraph.co.uk/finance/", "section_title": "Finance - Business news and market updates - Telegraph - Telegraph", "url": "http://www.telegraph.co.uk/finance/newsbysector/industry/mining/11829395/Boards-and-investors-have-let-the-mining-sector-dig-itself-into-a-hole.html", "country": "GB", "title": "Boards and investors have let the mining sector dig itself into a hole", "performance_score": 0, "site": "telegraph.co.uk", "participants_count": 3, "title_full": "Boards and investors have let the mining sector dig itself into a hole - Telegraph", "spam_score": 0.0, "site_type": "news", "published": "2015-08-28T03:20:00.000+03:00", "replies_count": 2, "uuid": "5e25830b35edce298d9d9d0c063d8b9972ce145c"}, "author": "Ian McVeigh", "url": "http://www.telegraph.co.uk/finance/newsbysector/industry/mining/11829395/Boards-and-investors-have-let-the-mining-sector-dig-itself-into-a-hole.html#post-0", "ord_in_thread": 0, "title": "Boards and investors have let the mining sector dig itself into a hole", "locations": [], "entities": {"persons": [], "locations": [], "organizations": []}, "highlightText": "", "language": "english", "persons": [], "text": " ", "external_links": [], "published": "2015-08-28T03:20:00.000+03:00", "crawled": "2015-08-28T12:43:53.440+03:00", "highlightTitle": ""}