{"organizations": [], "uuid": "72cd921205d8d483b46861c14ed9106ec3f159f4", "thread": {"social": {"gplus": {"shares": 0}, "pinterest": {"shares": 0}, "vk": {"shares": 0}, "linkedin": {"shares": 0}, "facebook": {"likes": 0, "shares": 0, "comments": 0}, "stumbledupon": {"shares": 0}}, "site_full": "www.menafn.com", "main_image": "http://www.menafn.com/updates/pr/2015-08/QN_763791_QNA-China-Central-Bank2682015.jpg", "site_section": "http://www.menafn.com/rss/menafn_Business_Finance.xml", "section_title": "MENAFN.com Business/Finance", "url": "http://www.menafn.com/1094320448/Chinas-Central-Bank-Pumps-in-Billions-to-Ease-Liquidity-Strain?src=RSS", "country": "US", "title": "China's Central Bank Pumps in Billions to Ease Liquidity Strain", "performance_score": 0, "site": "menafn.com", "participants_count": 1, "title_full": "China's Central Bank Pumps in Billions to Ease Liquidity Strain | MENAFN.COM", "spam_score": 0.0, "site_type": "news", "published": "2015-08-26T03:00:00.000+03:00", "replies_count": 0, "uuid": "72cd921205d8d483b46861c14ed9106ec3f159f4"}, "author": "Qatar News Agency", "url": "http://www.menafn.com/1094320448/Chinas-Central-Bank-Pumps-in-Billions-to-Ease-Liquidity-Strain?src=RSS", "ord_in_thread": 0, "title": "China's Central Bank Pumps in Billions to Ease Liquidity Strain", "locations": [], "entities": {"persons": [], "locations": [], "organizations": []}, "highlightText": "", "language": "english", "persons": [], "text": "(MENAFN - Qatar News Agency) The Chinese central bank on Tuesday pumped the most funds into the financial system in open market operations since January 2014 amid efforts to ease a liquidity strain.\n\nThe People's Bank of China (PBOC) conducted 150 billion yuan (23.4 billion) of seven-day reverse repurchase agreements (repo), a process in which central banks purchase securities from banks with an agreement to resell them in the future.\n\nThe reverse repo was priced to yield 2.5 percent, unchanged from the yield on a net injection last week of 150 billion yuan using reverse repos, according to a PBOC's statement.\n\nLiquidity in the money market has tightened due to dropping new yuan funds outstanding for foreign exchange and a depreciating Chinese yuan.", "external_links": [], "published": "2015-08-26T03:00:00.000+03:00", "crawled": "2015-08-27T02:07:11.327+03:00", "highlightTitle": ""}