{"organizations": [], "uuid": "4b89fd9035ba90eb0b84dacf6010c8e91d17df42", "thread": {"social": {"gplus": {"shares": 0}, "pinterest": {"shares": 0}, "vk": {"shares": 0}, "linkedin": {"shares": 0}, "facebook": {"likes": 0, "shares": 0, "comments": 0}, "stumbledupon": {"shares": 0}}, "site_full": "www.reuters.com", "main_image": "", "site_section": "http://www.reuters.com/finance/personal-finance", "section_title": "Wealth, Personal Finance &amp; Money | Reuters.com", "url": "http://www.reuters.com/article/2015/08/21/sonocoproducts-results-idUSASB0A3UP20150821", "country": "US", "title": "CORRECTED-BRIEF-Sonoco posts Q2 GAAP earnings $0.63/share (Aug. 20)", "performance_score": 0, "site": "reuters.com", "participants_count": 1, "title_full": "CORRECTED-BRIEF-Sonoco posts Q2 GAAP earnings $0.63/share (Aug. 20) | Reuters", "spam_score": 0.0, "site_type": "news", "published": "2015-08-21T20:51:00.000+03:00", "replies_count": 0, "uuid": "4b89fd9035ba90eb0b84dacf6010c8e91d17df42"}, "author": "Reuters", "url": "http://www.reuters.com/article/2015/08/21/sonocoproducts-results-idUSASB0A3UP20150821", "ord_in_thread": 0, "title": "CORRECTED-BRIEF-Sonoco posts Q2 GAAP earnings $0.63/share (Aug. 20)", "locations": [], "entities": {"persons": [], "locations": [], "organizations": []}, "highlightText": "", "language": "english", "persons": [], "text": "(Corrects core earnings per share in fourth bullet to $0.68 from $0.66 in Aug. 20 item) Aug 20 Sonoco Products Co : * Reports second quarter and year-to-date 2015 financial results * Q2 GAAP earnings per share $0.63 * Q2 earnings per share view $0.67 -- Thomson Reuters I/B/E/S * Q2 core earnings per share $0.68 * Company completes review of Mexico packaging center misstatements * Restates historical consolidated financial results * Says notifies of late filing of second quarter form 10-q * Part of the company's display and packaging segment, had been overstated\nsince 2012\" * Reported consolidated revenue and cost of sales had been misstated from 2012\nthrough the first quarter of 2015\" * Misstatement resulted in cumulative overstatement of net income of\napproximately $23.3 million, or $.23 per diluted share * Company is not in compliance with the continued listing requirements under\nthe timely filing criteria * Source text for Eikon * Further company coverage", "external_links": [], "published": "2015-08-21T20:51:00.000+03:00", "crawled": "2015-08-21T20:09:18.816+03:00", "highlightTitle": ""}