{"organizations": [], "uuid": "3906335209328e9975d65534eff20c2c37612895", "thread": {"social": {"gplus": {"shares": 0}, "pinterest": {"shares": 0}, "vk": {"shares": 0}, "linkedin": {"shares": 0}, "facebook": {"likes": 0, "shares": 0, "comments": 0}, "stumbledupon": {"shares": 0}}, "site_full": "www.reuters.com", "main_image": "", "site_section": "http://www.reuters.com/finance/personal-finance", "section_title": "Wealth, Personal Finance &amp; Money | Reuters.com", "url": "http://www.reuters.com/article/2015/08/28/cencosud-results-idUSC0N0XJ00Q20150828", "country": "US", "title": "Latin America retailer Cencosud writes down Brazil assets", "performance_score": 0, "site": "reuters.com", "participants_count": 1, "title_full": "Latin America retailer Cencosud writes down Brazil assets | Reuters", "spam_score": 0.0, "site_type": "news", "published": "2015-08-28T16:25:00.000+03:00", "replies_count": 0, "uuid": "3906335209328e9975d65534eff20c2c37612895"}, "author": "Reuters", "url": "http://www.reuters.com/article/2015/08/28/cencosud-results-idUSC0N0XJ00Q20150828", "ord_in_thread": 0, "title": "Latin America retailer Cencosud writes down Brazil assets", "locations": [], "entities": {"persons": [], "locations": [], "organizations": []}, "highlightText": "", "language": "english", "persons": [], "text": "SANTIAGO Aug 28 Latin American retailer Cencosud said it had adjusted its forecast flows for Brazil on worries over its economy, which had led it to a write-off of goodwill related to its assets in the country.\n\"The reduction in the value of Brazilian assets has no effect on the cashflow expected for the year, nor the company's compliance with its ability to pay and its covenants,\" the Chile-based company said on Friday alongside second-quarter results.\nHowever, its ability to pay dividends could be limited in 2015, it added.\nCencosud owns supermarkets, home improvement chains, and department stores in Chile, Peru, Argentina, Colombia and Brazil. ($1 = 691.8300 Chilean pesos) (Reporting by Rosalba O'Brien ; Editing by Chizu Nomiyama )", "external_links": [], "published": "2015-08-28T16:25:00.000+03:00", "crawled": "2015-08-28T15:36:07.798+03:00", "highlightTitle": ""}