{"organizations": ["Canaccord"], "uuid": "a823afc19c22e56f3dd8edeb6243f516c5bfbf8b", "thread": {"social": {"gplus": {"shares": 0}, "pinterest": {"shares": 0}, "vk": {"shares": 0}, "linkedin": {"shares": 0}, "facebook": {"likes": 0, "shares": 0, "comments": 0}, "stumbledupon": {"shares": 0}}, "site_full": "uk.finance.yahoo.com", "main_image": "https://s.yimg.com/bt/api/res/1.2/6rik6AZwuPGCiADf_9dhPQ--/YXBwaWQ9eW5ld3M7cT03NTt3PTYwMA--/http://l.yimg.com/os/mit/media/m/social/images/social_default_logo-1481777.png", "site_section": "https://uk.finance.yahoo.com/news/sector-oil-gas/?format=rss", "section_title": "Oil News | Gas News - Yahoo! Finance UK", "url": "https://uk.finance.yahoo.com/news/canaccord-upgrades-premier-oil-hold-154500359.html", "country": "US", "title": "Canaccord upgrades Premier Oil to 'hold' after first half result", "performance_score": 0, "site": "yahoo.com", "participants_count": 0, "title_full": "Canaccord upgrades Premier Oil to 'hold' after first half result", "spam_score": 0.0, "site_type": "news", "published": "2015-08-26T18:45:00.000+03:00", "replies_count": 0, "uuid": "a823afc19c22e56f3dd8edeb6243f516c5bfbf8b"}, "author": "", "url": "https://uk.finance.yahoo.com/news/canaccord-upgrades-premier-oil-hold-154500359.html", "ord_in_thread": 0, "title": "Canaccord upgrades Premier Oil to 'hold' after first half result", "locations": [], "entities": {"persons": [], "locations": [], "organizations": []}, "highlightText": "", "language": "english", "persons": [], "text": "Tip : Use comma (,) to separate multiple quotes. Learn more... \nWed, Aug 26, 2015, 16:49 BST - UK Markets closed Canaccord upgrades Premier Oil to 'hold' after first half result By Victoria Young | Sharecast – 4 minutes 2 seconds ago 33.69 -0.30 \nLONDON (ShareCast) - (ShareCast News) - Canaccord Genuity (Other OTC: CCORF - news ) upgraded its recommendation for Premier Oil (LSE: PMO.L - news ) to 'hold' from 'sell' and lifted its price target to 105p from 100p. The brokerage reviewed the oil company's position after its first half results and amid falling oil prices. \nIn a note to clients, analyst Charlie Sharp said Premier (NasdaqGS: PINC - news ) would be well positioned down to $60bbl, perhaps with minimal adjustments, cost improvements or asset sales. \nHowever if the price of oil dropped to $50/bbl or lower debt profiles would continue increasing and the covenant issue could re-emerge. \n\"An oil price recovery would likely see a strong stock rally, but at current levels and ahead of the Solan field production delivery and successful ramp-up, we remain cautious,\" Sharp said. \nCanaccord said overall the company was in a good position regarding its balance sheet and had further opportunities to adjust if the oil price remained very low for an extended period. \nThe brokerage said Premier's Solan project, which was expected to come on-stream at the end of the year, was the company's most important asset by value and still had significant operational risk. \n\"Furthermore, the substantial and still increasing projected net debt together with the changing value of the tax losses under different oil prices, mean that the equity value is very sensitive to commodity prices (Other OTC: UBGXF - news ) .\"", "external_links": [], "published": "2015-08-26T18:45:00.000+03:00", "crawled": "2015-08-26T18:49:11.993+03:00", "highlightTitle": ""}