{"organizations": [], "uuid": "e357b5ca026d355e90d0fc0b8ec7ccc6758406e7", "thread": {"social": {"gplus": {"shares": 0}, "pinterest": {"shares": 0}, "vk": {"shares": 0}, "linkedin": {"shares": 0}, "facebook": {"likes": 0, "shares": 0, "comments": 0}, "stumbledupon": {"shares": 0}}, "site_full": "www.reuters.com", "main_image": "", "site_section": "http://www.reuters.com/finance/personal-finance", "section_title": "Wealth, Personal Finance &amp; Money | Reuters.com", "url": "http://www.reuters.com/article/2015/08/25/markets-forex-yen-idUSS7N0YG00Q20150825", "country": "US", "title": "Dollar rebounds vs yen as U.S. equity futures rise", "performance_score": 0, "site": "reuters.com", "participants_count": 1, "title_full": "Dollar rebounds vs yen as U.S. equity futures rise | Reuters", "spam_score": 0.0, "site_type": "news", "published": "2015-08-25T06:07:00.000+03:00", "replies_count": 0, "uuid": "e357b5ca026d355e90d0fc0b8ec7ccc6758406e7"}, "author": "Reuters", "url": "http://www.reuters.com/article/2015/08/25/markets-forex-yen-idUSS7N0YG00Q20150825", "ord_in_thread": 0, "title": "Dollar rebounds vs yen as U.S. equity futures rise", "locations": [], "entities": {"persons": [], "locations": [], "organizations": []}, "highlightText": "", "language": "english", "persons": [], "text": "SINGAPORE Aug 25 The dollar extended its gains versus the yen on Tuesday and rose 1.4 percent on the day at one point, as a rise in U.S. stock index futures helped ease risk aversion.\nThe dollar rose to as high as 120.10 yen, up about 1.4 percent on the day. That marked a gain of 3.4 percent from Monday's seven-month low of 116.15 yen.\nThe dollar last traded at 119.92 yen, up 1.3 percent from late U.S. trading on Monday. (Reporting by Masayuki Kitano ; Editing by Eric Meijer)", "external_links": [], "published": "2015-08-25T06:07:00.000+03:00", "crawled": "2015-08-25T05:20:15.748+03:00", "highlightTitle": ""}