{"organizations": [], "uuid": "dba9142e89a56cc0c2850ec210378eb798c11bdf", "thread": {"social": {"gplus": {"shares": 0}, "pinterest": {"shares": 0}, "vk": {"shares": 0}, "linkedin": {"shares": 0}, "facebook": {"likes": 0, "shares": 0, "comments": 0}, "stumbledupon": {"shares": 0}}, "site_full": "www.business-standard.com", "main_image": "http://bsmedia.business-standard.com/_media/bs/img/article/2015-05/11/full/1431355005-4094.jpg", "site_section": "http://www.business-standard.com//rss/finance-103.rss#", "section_title": "Finance", "url": "http://www.business-standard.com/article/pti-stories/rupee-higher-26-paise-against-dollar-in-early-trade-115082700111_1.html", "country": "IN", "title": "Rupee higher 26 paise against dollar in early trade News", "performance_score": 0, "site": "business-standard.com", "participants_count": 1, "title_full": "Rupee higher 26 paise against dollar in early trade | Business Standard News", "spam_score": 0.0, "site_type": "news", "published": "2015-08-27T03:00:00.000+03:00", "replies_count": 0, "uuid": "dba9142e89a56cc0c2850ec210378eb798c11bdf"}, "author": "Press Trust of India", "url": "http://www.business-standard.com/article/pti-stories/rupee-higher-26-paise-against-dollar-in-early-trade-115082700111_1.html", "ord_in_thread": 0, "title": "Rupee higher 26 paise against dollar in early trade News", "locations": [], "entities": {"persons": [], "locations": [], "organizations": []}, "highlightText": "", "language": "english", "persons": [], "text": "Image via Shutterstock The rupee recovered by 26 paise to 65.88 against the US dollar at the Interbank Foreign Exchange market in early trade today on selling of the American currency.\n\nForex dealers said besides selling of the American currency by exporters and banks, weakness in the dollar against other currencies supported the rupee.\n\nFurther, domestic equity markets opening on strong note also influenced the rupee uptrend, they added.\n\nThe rupee had lost 4 paise versus the dollar to end at 66.14 in the previous session on renewed dollar demand from importers amid global volatility.\n\nThe benchmark BSE Sensex rose 455.73 points, or 1.77%, to 26,170.39 in early trade today.", "external_links": [], "published": "2015-08-27T03:00:00.000+03:00", "crawled": "2015-08-27T08:10:42.539+03:00", "highlightTitle": ""}