{"organizations": [], "uuid": "59e53f74f815194f6bb7d99b9d23e03be19963b1", "thread": {"social": {"gplus": {"shares": 0}, "pinterest": {"shares": 0}, "vk": {"shares": 0}, "linkedin": {"shares": 0}, "facebook": {"likes": 0, "shares": 0, "comments": 0}, "stumbledupon": {"shares": 0}}, "site_full": "www.telegraph.co.uk", "main_image": "http://i.telegraph.co.uk/multimedia/archive/02388/PF-equity-release_2388667k.jpg", "site_section": "http://www.telegraph.co.uk/finance/", "section_title": "Finance - Business news and market updates - Telegraph - Telegraph", "url": "http://www.telegraph.co.uk/finance/personalfinance/borrowing/mortgages/11833762/Cheap-loans-and-high-house-prices-combine-into-remortgaging-boom.html", "country": "GB", "title": "Cheap loans and high house prices combine into remortgaging boom", "performance_score": 0, "site": "telegraph.co.uk", "participants_count": 2, "title_full": "Cheap loans and high house prices combine into remortgaging boom - Telegraph", "spam_score": 0.0, "site_type": "news", "published": "2015-08-31T14:00:00.000+03:00", "replies_count": 1, "uuid": "7f7ea28e3b799a53e2bb9c4fc7e52fb262135370"}, "author": "Tim Wallace", "url": "http://www.telegraph.co.uk/finance/personalfinance/borrowing/mortgages/11833762/Cheap-loans-and-high-house-prices-combine-into-remortgaging-boom.html#post-0", "ord_in_thread": 0, "title": "Cheap loans and high house prices combine into remortgaging boom", "locations": [], "entities": {"persons": [], "locations": [], "organizations": []}, "highlightText": "", "language": "english", "persons": [], "text": " Telegraph Mortgage Comparison» Telegraph Mortgages Fee-free, expert advice on the right mortgage for you. 1,000's of deals compared Compare", "external_links": [], "published": "2015-08-31T14:00:00.000+03:00", "crawled": "2015-08-31T11:55:16.456+03:00", "highlightTitle": ""}