{"organizations": [], "uuid": "6c2ce7a44a64b13bd26a7072ff518a6ce3ba2332", "thread": {"social": {"gplus": {"shares": 0}, "pinterest": {"shares": 0}, "vk": {"shares": 0}, "linkedin": {"shares": 0}, "facebook": {"likes": 0, "shares": 0, "comments": 0}, "stumbledupon": {"shares": 0}}, "site_full": "www.prweb.com", "main_image": "http://ww1.prweb.com/prfiles/2015/08/26/12925541/fred.jpg", "site_section": "http://www.prweb.com/rss2/finance.xml", "section_title": "Business: Finance", "url": "http://www.prweb.com/releases/2015/08/prweb12925541.htm", "country": "US", "title": "OrthoPediatrics Elects CFO to Board", "performance_score": 0, "site": "prweb.com", "participants_count": 1, "title_full": "OrthoPediatrics Elects CFO to Board", "spam_score": 0.0, "site_type": "news", "published": "2015-08-26T03:00:00.000+03:00", "replies_count": 0, "uuid": "6c2ce7a44a64b13bd26a7072ff518a6ce3ba2332"}, "author": "Alicia Mort", "url": "http://www.prweb.com/releases/2015/08/prweb12925541.htm", "ord_in_thread": 0, "title": "OrthoPediatrics Elects CFO to Board", "locations": [], "entities": {"persons": [], "locations": [], "organizations": []}, "highlightText": "", "language": "english", "persons": [], "text": "Fred L. Hite, Chief Financial Officer, has been elected to the board of OrthoPediatrics Corp. at the Company’s annual shareholders’ meeting. Mr. Hite joined OrthoPediatrics in February after a ten-year career as CFO and Investor Relations Director of Symmetry Medical Inc. During his tenure, Symmetry grew from a $165 million privately held contract manufacturer into a public company with over $400 million in revenue, including distribution of hospital surgical instruments. Prior to joining Symmetry, Mr. Hite spent over 10 years at General Electric in a variety of finance positions.\nTerry Schlotterback, Chairman, said, “We are delighted that Fred has been elected to our board, and it is another step forward as the Company prepares to fund future growth and drive shareholder value.”\nMr. Hite said, “I am thrilled to join a board composed of executives of stature and integrity. I have enjoyed working with our directors as CFO, and I will now look forward to this new stage of our relationship.”\nAbout OrthoPediatrics Corp\nOrthoPediatrics Corp is a privately held global leader of orthopedic surgical systems focused exclusively on providing pediatric orthopedic surgeons quality and innovative products in children’s hospitals. The Company is the only end-to-end provider of pediatric surgical implants and instruments and has the only global pediatric sales and distribution system in the orthopedic industry. Founded in 2007, the Company has experienced significant growth with the introduction of 18 surgical systems and distribution in more than 30 countries.\n###", "external_links": [], "published": "2015-08-26T03:00:00.000+03:00", "crawled": "2015-08-26T20:06:52.426+03:00", "highlightTitle": ""}