{"organizations": [], "uuid": "3812e4fceab5b7d0348d04889a2e33e5dcc03805", "thread": {"social": {"gplus": {"shares": 0}, "pinterest": {"shares": 0}, "vk": {"shares": 0}, "linkedin": {"shares": 0}, "facebook": {"likes": 0, "shares": 0, "comments": 0}, "stumbledupon": {"shares": 0}}, "site_full": "www.reuters.com", "main_image": "", "site_section": "http://www.reuters.com/finance/personal-finance", "section_title": "Wealth, Personal Finance &amp; Money | Reuters.com", "url": "http://www.reuters.com/article/2015/08/27/markets-global-obama-idUSL1N1121ON20150827", "country": "US", "title": "Obama: U.S. has best economic cards amid 'volatile few weeks'", "performance_score": 0, "site": "reuters.com", "participants_count": 1, "title_full": "Obama: U.S. has best economic cards amid 'volatile few weeks' | Reuters", "spam_score": 0.0, "site_type": "news", "published": "2015-08-28T01:20:00.000+03:00", "replies_count": 0, "uuid": "3812e4fceab5b7d0348d04889a2e33e5dcc03805"}, "author": "Reuters", "url": "http://www.reuters.com/article/2015/08/27/markets-global-obama-idUSL1N1121ON20150827", "ord_in_thread": 0, "title": "Obama: U.S. has best economic cards amid 'volatile few weeks'", "locations": [], "entities": {"persons": [], "locations": [], "organizations": []}, "highlightText": "", "language": "english", "persons": [], "text": "NEW ORLEANS Aug 27 President Barack Obama said on Thursday that the United States economy is strong and urged the U.S. Congress to quickly pass a budget and prevent a government shutdown to avoid contributing to global economic uncertainty.\n\"It's been a volatile few weeks around the world. There's been a lot of reports in the news, and stock markets swinging, and worries about China and about Europe,\" Obama said in a speech.\n\"But the United States of America, for all the challenges we still have, continues to have the best cards. We just have to play them right,\" he said. (Reporting by Jeff Mason ; Editing by Sandra Maler ; Writing by Roberta Rampton )", "external_links": [], "published": "2015-08-28T01:20:00.000+03:00", "crawled": "2015-08-28T00:25:17.907+03:00", "highlightTitle": ""}