{"organizations": [], "uuid": "a26de940cb58190f7a2b466fa92d2e1621ac6473", "thread": {"social": {"gplus": {"shares": 0}, "pinterest": {"shares": 0}, "vk": {"shares": 0}, "linkedin": {"shares": 0}, "facebook": {"likes": 0, "shares": 0, "comments": 0}, "stumbledupon": {"shares": 0}}, "site_full": "business-news.thestreet.com", "main_image": "", "site_section": "http://business-news.thestreet.com/south-jersey-local-news/rss/627", "section_title": "South Jersey Local News : Personal Finance", "url": "http://business-news.thestreet.com/south-jersey-local-news/story/navient-gets-cfpb-warning-that-its-day-in-court-may-be-on-the-horizon/13267222", "country": "US", "title": "Navient Gets CFPB Warning That Its Day In Court May Be On the Horizon", "performance_score": 0, "site": "thestreet.com", "participants_count": 0, "title_full": "Navient Gets CFPB Warning That Its Day In Court May Be On the Horizon", "spam_score": 0.0, "site_type": "news", "published": "2015-08-26T16:46:00.000+03:00", "replies_count": 0, "uuid": "a26de940cb58190f7a2b466fa92d2e1621ac6473"}, "author": "", "url": "http://business-news.thestreet.com/south-jersey-local-news/story/navient-gets-cfpb-warning-that-its-day-in-court-may-be-on-the-horizon/13267222", "ord_in_thread": 0, "title": "Navient Gets CFPB Warning That Its Day In Court May Be On the Horizon", "locations": [], "entities": {"persons": [], "locations": [], "organizations": []}, "highlightText": "", "language": "english", "persons": ["John Sandman"], "text": "Navient Gets CFPB Warning That Its Day In Court May Be On the Horizon Written by: John Sandman 08/26/15 - 9:46 AM EDT \nNEW YORK ( MainStreet ) —The Consumer Financial Protection Bureau (CFPB) has taken on for-profit college ITT Tech and the now-shutdown of Corinthian Colleges. Could private student lender and loan servicer Navient be next? \nLast week the CFPB sent the Newark, Del.-based Navient a letter stating that the Federal regulator had evidence that Navient violated consumer protection laws. Navient acknowledged this notification in an 8-K filing with the Securities and Exchange Commission (SEC) last week. \nThe 8-K stated, \"On August 19, 2014, Navient Solutions Inc. (NSI)...received a letter from the CFPB notifying NSI that, in accordance with the CFPB's discretionary Notice and Opportunity to Respond and Advise (NORA) process, the CFPB' Office of Enforcement is considering recommending that the CFPB take legal action against Navient.\" More Headlines", "external_links": [], "published": "2015-08-26T16:46:00.000+03:00", "crawled": "2015-08-26T17:17:04.993+03:00", "highlightTitle": ""}