{"organizations": [], "uuid": "743e26ad3712140995955a1fd629ab87035750ea", "thread": {"social": {"gplus": {"shares": 0}, "pinterest": {"shares": 0}, "vk": {"shares": 0}, "linkedin": {"shares": 0}, "facebook": {"likes": 0, "shares": 0, "comments": 0}, "stumbledupon": {"shares": 0}}, "site_full": "www.wsj.com", "main_image": "http://si.wsj.net/public/resources/images/MI-CL423_QUAKE_G_20150830163859.jpg", "site_section": "http://www.wsj.com/news/markets", "section_title": "Stock Market &amp; Finance News - Wall Street Journal", "url": "http://www.wsj.com/articles/california-pushes-homeowners-to-insure-against-earthquakes-1440980138", "country": "", "title": "California Pushes Homeowners to Insure Against Earthquakes", "performance_score": 0, "site": "wsj.com", "participants_count": 1, "title_full": "California Pushes Homeowners to Insure Against Earthquakes - WSJ", "spam_score": 0.0, "site_type": "news", "published": "2015-08-31T04:15:00.000+03:00", "replies_count": 0, "uuid": "743e26ad3712140995955a1fd629ab87035750ea"}, "author": "Leslie Scism", "url": "http://www.wsj.com/articles/california-pushes-homeowners-to-insure-against-earthquakes-1440980138", "ord_in_thread": 0, "title": "California Pushes Homeowners to Insure Against Earthquakes", "locations": [], "entities": {"persons": [], "locations": [], "organizations": []}, "highlightText": "", "language": "english", "persons": [], "text": "California has a big earthquake problem: People aren’t sufficiently scared of them.\nState officials and insurance companies are raising the alarm after persuading only a fraction of homeowners to buy quake coverage despite years of prodding. At best, about 10% of California homes are insured for quakes, according to figures from the state.\n... To Read the Full Story, Subscribe or Sign In", "external_links": [], "published": "2015-08-31T04:15:00.000+03:00", "crawled": "2015-08-31T03:52:44.554+03:00", "highlightTitle": ""}