{"organizations": ["Zurich Insurance"], "uuid": "8efafab811d880b4a1ce76bda8c5390f517847c3", "thread": {"social": {"gplus": {"shares": 0}, "pinterest": {"shares": 0}, "vk": {"shares": 0}, "linkedin": {"shares": 0}, "facebook": {"likes": 0, "shares": 0, "comments": 0}, "stumbledupon": {"shares": 0}}, "site_full": "uk.finance.yahoo.com", "main_image": "https://s.yimg.com/bt/api/res/1.2/6rik6AZwuPGCiADf_9dhPQ--/YXBwaWQ9eW5ld3M7cT03NTt3PTYwMA--/http://l.yimg.com/os/mit/media/m/social/images/social_default_logo-1481777.png", "site_section": "https://uk.finance.yahoo.com/news/sector-banks/?format=rss", "section_title": "Banking News - Yahoo! Finance UK", "url": "https://uk.finance.yahoo.com/news/rsa-says-receives-8-8-064519691.html", "country": "US", "title": "Zurich Insurance proposes $8.8 bln takeover of rival RSA", "performance_score": 0, "site": "yahoo.com", "participants_count": 0, "title_full": "Zurich Insurance proposes $8.8 bln takeover of rival RSA", "spam_score": 0.0, "site_type": "news", "published": "2015-08-25T13:53:00.000+03:00", "replies_count": 0, "uuid": "8efafab811d880b4a1ce76bda8c5390f517847c3"}, "author": "", "url": "https://uk.finance.yahoo.com/news/rsa-says-receives-8-8-064519691.html", "ord_in_thread": 0, "title": "Zurich Insurance proposes $8.8 bln takeover of rival RSA", "locations": [], "entities": {"persons": [], "locations": [], "organizations": []}, "highlightText": "", "language": "english", "persons": [], "text": "Tip : Use comma (,) to separate multiple quotes. Learn more... \nTue, Aug 25, 2015, 11:05 BST - UK Markets close in 5 hrs 25 mins RSA says receives $8.8 bln proposed cash offer from Zurich Reuters - UK Focus – 3 hours ago -0.70 \n(Adds details) \nLONDON, Aug 25 (Reuters) - British insurer RSA received a 550 pence all-cash takeover proposal from rival Zurich Insurance (Xetra: ZFI1.DE - news ) on Tuesday, valuing the firm at 5.6 billion pounds ($8.82 billion) and paving the way for one of Europe's largest insurance deals. \nZurich said last month it was weighing a possible offer for RSA, which would make the Swiss firm the leader in British commercial insurance, help it expand into Canada, Latin America and the lucrative Scandinavian market. \nRSA said the board had indicated to Zurich it was willing to recommend the offer \"subject to satisfactory resolution of other terms\". \nRSA also said it had agreed to extend the deadline for Zurich to make a firm offer to Sept 22, in line with British takeover rules. \nThe 550 pence offer proposal reflects an 11 percent premium to RSA's closing price on Monday and a 26 percent premium to the share price before Zurich announced its bid interest. \n\"We expect RSA's shares to respond favourably this morning with a deal now seeming inevitable, in our view,\" Shore Capital analyst Eamonn Flanagan said in a note to clients. \n\"We await the possibility of a counter-bid from another continental European insurer,\" he added. \nSources familiar with RSA's thinking initially indicated the British insurer, which is in the early stages of a turnaround under former RBS (LSE: RBS.L - news ) chief Stephen Hester, was looking for an offer of at least 600 pence. \nBut Zurich's chief executive Martin Senn has said the firm did not want to overpay. \nZurich said in a separate statement it reserved the right to make an offer below 550 pence. ($1 = 0.6347 pounds) (Reporting by Carolyn Cohn, additional reporting by Freya Berry, editing by Sinead Cruise)", "external_links": [], "published": "2015-08-25T13:53:00.000+03:00", "crawled": "2015-08-25T14:32:21.568+03:00", "highlightTitle": ""}