{"organizations": [], "uuid": "d46f2f502a894346ac8a25f27209428e4767ac38", "thread": {"social": {"gplus": {"shares": 0}, "pinterest": {"shares": 0}, "vk": {"shares": 0}, "linkedin": {"shares": 0}, "facebook": {"likes": 0, "shares": 0, "comments": 0}, "stumbledupon": {"shares": 0}}, "site_full": "www.financialexpress.com", "main_image": "http://www.financialexpress.com/wp-content/uploads/2015/08/UPSC-IES-2015-T.jpg", "site_section": "http://www.financialexpress.com/", "section_title": "The Financial Express | India News Today,Latest National News,Stock Market Today,SENSEX NIFTY,NSE BSE India,Finance News,Business News", "url": "http://www.financialexpress.com/article/industry/jobs/upsc-iesiss-result-2015-announced-check-upsc-gov-in/126530", "country": "IE", "title": "UPSC IES/ISS result 2015 announced; check upsc.gov.in", "performance_score": 0, "site": "financialexpress.com", "participants_count": 1, "title_full": "UPSC IES/ISS result 2015 announced; check upsc.gov.in | The Financial Express", "spam_score": 0.0, "site_type": "news", "published": "2015-08-28T03:26:00.000+03:00", "replies_count": 0, "uuid": "d46f2f502a894346ac8a25f27209428e4767ac38"}, "author": "financialexpress.com", "url": "http://www.financialexpress.com/article/industry/jobs/upsc-iesiss-result-2015-announced-check-upsc-gov-in/126530", "ord_in_thread": 0, "title": "UPSC IES/ISS result 2015 announced; check upsc.gov.in", "locations": [], "entities": {"persons": [], "locations": [], "organizations": []}, "highlightText": "", "language": "english", "persons": [], "text": "UPSC IES/ISS result 2015: Union Public Service Commission (UPSC) announced the written examination results of the Indian Economic Service(IES) and India Statistical Service (ISS) today (i.e. 27th August). Candidates can check the final result on the official website upsc.gov.in .\nArushi Kaushik has topped the IES Examination followed by Arshee Khosla who secured second rank and Ruby Rani who hitched the third position whereas Dona Francis clinched the first position in the ISS Examination.\nClick here to check UPSC IES/ISS 2015 result\nThe written test was held in May and interview for personality test was conducted in August 2015 by the UPSC.The commission has selected 14 candidates (Gen: 8, OBC: 3, SC: 2, ST: 1) for IES and 50 (Gen: 25, OBC: 12, SC: 8, ST: 5) for ISS.\nThe marks of the candidates will be available on the official website within 15 days from the date of publication of result.\nNote: For any information regarding the examination, the candidates may contact on 011-23385271 between 10 am to to 5 pm.\n 27, 2015 7:26 pm © The Indian Express Online Media Pvt Ltd", "external_links": ["http://www.upsc.gov.in/exams/final-results/ies/2015/Final_Result_IES_ISS_2015_English.pdf", "http://www.upsc.gov.in/"], "published": "2015-08-28T03:26:00.000+03:00", "crawled": "2015-08-27T18:37:03.372+03:00", "highlightTitle": ""}