{"organizations": [], "uuid": "8aeb592e6181a15a6a9aa6389e8d7424f762c502", "thread": {"social": {"gplus": {"shares": 0}, "pinterest": {"shares": 0}, "vk": {"shares": 0}, "linkedin": {"shares": 0}, "facebook": {"likes": 0, "shares": 0, "comments": 0}, "stumbledupon": {"shares": 0}}, "site_full": "www.financialexpress.com", "main_image": "", "site_section": "http://www.financialexpress.com/section/industry/banking-finance/", "section_title": "Banking and Finance News:Banking News,Finance News,Bank and Finance News Today | The Financial Express", "url": "http://www.financialexpress.com/article/industry/banking-finance/rbi-asks-banks-other-financial-entities-to-comply-with-fatca/127209", "country": "IE", "title": "RBI asks banks, other financial entities to comply with FATCA", "performance_score": 0, "site": "financialexpress.com", "participants_count": 1, "title_full": "RBI asks banks, other financial entities to comply with FATCA | The Financial Express", "spam_score": 0.0, "site_type": "news", "published": "2015-08-29T19:23:00.000+03:00", "replies_count": 0, "uuid": "8aeb592e6181a15a6a9aa6389e8d7424f762c502"}, "author": "financialexpress.com", "url": "http://www.financialexpress.com/article/industry/banking-finance/rbi-asks-banks-other-financial-entities-to-comply-with-fatca/127209", "ord_in_thread": 0, "title": "RBI asks banks, other financial entities to comply with FATCA", "locations": [], "entities": {"persons": [], "locations": [], "organizations": []}, "highlightText": "", "language": "english", "persons": [], "text": "The Reserve Bank of India ( RBI ) has asked all banks and financial institutions to be prepared to implement the Foreign Account Tax Compliance Act (FATCA).\nIn a notification issued on Friday, the RBI said that India has signed an agreement with United States for improving international tax compliance apart from being a party to a multi-lateral agreement to automatically exchange information based on Convention on Mutual Administrative Assistance in Tax Matters.\nThe RBI has asked all regulated entities to take appropriate action for implementation of due diligence and reporting requirements as laid down in the rules and ensure compliance.\nIt said all the concerned financial institutions should register on the related e-filing portal of Income Tax Department as Reporting Financial Institution by submitting the requisite details.\nIt said reporting should be in a manner that lends itself to credible auditability, including audit of the IT system which should be suitably upgraded to not only maintain the information required under the rules but also to record and store the due diligence procedures.\nThe RBI warned that non-compliance of the rules can lead to huge penalties in addition to loss of reputation.\n 29, 2015 11:23 am", "external_links": [], "published": "2015-08-29T19:23:00.000+03:00", "crawled": "2015-08-31T03:26:57.800+03:00", "highlightTitle": ""}