{"organizations": [], "uuid": "212f9daa6f77a5fa9c56ef9a6d932754d70379bf", "thread": {"social": {"gplus": {"shares": 0}, "pinterest": {"shares": 0}, "vk": {"shares": 0}, "linkedin": {"shares": 0}, "facebook": {"likes": 0, "shares": 0, "comments": 0}, "stumbledupon": {"shares": 0}}, "site_full": "live.wsj.com", "main_image": "", "site_section": "http://feeds.wsjonline.com/wsj/video/personal-finance/feed", "section_title": "WSJ.com Video - Personal Finance", "url": "http://live.wsj.com/video/bay-area-housing-market-sets-stage-for-bidding-war/55B87FFC-DD36-4A3D-808E-43623740CD6C.html", "country": "US", "title": "Bay Area Housing Market Sets Stage for Bidding War", "performance_score": 0, "site": "wsj.com", "participants_count": 1, "title_full": "Bay Area Housing Market Sets Stage for Bidding War", "spam_score": 0.0, "site_type": "news", "published": "2015-08-27T03:00:00.000+03:00", "replies_count": 0, "uuid": "212f9daa6f77a5fa9c56ef9a6d932754d70379bf"}, "author": "wsj.com", "url": "http://live.wsj.com/video/bay-area-housing-market-sets-stage-for-bidding-war/55B87FFC-DD36-4A3D-808E-43623740CD6C.html", "ord_in_thread": 0, "title": "Bay Area Housing Market Sets Stage for Bidding War", "locations": [], "entities": {"persons": [], "locations": [], "organizations": []}, "highlightText": "", "language": "english", "persons": [], "text": "Even in an extreme seller’s market like the San Francsico Bay Area, upfront prep work and smart marketing are essential to getting top dollar – and multiple bids – for a property. Photo: Jason Henry for The Wall Street Journal", "external_links": [], "published": "2015-08-27T03:00:00.000+03:00", "crawled": "2015-08-27T16:00:58.488+03:00", "highlightTitle": ""}