{"organizations": [], "uuid": "3a277f15cef2e2f96ad774efc4ed6cef966ed9ab", "thread": {"social": {"gplus": {"shares": 0}, "pinterest": {"shares": 0}, "vk": {"shares": 0}, "linkedin": {"shares": 0}, "facebook": {"likes": 0, "shares": 0, "comments": 0}, "stumbledupon": {"shares": 0}}, "site_full": "www.telegraph.co.uk", "main_image": "http://i.telegraph.co.uk/multimedia/archive/02153/builder_2153420a.jpg", "site_section": "http://www.telegraph.co.uk/finance/", "section_title": "Finance - Business news and market updates - Telegraph - Telegraph", "url": "http://www.telegraph.co.uk/finance/newsbysector/constructionandproperty/11827195/CRH-seals-another-deal-with-839m-takeover-of-US-glazing-rival.html", "country": "GB", "title": "CRH seals another deal with £839m takeover of US glazing group", "performance_score": 0, "site": "telegraph.co.uk", "participants_count": 2, "title_full": "CRH seals another deal with £839m takeover of US glazing group - Telegraph", "spam_score": 0.0, "site_type": "news", "published": "2015-08-27T16:05:00.000+03:00", "replies_count": 1, "uuid": "ec7da3bc8646bba6640de09b3f086a8384e55603"}, "author": "Ashley Armstrong , and Alan Tovey", "url": "http://www.telegraph.co.uk/finance/newsbysector/constructionandproperty/11827195/CRH-seals-another-deal-with-839m-takeover-of-US-glazing-rival.html#post-0", "ord_in_thread": 0, "title": "CRH seals another deal with £839m takeover of US glazing group", "locations": [], "entities": {"persons": [], "locations": [], "organizations": []}, "highlightText": "", "language": "english", "persons": [], "text": " ", "external_links": [], "published": "2015-08-27T16:05:00.000+03:00", "crawled": "2015-08-27T17:40:21.184+03:00", "highlightTitle": ""}