{"organizations": [], "uuid": "dd81cf685acc582b6a071010df0c9b34b3cc68ef", "thread": {"social": {"gplus": {"shares": 0}, "pinterest": {"shares": 0}, "vk": {"shares": 0}, "linkedin": {"shares": 0}, "facebook": {"likes": 0, "shares": 0, "comments": 0}, "stumbledupon": {"shares": 0}}, "site_full": "www.marketwired.com", "main_image": "http://www.ccnmatthews.com/logos/20101231-logo_Humboldt.jpg", "site_section": "http://www.marketwire.com/rss/mwFSPF.xml", "section_title": "Marketwired - Personal Finance", "url": "http://www.marketwired.com/press-release/humboldt-reports-filing-its-interim-report-for-the-six-months-ended-june-30-2015-tsx-venture-hmb-2050627.htm", "country": "CA", "title": "Humboldt Reports Filing Its Interim Report for the Six Months Ended June 30, 2015", "performance_score": 0, "site": "marketwired.com", "participants_count": 0, "title_full": "Humboldt Reports Filing Its Interim Report for the Six Months Ended June 30, 2015", "spam_score": 0.0, "site_type": "news", "published": "2015-08-27T00:48:00.000+03:00", "replies_count": 0, "uuid": "dd81cf685acc582b6a071010df0c9b34b3cc68ef"}, "author": "", "url": "http://www.marketwired.com/press-release/humboldt-reports-filing-its-interim-report-for-the-six-months-ended-june-30-2015-tsx-venture-hmb-2050627.htm", "ord_in_thread": 0, "title": "Humboldt Reports Filing Its Interim Report for the Six Months Ended June 30, 2015", "locations": [], "entities": {"persons": [], "locations": [], "organizations": []}, "highlightText": "", "language": "english", "persons": [], "text": "August 26, 2015 17:48 ET Humboldt Reports Filing Its Interim Report for the Six Months Ended June 30, 2015 \nCALGARY, ALBERTA--(Marketwired - Aug. 26, 2015) - Humboldt Capital Corporation (TSX VENTURE:HMB) announces that it has filed the Management's Discussion and Analysis and Financial Statements for the six months ended June 30, 2015 on SEDAR and the company's website. \nThe following is a summary of the results for the six months ended June 30, 2015: \nSummary of Financial results", "external_links": [], "published": "2015-08-27T00:48:00.000+03:00", "crawled": "2015-08-27T00:59:58.402+03:00", "highlightTitle": ""}