{"organizations": [], "uuid": "5a4798dd55f1f4ab7d3957bf6927a94d01b88cf4", "thread": {"social": {"gplus": {"shares": 0}, "pinterest": {"shares": 0}, "vk": {"shares": 0}, "linkedin": {"shares": 0}, "facebook": {"likes": 0, "shares": 0, "comments": 0}, "stumbledupon": {"shares": 0}}, "site_full": "www.wsj.com", "main_image": "http://si.wsj.net/public/resources/images/BN-KA089_0825di_G_20150825183409.jpg", "site_section": "http://www.wsj.com/news/business", "section_title": "Business &amp; Finance News - Wall Street Journal", "url": "http://www.wsj.com/articles/sinclair-broadcast-pulls-tv-signals-from-dish-network-1440544047", "country": "US", "title": "Sinclair Broadcast Pulls TV Signals From Dish Network", "performance_score": 0, "site": "wsj.com", "participants_count": 1, "title_full": "Sinclair Broadcast Pulls TV Signals From Dish Network - WSJ", "spam_score": 0.0, "site_type": "news", "published": "2015-08-26T03:07:00.000+03:00", "replies_count": 0, "uuid": "5a4798dd55f1f4ab7d3957bf6927a94d01b88cf4"}, "author": "Joe Flint", "url": "http://www.wsj.com/articles/sinclair-broadcast-pulls-tv-signals-from-dish-network-1440544047", "ord_in_thread": 0, "title": "Sinclair Broadcast Pulls TV Signals From Dish Network", "locations": [], "entities": {"persons": [], "locations": [], "organizations": []}, "highlightText": "", "language": "english", "persons": [], "text": "Signals for one of the nation’s biggest local broadcasters went dark on satellite TV distributor Dish Network Corp. on Tuesday, the result of a dispute over a new distribution contract.\nDish and Sinclair Broadcast Group Inc. have been negotiating a contract that covers more than 150 local television stations owned or managed by Sinclair that reach more than five million customers in 79 markets. The signals were pulled from Dish after... To Read the Full Story, Subscribe or Sign In", "external_links": [], "published": "2015-08-26T03:07:00.000+03:00", "crawled": "2015-08-26T02:37:45.186+03:00", "highlightTitle": ""}