{"organizations": [], "uuid": "32b801b2a5a7f4972a703c893744b8052867a602", "thread": {"social": {"gplus": {"shares": 0}, "pinterest": {"shares": 0}, "vk": {"shares": 0}, "linkedin": {"shares": 0}, "facebook": {"likes": 0, "shares": 0, "comments": 0}, "stumbledupon": {"shares": 0}}, "site_full": "au.finance.yahoo.com", "main_image": "https://s1.yimg.com/bt/api/res/1.2/M7vS95b2fvSzHFeFStPk0A--/YXBwaWQ9eW5ld3NfbGVnbztxPTc1O3c9NjAw/http://l.yimg.com/os/mit/media/m/social/images/social_default_logo-1481777.png", "site_section": "https://au.finance.yahoo.com/news/category-commodities/?format=rss", "section_title": "Commodities Market News - Yahoo!7 Australia Finance", "url": "https://au.finance.yahoo.com/news/miner-had-no-contaminate-river-005810588.html", "country": "US", "title": "Miner 'had no right' to contaminate river", "performance_score": 0, "site": "yahoo.com", "participants_count": 0, "title_full": "Miner 'had no right' to contaminate river", "spam_score": 0.0, "site_type": "news", "published": "2015-08-28T03:58:00.000+03:00", "replies_count": 0, "uuid": "32b801b2a5a7f4972a703c893744b8052867a602"}, "author": "", "url": "https://au.finance.yahoo.com/news/miner-had-no-contaminate-river-005810588.html", "ord_in_thread": 0, "title": "Miner 'had no right' to contaminate river", "locations": ["Australia"], "entities": {"persons": [], "locations": [], "organizations": []}, "highlightText": "", "language": "english", "persons": [], "text": "Fri, Aug 28, 2015, 11:23 AM AEST - Australia Markets close in 4 hrs 37 mins Miner 'had no right' to contaminate river AAP – 25 minutes ago Print \nMining company Glencore \"had no right\" to contaminate a river at Borroloola in the Northern Territory used by the Aboriginal community, a local says. \nDocuments obtained by the NT's Environmental Defenders Office under freedom of information laws have revealed the government was aware in September last year there were elevated levels of lead found in fish, invertebrates and cattle downstream from the McArthur River Mine, that the mine was experiencing serious problems with acid and metals leaching into waterways, and that it has still not paid an increased environmental bond to cover clean-up at the site. \n\"They had no right to contaminate our river, this river it's our livelihood and we've been using it for many many years, and they took that away from us,\" local man Gadrian Hoosan said. @y7finance on Twitter, become a fan on Facebook Aust shares open higher AAP \nThe Australian share market has opened more than one per cent higher. At 1010 AEST on Friday, the benchmark S&P/ASX200 …", "external_links": [], "published": "2015-08-28T03:58:00.000+03:00", "crawled": "2015-08-28T04:26:00.868+03:00", "highlightTitle": ""}