{"organizations": ["KKR"], "uuid": "1230619e0aa75fcc269cb7d8fc8a857f0cf92e95", "thread": {"social": {"gplus": {"shares": 0}, "pinterest": {"shares": 0}, "vk": {"shares": 0}, "linkedin": {"shares": 0}, "facebook": {"likes": 0, "shares": 0, "comments": 0}, "stumbledupon": {"shares": 0}}, "site_full": "finance.yahoo.com", "main_image": "http://l3.yimg.com/bt/api/res/1.2/M7vS95b2fvSzHFeFStPk0A--/YXBwaWQ9eW5ld3NfbGVnbztxPTc1O3c9NjAw/http://l.yimg.com/os/mit/media/m/social/images/social_default_logo-1481777.png", "site_section": "http://finance.yahoo.com/rss/headline?s=KKR", "section_title": "Yahoo! Finance: KKR News", "url": "http://finance.yahoo.com/news/kkr-leverages-operating-performance-strong-090653634.html", "country": "GB", "title": "KKR Leverages Operating Performance on Strong Balance Sheet", "performance_score": 0, "site": "yahoo.com", "participants_count": 0, "title_full": "KKR Leverages Operating Performance on Strong Balance Sheet", "spam_score": 0.0, "site_type": "news", "published": "2015-08-27T12:06:00.000+03:00", "replies_count": 0, "uuid": "1230619e0aa75fcc269cb7d8fc8a857f0cf92e95"}, "author": "", "url": "http://finance.yahoo.com/news/kkr-leverages-operating-performance-strong-090653634.html", "ord_in_thread": 0, "title": "KKR Leverages Operating Performance on Strong Balance Sheet", "locations": [], "entities": {"persons": [], "locations": [], "organizations": []}, "highlightText": "", "language": "english", "persons": ["Robert Karr"], "text": "KKR Leverages Operating Performance on Strong Balance Sheet By Robert Karr 2 hours ago  \n( Continued from Prior Part ) Realizations \nKKR & Co. L.P. (KKR) has invested approximately $1.4 billion from its balance sheet in the first half of 2015. The company has also realized almost $1.4 billion during the same period. Its major realizations include the following: A partial stake sale of Walgreens Boots Alliance generated $212 million. Monetization proceeds from calling and sale of collateralized debt obligations totaled $237 million. Proceeds from the credit portfolio totaled $188 million. Sale of the stake in Bioment resulted in $163 million. \nKKR’s major deployments include the following: KKR invested an additional $200 million in WMI Holdings along with third-party capital. KKR expanded its real estate credit division with a 12-member team. It deployed $210 million in 1H15. KKR made a $130 million investment from Action Partners, an Asia-focused hedge fund. Moderate leverage \nKKR’s debt-to-equity ratio deteriorated in the second quarter. The company’s total debt obligations stood at $2.7 billion as of June 30, 2015, compared to $2.2 billion as of December 31, 2014. Its debt-to-equity ratio increased to 0.25x compared to 0.22x in the last fiscal year. In spite of an increase in leverage, KKR’s balance sheet remains strong and moderately leveraged. The company is using debt financing to fund some of its acquisitions in order to take advantage of lower interest rates. \nKKR’s total debt-to-assets stood at 16.5%, the lowest among its alternative investment peers that form part of the iShares US Financials ETF (IYF). In comparison, KKR’s peers posted the following returns on equity: The Carlyle Group (CG) posted 48%. Blackstone Group (BX) posted 28%. Apollo Global Management (APO) posted 65%.", "external_links": [], "published": "2015-08-27T12:06:00.000+03:00", "crawled": "2015-08-27T14:16:50.016+03:00", "highlightTitle": ""}