{"organizations": [], "uuid": "97e9789d18ec91af66433e3d5412bf76fbfb2c8c", "thread": {"social": {"gplus": {"shares": 0}, "pinterest": {"shares": 0}, "vk": {"shares": 0}, "linkedin": {"shares": 0}, "facebook": {"likes": 0, "shares": 0, "comments": 0}, "stumbledupon": {"shares": 0}}, "site_full": "www.wsj.com", "main_image": "http://si.wsj.net/img/WSJ_Logo_black_social.gif", "site_section": "http://finance.yahoo.com/rss/headline?s=KKR", "section_title": "Yahoo! Finance: KKR News", "url": "http://www.wsj.com/articles/the-big-number-1438644534?ru=yahoo?mod=yahoo_itp", "country": "GB", "title": "The Big Number", "performance_score": 0, "site": "wsj.com", "participants_count": 0, "title_full": "The Big Number", "spam_score": 0.0, "site_type": "news", "published": "2015-08-04T02:55:00.000+03:00", "replies_count": 0, "uuid": "97e9789d18ec91af66433e3d5412bf76fbfb2c8c"}, "author": "", "url": "http://www.wsj.com/articles/the-big-number-1438644534?ru=yahoo?mod=yahoo_itp", "ord_in_thread": 0, "title": "The Big Number", "locations": [], "entities": {"persons": [], "locations": [], "organizations": []}, "highlightText": "", "language": "english", "persons": [], "text": "Aug. 3, 2015 7:28 p.m. ET 5% To Read the Full Story, Subscribe or Sign In Popular on WSJ", "external_links": [], "published": "2015-08-04T02:55:00.000+03:00", "crawled": "2015-08-04T04:17:58.168+03:00", "highlightTitle": ""}