{"organizations": [], "uuid": "8f0230470d5d05647d295c6dbccb9f250bf6411c", "thread": {"social": {"gplus": {"shares": 0}, "pinterest": {"shares": 0}, "vk": {"shares": 0}, "linkedin": {"shares": 0}, "facebook": {"likes": 0, "shares": 0, "comments": 0}, "stumbledupon": {"shares": 0}}, "site_full": "www.telegraph.co.uk", "main_image": "http://i.telegraph.co.uk/multimedia/archive/02481/Lamborghini-Aventa_2481384k.jpg", "site_section": "http://www.telegraph.co.uk/finance/", "section_title": "Finance - Business news and market updates - Telegraph - Telegraph", "url": "http://www.telegraph.co.uk/finance/personalfinance/pensions/11833658/Savers-reject-the-high-life-despite-pension-freedoms.html", "country": "GB", "title": "Savers reject the high life despite pension freedoms", "performance_score": 0, "site": "telegraph.co.uk", "participants_count": 3, "title_full": "Savers reject the high life despite pension freedoms - Telegraph", "spam_score": 0.0, "site_type": "news", "published": "2015-08-31T08:01:00.000+03:00", "replies_count": 2, "uuid": "f8b0230b4208dc310ba1918bfa6046cd0aa70e37"}, "author": "Tim Wallace", "url": "http://www.telegraph.co.uk/finance/personalfinance/pensions/11833658/Savers-reject-the-high-life-despite-pension-freedoms.html#post-0", "ord_in_thread": 0, "title": "Savers reject the high life despite pension freedoms", "locations": [], "entities": {"persons": [], "locations": [], "organizations": []}, "highlightText": "", "language": "english", "persons": [], "text": " Telegraph Wealth Management Free reader events Find out more » Telegraph Investor Tax efficient investing - ISA, JISA, SIPP Find out more »", "external_links": [], "published": "2015-08-31T08:01:00.000+03:00", "crawled": "2015-08-31T11:58:31.364+03:00", "highlightTitle": ""}