{"organizations": ["Facebook Twitter Google"], "uuid": "a4b495e3cec4c946128fb3752298de311a3237b9", "thread": {"social": {"gplus": {"shares": 0}, "pinterest": {"shares": 0}, "vk": {"shares": 0}, "linkedin": {"shares": 0}, "facebook": {"likes": 0, "shares": 0, "comments": 0}, "stumbledupon": {"shares": 0}}, "site_full": "www.goodreturns.in", "main_image": "http://www.goodreturns.in/img/2015/08/28-1440730004-07-1436249112-crudeoil2.jpg", "site_section": "http://www.goodreturns.in/rss/money-business-news-fb.xml", "section_title": "Latest Business News | Finance News India | International Share Market – Oneindia Money", "url": "http://www.goodreturns.in/news/2015/08/28/crude-oil-sees-biggest-jump-6-years-385674.html", "country": "CA", "title": "Crude Oil Sees Biggest Jump In 6 Years", "performance_score": 0, "site": "goodreturns.in", "participants_count": 0, "title_full": "Crude Oil Sees Biggest Jump In 6 Years", "spam_score": 0.0, "site_type": "news", "published": "2015-08-28T05:47:00.000+03:00", "replies_count": 0, "uuid": "a4b495e3cec4c946128fb3752298de311a3237b9"}, "author": "", "url": "http://www.goodreturns.in/news/2015/08/28/crude-oil-sees-biggest-jump-6-years-385674.html", "ord_in_thread": 0, "title": "Crude Oil Sees Biggest Jump In 6 Years", "locations": [], "entities": {"persons": [], "locations": [], "organizations": []}, "highlightText": "", "language": "english", "persons": [], "text": "Published: Friday, August 28, 2015, 8:17 [IST] Facebook Twitter Google+ Comments Mail \nBrent crude saw one of its biggest rallies in 6 years as worries over China growth faded and stock markets across the globe rallied. Brent crude was hovering near the $47 mark and was steady after Thursday's super rally. Markets were worried that crude was getting into over sold territory and a sustained fall could badly impact markets.\nThere may also have been a short covering rally in crude which had been hammered down towards the early part of the week. \nBut optimism was restored after US economic data came in better than expected and hopes of an interest rate cut in the US in Sept faded. \nGoodReturns.in", "external_links": [], "published": "2015-08-28T05:47:00.000+03:00", "crawled": "2015-08-28T06:26:38.845+03:00", "highlightTitle": ""}