{"organizations": [], "uuid": "b15b80e9e91935e7440bb8df2ee21369dfd5cf22", "thread": {"social": {"gplus": {"shares": 0}, "pinterest": {"shares": 0}, "vk": {"shares": 0}, "linkedin": {"shares": 0}, "facebook": {"likes": 0, "shares": 0, "comments": 0}, "stumbledupon": {"shares": 0}}, "site_full": "www.reuters.com", "main_image": "", "site_section": "http://www.reuters.com/finance/personal-finance", "section_title": "Wealth, Personal Finance &amp; Money | Reuters.com", "url": "http://www.reuters.com/article/2015/08/31/maersk-oil-idUSL5N1160QP20150831", "country": "US", "title": "Maersk wins UK approval for production at North Sea's Culzean gas field", "performance_score": 0, "site": "reuters.com", "participants_count": 1, "title_full": "Maersk wins UK approval for production at North Sea's Culzean gas field | Reuters", "spam_score": 0.0, "site_type": "news", "published": "2015-08-31T11:00:00.000+03:00", "replies_count": 0, "uuid": "b15b80e9e91935e7440bb8df2ee21369dfd5cf22"}, "author": "Reuters", "url": "http://www.reuters.com/article/2015/08/31/maersk-oil-idUSL5N1160QP20150831", "ord_in_thread": 0, "title": "Maersk wins UK approval for production at North Sea's Culzean gas field", "locations": [], "entities": {"persons": [], "locations": [], "organizations": []}, "highlightText": "", "language": "english", "persons": [], "text": "COPENHAGEN Aug 31 Maersk Oil has received approval by the UK's Oil & Gas Authority to develop the largest gas field discovered in the UK North Sea in more than a decade, the Danish oil company said on Monday.\nThe Culzean field is expected to produce enough gas to meet five percent of total UK demand at peak production in 2020/21.\nDiscovered in 2008, Maersk Oil and its co-venture partners, JX Nippon and BP Plc will invest around £3 billion ($4.63 billion) in the development.\nMaersk Oil, a unit in Denmark's shipping and oil group A.P. Moller-Maersk, said the gas condensate field contains an estimated 250-300 million barrels of oil equivalent.\nProduction is expected to start in 2019 and continue for at least 13 years, with plateau production of 60,000-90,000 barrels of oil equivalent per day.\nMaersk Oil said last week it would seek regulatory permission to shut its Janice installation, which produces around 7,000 barrels per day from three UK North Sea oilfields, due to falling oil prices.\n($1 = 0.6481 pounds) (Reporting by Ole Mikkelsen; editing by Jason Neely )", "external_links": [], "published": "2015-08-31T11:00:00.000+03:00", "crawled": "2015-08-31T10:20:42.294+03:00", "highlightTitle": ""}