{"organizations": [], "uuid": "3944aa1838a816bed10fa3661dd59b081df23b1b", "thread": {"social": {"gplus": {"shares": 0}, "pinterest": {"shares": 0}, "vk": {"shares": 0}, "linkedin": {"shares": 0}, "facebook": {"likes": 0, "shares": 0, "comments": 0}, "stumbledupon": {"shares": 0}}, "site_full": "www.wsj.com", "main_image": "http://si.wsj.net/public/resources/images/BN-KB020_GAMEST_G_20150827170627.jpg", "site_section": "http://www.wsj.com/news/business", "section_title": "Business &amp; Finance News - Wall Street Journal", "url": "http://www.wsj.com/articles/gamestop-profit-rises-in-latest-quarter-1440710304", "country": "US", "title": "GameStop Profit Rises in Latest Quarter", "performance_score": 0, "site": "wsj.com", "participants_count": 1, "title_full": "GameStop Profit Rises in Latest Quarter - WSJ", "spam_score": 0.0, "site_type": "news", "published": "2015-08-28T01:34:00.000+03:00", "replies_count": 0, "uuid": "3944aa1838a816bed10fa3661dd59b081df23b1b"}, "author": "Tess Stynes", "url": "http://www.wsj.com/articles/gamestop-profit-rises-in-latest-quarter-1440710304", "ord_in_thread": 0, "title": "GameStop Profit Rises in Latest Quarter", "locations": [], "entities": {"persons": [], "locations": [], "organizations": []}, "highlightText": "", "language": "english", "persons": [], "text": "GameStop Corp. said its earnings rose 2.8% as the videogame retailer’s efforts to expand its product lines helped buoy sales but raised costs for the quarter ended in August.\nShares rose 0.2% to $46.28 in recent after-hours trading as the results beat expectations and GameStop projected per-share earnings for the current quarter mostly above... To Read the Full Story, Subscribe or Sign In", "external_links": [], "published": "2015-08-28T01:34:00.000+03:00", "crawled": "2015-08-28T00:44:31.382+03:00", "highlightTitle": ""}