{"organizations": [], "uuid": "2346569dd37d1a8767d53b478a25796be265678e", "thread": {"social": {"gplus": {"shares": 0}, "pinterest": {"shares": 0}, "vk": {"shares": 0}, "linkedin": {"shares": 0}, "facebook": {"likes": 0, "shares": 0, "comments": 0}, "stumbledupon": {"shares": 0}}, "site_full": "www.forbes.com", "main_image": "http://specials-images.forbesimg.com/imageserve/56d46f1f11adb5cf6339a5e2e4b692bc/640x434.jpg?fit=scale&background=000000", "site_section": "http://www.forbes.com/finance/index.xml", "section_title": "Forbes - Personal Finance", "url": "http://www.forbes.com/pictures/gjjk45mim/high-five/", "country": "US", "title": "High five! - In Photos: What Stimulus Means For Global Stock Markets - Forbes", "performance_score": 0, "site": "forbes.com", "participants_count": 1, "title_full": "High five! - In Photos: What Stimulus Means For Global Stock Markets - Forbes", "spam_score": 0.0, "site_type": "news", "published": "2015-08-26T04:36:00.000+03:00", "replies_count": 0, "uuid": "2346569dd37d1a8767d53b478a25796be265678e"}, "author": "Ky Trang Ho", "url": "http://www.forbes.com/pictures/gjjk45mim/high-five/", "ord_in_thread": 0, "title": "High five! - In Photos: What Stimulus Means For Global Stock Markets - Forbes", "locations": [], "entities": {"persons": [], "locations": [], "organizations": []}, "highlightText": "", "language": "english", "persons": [], "text": "What Stimulus Means For Global Stock Markets\nInvestors often complain about the government getting in their way. But they never complain about Central Banks getting in their way. Wait and see what happens when Central Banks actually do get out of the markets way and \"taper off\" its stimulus. To get a look at the markets sans-stimuli, all you have to do is look beyond the economies of the world whose Central Banks have been driving up equity prices all year. First a look at the benefactors. Then a look at what stock markets have done without monetary stimulus.", "external_links": [], "published": "2015-08-26T04:36:00.000+03:00", "crawled": "2015-08-26T02:15:56.861+03:00", "highlightTitle": ""}