{"organizations": [], "uuid": "993ef20442e1b3b8929c0659760d9d061d8898ad", "thread": {"social": {"gplus": {"shares": 0}, "pinterest": {"shares": 0}, "vk": {"shares": 0}, "linkedin": {"shares": 0}, "facebook": {"likes": 0, "shares": 0, "comments": 0}, "stumbledupon": {"shares": 0}}, "site_full": "www.moneylife.in", "main_image": "http://moneylife.in/site/userimage/image/thumbnail/logo.gif", "site_section": "http://moneylife.in/site/rss.php", "section_title": "Moneylife Personal Finance Magazine", "url": "http://www.moneylife.in/article/airtel-idea-hike-post-paid-data-tariff/43217.html", "country": "IN", "title": "Airtel, Idea hike post-paid data tariff", "performance_score": 0, "site": "moneylife.in", "participants_count": 1, "title_full": "Airtel, Idea hike post-paid data tariff", "spam_score": 0.0, "site_type": "news", "published": "2015-08-31T08:28:00.000+03:00", "replies_count": 0, "uuid": "993ef20442e1b3b8929c0659760d9d061d8898ad"}, "author": "IANS", "url": "http://www.moneylife.in/article/airtel-idea-hike-post-paid-data-tariff/43217.html", "ord_in_thread": 0, "title": "Airtel, Idea hike post-paid data tariff", "locations": [], "entities": {"persons": [], "locations": [], "organizations": []}, "highlightText": "", "language": "english", "persons": [], "text": "Idea Cellular has done the same in Delhi, Punjab and UP West \nTelecom operators Bharti Airtel and Idea Cellular have hiked charges for post-paid customers by 20% in various circles, including the national capital. As per information posted on the companies' websites, Airtel has raised data tariffs in Delhi, Haryana, Himachal Pradesh, Maharashtra, Punjab, Rajasthan, UP East and UP West circles. Idea Cellular has done the same in Delhi, Punjab and UP West. Post-paid customers of both operators in the designated circles will now have to pay Rs.300 for 1GB 3G data usage, as against Rs.250 earlier. Vodafone, however, has not raised data charges in the post-paid category and continues to offer 1GB 3G data for Rs.250. Airtel, Idea and Vodafone had raised pre-paid data tariffs for 2G and 3G services in Delhi by up to 47% in June following the spectrum auctions in March, when operators acquired airwaves worth Rs.101,000 crore.", "external_links": [], "published": "2015-08-31T08:28:00.000+03:00", "crawled": "2015-08-31T13:21:35.238+03:00", "highlightTitle": ""}