{"organizations": [], "uuid": "4cbedc8fd31539e68d1b7c34b0bddff600a3ebcb", "thread": {"social": {"gplus": {"shares": 0}, "pinterest": {"shares": 0}, "vk": {"shares": 0}, "linkedin": {"shares": 0}, "facebook": {"likes": 0, "shares": 0, "comments": 0}, "stumbledupon": {"shares": 0}}, "site_full": "au.finance.yahoo.com", "main_image": "https://s.yimg.com/bt/api/res/1.2/6rik6AZwuPGCiADf_9dhPQ--/YXBwaWQ9eW5ld3M7cT03NTt3PTYwMA--/http://l.yimg.com/os/mit/media/m/social/images/social_default_logo-1481777.png", "site_section": "https://au.finance.yahoo.com/news/topic-top-stories/?format=rss", "section_title": "Australian Business & World Finance News - Yahoo!7 Finance", "url": "https://au.finance.yahoo.com/news/falls-chinese-market-concerns-073707560.html", "country": "GB", "title": "$A falls on Chinese market concerns", "performance_score": 0, "site": "yahoo.com", "participants_count": 0, "title_full": "$A falls on Chinese market concerns", "spam_score": 0.0, "site_type": "news", "published": "2015-08-20T10:37:00.000+03:00", "replies_count": 0, "uuid": "4cbedc8fd31539e68d1b7c34b0bddff600a3ebcb"}, "author": "", "url": "https://au.finance.yahoo.com/news/falls-chinese-market-concerns-073707560.html", "ord_in_thread": 0, "title": "$A falls on Chinese market concerns", "locations": ["Australia"], "entities": {"persons": [], "locations": [], "organizations": []}, "highlightText": "", "language": "english", "persons": [], "text": "Thu, Aug 20, 2015, 5:58 PM AEST - Australia Markets closed $A falls on Chinese market concerns AAP – 21 minutes ago Print \nA third straight day of sharp falls on China's share market has sent the Australian dollar lower. \nAt 1700 AEST on Thursday the currency was trading at 73.13 US cents, down from 73.53 cents on Wednesday. \nThe fall came late in the day, as the Shanghai Composite index fell more than three per cent in afternoon trade. \nThe Australian dollar's performance has been closely tied to movements on China's turbulent market for the past couple of days, Western Union Business Solutions currency strategist Steven Dooley said. \nTraders would have brushed off moves in China's equity market in the past, but it is increasingly having a larger impact on risk sentiment in global markets, he said. \n\"Previously it was treated as a casino and ignored - people still treat it as a casino but now we're actually paying attention,\" he said. \n\"The Chinese economy is clearly slowing rapidly. There is a real risk of a hard landing and that's what the stock market is reflecting.\" \nAt 1700 AEST, the Australian dollar was at 90.69 Japanese yen, down from Wednesday's close of 91.37 yen, and at 65.68 euro cents, down from 66.45 euro cents. \nThe bond market firmed as US Federal Open Market Committee minutes raised concerns about the likelihood of an interest rate hike next month. \n\"It signalled that September is not a done deal,\" St George senior economist Janu Chan said. \n\"They're highlighting that they want more information and confidence that inflation is going to move back to their target and the economy is improving enough.\" \nAt 1630 AEST, the September 2015 10-year bond futures contract was trading at 97.300 (implying a yield of 2.700 per cent), up from 97.225 (2.775 per cent) on Wednesday. \nThe September 2015 three-year bond futures contract was at 98.110 (1.890 per cent), up from 98.060 (1.940 per cent). @y7finance on Twitter, become a fan on Facebook Greece makes ECB repayment AFP \nGreece has received the first instalment of its third multi-billion-euro bailout and made a loan repayment of 3.4 …", "external_links": [], "published": "2015-08-20T10:37:00.000+03:00", "crawled": "2015-08-20T10:59:11.780+03:00", "highlightTitle": ""}