{"organizations": [], "uuid": "6aaa303013ed4a679767ce0ba480ad5d8e84cbd3", "thread": {"social": {"gplus": {"shares": 0}, "pinterest": {"shares": 0}, "vk": {"shares": 0}, "linkedin": {"shares": 0}, "facebook": {"likes": 0, "shares": 0, "comments": 0}, "stumbledupon": {"shares": 0}}, "site_full": "allafrica.com", "main_image": "http://allafrica.com/static/images/structure/aa-logo-rgba-no-text-128x128.png", "site_section": "http://allafrica.com/tools/headlines/rdf/business/headlines.rdf", "section_title": "AllAfrica News: Economy, Business and Finance", "url": "http://allafrica.com/stories/201508281397.html", "country": "US", "title": "Nigeria: Vandals Cut N40 Million NIPP Power Transmission Tower in Abia", "performance_score": 0, "site": "allafrica.com", "participants_count": 0, "title_full": "Nigeria: Vandals Cut N40 Million NIPP Power Transmission Tower in Abia", "spam_score": 0.0, "site_type": "news", "published": "2015-08-28T16:22:00.000+03:00", "replies_count": 0, "uuid": "6aaa303013ed4a679767ce0ba480ad5d8e84cbd3"}, "author": "", "url": "http://allafrica.com/stories/201508281397.html", "ord_in_thread": 0, "title": "Nigeria: Vandals Cut N40 Million NIPP Power Transmission Tower in Abia", "locations": ["Liberia", "Nigeria", "U.S.", "Abia Liberia"], "entities": {"persons": [], "locations": [], "organizations": []}, "highlightText": "", "language": "english", "persons": [], "text": "Liberia: U.S. $ 256 Million Grant for Liberia \nThe Executive Director, Legal and Company Secretary of NDPHC, Mr Abdullahi Salisu, told reporters in Abuja that the company still contends with such developments and many court restraints in the state and its environs. \nSalisu said that the 132/330KV transmission tower worth N40 million was hacked in Ikwuano town even after the community was duly compensated after the NDPHC obtained a Right of Way (RoW) for the over 200 kilometres line to Ikot Ekpene in Akwa Ibom. \nHe said people were mobilised to hack down the tower weighing about 30 tonnes with a generator and steel chain-saw for what he described as perceived inadequate compensation and alleged threat to health. \nSalisu lamented that such were some of the causes of the delay in completing the North-South transmission loop connecting the 563MW Calabar plant, 330MW Egbema plant in Imo, and 504MW Alaoji plant in Abia state. \nMORE TO FOLLOW", "external_links": [], "published": "2015-08-28T16:22:00.000+03:00", "crawled": "2015-08-28T16:42:18.607+03:00", "highlightTitle": ""}