{"organizations": [], "uuid": "ca5e493a043a6b665a442b11364fc9ede1907875", "thread": {"social": {"gplus": {"shares": 0}, "pinterest": {"shares": 0}, "vk": {"shares": 0}, "linkedin": {"shares": 0}, "facebook": {"likes": 0, "shares": 0, "comments": 0}, "stumbledupon": {"shares": 0}}, "site_full": "www.modernghana.com", "main_image": "http://img.modernghana.com/images/content/ing620x400.jpg", "site_section": "http://www.modernghana.com/rssfeed/news.xml?cat_id=1&gender=46", "section_title": "Business & Finance", "url": "http://www.modernghana.com/news/637128/1/engineering-awards-for-october.html", "country": "US", "title": "Engineering Awards For October", "performance_score": 0, "site": "modernghana.com", "participants_count": 0, "title_full": "Engineering Awards For October", "spam_score": 0.0, "site_type": "news", "published": "2015-08-18T18:30:00.000+03:00", "replies_count": 0, "uuid": "ca5e493a043a6b665a442b11364fc9ede1907875"}, "author": "", "url": "http://www.modernghana.com/news/637128/1/engineering-awards-for-october.html", "ord_in_thread": 0, "title": "Engineering Awards For October", "locations": [], "entities": {"persons": [], "locations": [], "organizations": []}, "highlightText": "", "language": "english", "persons": [], "text": "  18 August 2015 16:30 CET Engineering Awards For October By Daily Guide \nIng. Kwaku Boampong The Ghana Institution of Engineers (GhIE) is due to hold the 2015 Engineering Excellence Awards Night for the year 2015 in October. \nThis is the second edition of the awards since its inception. \nThe maiden edition was held on 6th December 2014 at the State House Banquet Hall, Accra. \nUnder the theme, 'Engineers, rise up to reconstruct the Nation,' the President of Ghana Institution of Engineers, Ing. Kwaku Boampong said, 'Many engineers and non-engineers as professionals working in both the public and private sectors of Ghana continue to play an important role in shaping our environment and promoting sustainable development.' \nHe said, 'These professionals need to be appreciated for their efforts and contributions in maintaining the integrity of good engineering practice amidst competing development interest and challenging situations in Ghana, especially floods, fire and collapse of buildings.' \nIng Boampong said the awards were established to recognize the valuable contributions of individuals and organizations. \n'It was also to promote the key role of the engineering profession in public life whilst ensuring that our members become accountable to their works. \n'It recognizes valuable contributions and extraordinary performance in all aspects of the engineering profession and a strong awareness of the profession among related professions, all sectors and the general public,' he said. \nIng Boampong said all nominations received so far are being reviewed by a panel and successful nominees would be released by October 15, 2015. \nThe winners would receive specially designed awards and citation of recognition to mark their achievements. \nA Business Desk report", "external_links": [], "published": "2015-08-18T18:30:00.000+03:00", "crawled": "2015-08-19T04:38:14.244+03:00", "highlightTitle": ""}