{"organizations": [], "uuid": "037f8f42d070779239f553ee43b8cdd4054f7ff7", "thread": {"social": {"gplus": {"shares": 0}, "pinterest": {"shares": 0}, "vk": {"shares": 0}, "linkedin": {"shares": 0}, "facebook": {"likes": 0, "shares": 0, "comments": 0}, "stumbledupon": {"shares": 0}}, "site_full": "www.wsj.com", "main_image": "http://si.wsj.net/public/resources/images/OG-AF589_201508_E_20150831121144.jpg", "site_section": "http://www.wsj.com/news/markets", "section_title": "Stock Market &amp; Finance News - Wall Street Journal", "url": "http://www.wsj.com/articles/crackdown-on-racial-bias-could-boost-drivers-costs-for-auto-loans-1441038864", "country": "", "title": "Crackdown on Racial Bias Could Boost Drivers’ Costs for Auto Loans", "performance_score": 0, "site": "wsj.com", "participants_count": 1, "title_full": "Crackdown on Racial Bias Could Boost Drivers’ Costs for Auto Loans - WSJ", "spam_score": 0.0, "site_type": "news", "published": "2015-08-31T20:34:00.000+03:00", "replies_count": 0, "uuid": "037f8f42d070779239f553ee43b8cdd4054f7ff7"}, "author": "AnnaMaria Andriotis", "url": "http://www.wsj.com/articles/crackdown-on-racial-bias-could-boost-drivers-costs-for-auto-loans-1441038864", "ord_in_thread": 0, "title": "Crackdown on Racial Bias Could Boost Drivers’ Costs for Auto Loans", "locations": [], "entities": {"persons": [], "locations": [], "organizations": []}, "highlightText": "", "language": "english", "persons": [], "text": "A federal regulator’s campaign to fight bias against minorities is changing the way many car loans are priced. Those efforts could mean some consumers will pay more.\nThe Consumer Financial Protection Bureau has reached more than $200 million in antidiscrimination agreements since 2013 with several large car-financing companies, including Ally Financial Inc. and American Honda Finance Corp., over allegations that dealers charged... To Read the Full Story, Subscribe or Sign In", "external_links": [], "published": "2015-08-31T20:34:00.000+03:00", "crawled": "2015-08-31T19:47:57.157+03:00", "highlightTitle": ""}