{"organizations": ["BRIEF-Malayan Banking Bhd", "Google"], "uuid": "23e6d7f51a428a3885484f9c6c651d6d67e8fb09", "thread": {"social": {"gplus": {"shares": 0}, "pinterest": {"shares": 0}, "vk": {"shares": 0}, "linkedin": {"shares": 0}, "facebook": {"likes": 0, "shares": 0, "comments": 0}, "stumbledupon": {"shares": 0}}, "site_full": "www.zawya.com", "main_image": "", "site_section": "http://www.zawya.com/rss/default.cfm?rssid=23C341EC-8851-9E2C-C35A985480E8068B", "section_title": "Zawya.com - Islamic Finance Live News", "url": "http://www.zawya.com/story/BRIEFMalayan_Banking_Bhd_says_Q2_net_interest_income_268_bln_RGT_vs_241_bln_RGT-TR20150827nWNBS01A4CX15/", "country": "AE", "title": "BRIEF-Malayan Banking Bhd says Q2 net interest income 2.68 bln RGT vs 2.41 bln RGT", "performance_score": 0, "site": "zawya.com", "participants_count": 0, "title_full": "BRIEF-Malayan Banking Bhd says Q2 net interest income 2.68 bln RGT vs 2.41 bln RGT", "spam_score": 0.0, "site_type": "news", "published": "2015-08-27T08:08:00.000+03:00", "replies_count": 0, "uuid": "23e6d7f51a428a3885484f9c6c651d6d67e8fb09"}, "author": "", "url": "http://www.zawya.com/story/BRIEFMalayan_Banking_Bhd_says_Q2_net_interest_income_268_bln_RGT_vs_241_bln_RGT-TR20150827nWNBS01A4CX15/", "ord_in_thread": 0, "title": "BRIEF-Malayan Banking Bhd says Q2 net interest income 2.68 bln RGT vs 2.41 bln RGT", "locations": [], "entities": {"persons": [], "locations": [], "organizations": []}, "highlightText": "", "language": "english", "persons": [], "text": "Google Plus Copyright © 2015 Zawya. All Rights Reserved. Terms & Conditions. Quote data provided by © Thomson Reuters This site works best with Internet Explorer 11+, Mozilla Firefox 5.0+ and the latest versions of Google Chrome, Opera & Apple Safari. Before You Begin \nDear Valued Customer, \nAs previously communicated, Zawya Financial products are undergoing a migration to Thomson Reuters Eikon . To assist with an efficient migration and to allow us to serve you better, please complete this short survey. Your assistance is highly appreciated and we thank you in advance. 1. Are you the named user of this Zawya ID? \nPlease select yes or no. Yes", "external_links": [], "published": "2015-08-27T08:08:00.000+03:00", "crawled": "2015-08-27T08:52:44.165+03:00", "highlightTitle": ""}