{"organizations": [], "uuid": "0cbccdb63e6b86341949c67a9eb9426c32a6f11b", "thread": {"social": {"gplus": {"shares": 0}, "pinterest": {"shares": 0}, "vk": {"shares": 0}, "linkedin": {"shares": 0}, "facebook": {"likes": 0, "shares": 0, "comments": 0}, "stumbledupon": {"shares": 0}}, "site_full": "www.modernghana.com", "main_image": "http://img.modernghana.com/images/content/mqh7lxw3je_txo0red55l_pricewaterhousecoopers.jpg", "site_section": "http://www.modernghana.com/rssfeed/news.xml?cat_id=1&gender=46", "section_title": "Business & Finance", "url": "http://www.modernghana.com/news/638907/1/banks-must-adapt-to-changing-technology-pwc-survey.html", "country": "US", "title": "Banks must adapt to changing technology - PwC Survey", "performance_score": 0, "site": "modernghana.com", "participants_count": 0, "title_full": "Banks must adapt to changing technology - PwC Survey", "spam_score": 0.0, "site_type": "news", "published": "2015-08-27T01:00:00.000+03:00", "replies_count": 0, "uuid": "0cbccdb63e6b86341949c67a9eb9426c32a6f11b"}, "author": "", "url": "http://www.modernghana.com/news/638907/1/banks-must-adapt-to-changing-technology-pwc-survey.html", "ord_in_thread": 0, "title": "Banks must adapt to changing technology - PwC Survey", "locations": [], "entities": {"persons": [], "locations": [], "organizations": []}, "highlightText": "", "language": "english", "persons": [], "text": "  23:00 CET Banks must adapt to changing technology - PwC Survey By GNA \nAccra, Aug 26, GNA - Banks must have a complete understanding of the changing technology and demographic trends and customers sophistication to be able to meet their needs. \nThey must also simplify products and channels of delivery to enhance customer experience with lower levels of operational risks. \nThese are some of the findings of the 2015 Ghana Banking Survey, on the theme: 'Bank of the Future: what bank customers want to experience by 2020.' \nThe survey conducted by PricewaterhouseCoopers (pwc) gauges the opinion of senior banking leaders on the possible future shape of the Ghana banking industry in 2020. \nCustomers' thoughts were also collected via their responses to scenario-based questions framed around five elements of banks' business and operating models: that is products and services, channels, technology, organisation, and talent \nThe survey showed that 68 per cent of the respondents rated technology as a key area that they expect banks to invest in. \nThe respondents were of the view that banking technology was supportive of transferring more of control over their banking life. \nMr Kwame Ansa Akufo, Senior Manager, Advisory Services who presented the findings of the survey at a ceremony in Accra on Tuesday said the survey showed that customers were demanding ever higher levels of service, pushing banking to catch up with other industries. \nMr. Akufo said were demographics were evolving, creating demand for new products in new places. \nHe said the changes in consumer preferences would drive new multichannel models, and reshape traditional branch banking. \n'This would not be just new products or offerings, but doing things differently across the entire business model but new skills and capabilities would be needed to enable the change,' he said. \nHe said while regulations were impacting banks within the competitive landscape, technology had emerged as potent enabler of enhanced customer experience and operational efficiency. \nHe cited collaborations to introduce new products bancassurance, mobile or digital banking - self-service, kiosks, digital financial centres, equipped with modern communication, equipment, agent status in the mobile money product, deposit-taking ATMs, card-less ATMs, as some key bank initiatives, in motion and or planned by banks towards 2020. \n'Mobile banking, SMS alerts Intelligent ATMs facilitating off-branch deposits, ATMs as channels for bill payment, airtime top-up, mobile wallet cash-outs, GhIPPS piloting ATM biometric Authentication Cards (international & domestic), POSs are some of the channels that some banks are currently using while, others are preparing to adopt,' he said. \nMr Franklin Belnye, Director, Banking Supervision Department, Bank of Ghana, the guest speaker at the launch agreed with the findings of the survey especially the emphasis on the need for banks to invest in technology \nHe, however, said the bank of the future must not only be technology-driven, but must also be cognisant of the risks posed to its patrons. \nThis, he said, required investment in people, systems, and processes that were not only convenient but also affordable. \n'The central bank stands ready to support this process with an appropriate regulatory framework,' he said. \nGNA", "external_links": [], "published": "2015-08-27T01:00:00.000+03:00", "crawled": "2015-08-27T02:23:24.110+03:00", "highlightTitle": ""}