{"organizations": [], "uuid": "dc5353741b5b849c8fc058fbcac68c957724d7cc", "thread": {"social": {"gplus": {"shares": 0}, "pinterest": {"shares": 0}, "vk": {"shares": 0}, "linkedin": {"shares": 0}, "facebook": {"likes": 0, "shares": 0, "comments": 0}, "stumbledupon": {"shares": 0}}, "site_full": "allafrica.com", "main_image": "http://allafrica.com/static/images/structure/aa-logo-rgba-no-text-128x128.png", "site_section": "http://allafrica.com/tools/headlines/rdf/business/headlines.rdf", "section_title": "AllAfrica News: Economy, Business and Finance", "url": "http://allafrica.com/stories/201508310121.html", "country": "US", "title": "Nigeria: Military Aircraft Crashes in Kaduna", "performance_score": 0, "site": "allafrica.com", "participants_count": 0, "title_full": "Nigeria: Military Aircraft Crashes in Kaduna", "spam_score": 0.0, "site_type": "news", "published": "2015-08-31T09:26:00.000+03:00", "replies_count": 0, "uuid": "dc5353741b5b849c8fc058fbcac68c957724d7cc"}, "author": "", "url": "http://allafrica.com/stories/201508310121.html", "ord_in_thread": 0, "title": "Nigeria: Military Aircraft Crashes in Kaduna", "locations": ["France", "Nigeria", "Kaduna Africa"], "entities": {"persons": [], "locations": [], "organizations": []}, "highlightText": "", "language": "english", "persons": ["Tonye Bakare"], "text": "Africa: Marine Le Pen Calls for End to Legal Immigration to France By Tonye Bakare \nA military air plane is believed to have crashed at about 6.45am on Saturday at the old Nigeria Defense Academy (NDA) in Kaduna. \nThe site of the crash is also called Ribadu Cantonment. \nThe two pilots may have died in the crash according to reports. \nThe plane which fell between two houses in the Cantonment, consumed one of the houses as it went up in flames on impact. \nThe site of the crash has been cordoned off by military personnel who stopped people from getting close. \nThere was still no official statement from NAF authorities at the time of this report. Nigeria \nThe Bauchi State government has disclosed that the appointment of Secretary to the State government (SSG), Alhaji … see more » Copyright © 2015 The Guardian. All rights reserved. Distributed by AllAfrica Global Media ( allAfrica.com ). To contact the copyright holder directly for corrections — or for permission to republish or make other authorized use of this material, click here. AllAfrica publishes around 2,000 reports a day from more than 130 news organizations and over 200 other institutions and individuals , representing a diversity of positions on every topic. We publish news and views ranging from vigorous opponents of governments to government publications and spokespersons. Publishers named above each report are responsible for their own content, which AllAfrica does not have the legal right to edit or correct. Articles and commentaries that identify allAfrica.com as the publisher are produced or commissioned by AllAfrica . To address comments or complaints, please Contact us .", "external_links": [], "published": "2015-08-31T09:26:00.000+03:00", "crawled": "2015-08-31T10:15:43.497+03:00", "highlightTitle": ""}