{"organizations": [], "uuid": "c29e1d58bce9bf58f4e8697aafc58b0c02bc28dd", "thread": {"social": {"gplus": {"shares": 0}, "pinterest": {"shares": 0}, "vk": {"shares": 0}, "linkedin": {"shares": 0}, "facebook": {"likes": 0, "shares": 0, "comments": 0}, "stumbledupon": {"shares": 0}}, "site_full": "allafrica.com", "main_image": "http://allafrica.com/static/images/structure/aa-logo-rgba-no-text-128x128.png", "site_section": "http://allafrica.com/tools/headlines/rdf/business/headlines.rdf", "section_title": "AllAfrica News: Economy, Business and Finance", "url": "http://allafrica.com/stories/201508311750.html", "country": "US", "title": "South Africa: Silicosis - Court Lets NGOs Join Class Action", "performance_score": 0, "site": "allafrica.com", "participants_count": 0, "title_full": "South Africa: Silicosis - Court Lets NGOs Join Class Action", "spam_score": 0.0, "site_type": "news", "published": "2015-08-31T14:53:00.000+03:00", "replies_count": 0, "uuid": "c29e1d58bce9bf58f4e8697aafc58b0c02bc28dd"}, "author": "", "url": "http://allafrica.com/stories/201508311750.html", "ord_in_thread": 0, "title": "South Africa: Silicosis - Court Lets NGOs Join Class Action", "locations": ["Uganda", "South Africa"], "entities": {"persons": [], "locations": [], "organizations": []}, "highlightText": "", "language": "english", "persons": ["Museveni"], "text": "Uganda: Museveni Lifts Ban On Mineral Exports \nThe organisations, which were accepted as friends of the court on Friday, will highlight the impact silicosis has had on communities, particularly women and girls, in labour-sending areas and question the denial of the mineworkers' constitutional rights. \n\"The history of the gold mines in South Africa is a history of exploitation and of a disregard for the health and dignity of mostly poor black workers,\" said TAC general secretary Anele Yawa. \n\"The entry of TAC and Sonke, who are represented by Section27, will allow the two organisations to present to the court evidence showing the wider social impact of how gold mining companies have endangered workers, fuelled epidemics, impoverished communities and entrenched ... South Africa \nThe Medicines Control Council has for many years been severely criticised for the exceptionally long time it takes to … see more » \nRead the full story on the Daily Maverick website. Copyright © 2015 Daily Maverick. All rights reserved. Distributed by AllAfrica Global Media ( allAfrica.com ). To contact the copyright holder directly for corrections — or for permission to republish or make other authorized use of this material, click here. AllAfrica publishes around 2,000 reports a day from more than 130 news organizations and over 200 other institutions and individuals , representing a diversity of positions on every topic. We publish news and views ranging from vigorous opponents of governments to government publications and spokespersons. Publishers named above each report are responsible for their own content, which AllAfrica does not have the legal right to edit or correct. Articles and commentaries that identify allAfrica.com as the publisher are produced or commissioned by AllAfrica . To address comments or complaints, please Contact us .", "external_links": [], "published": "2015-08-31T14:53:00.000+03:00", "crawled": "2015-08-31T15:33:14.625+03:00", "highlightTitle": ""}