{"organizations": [], "uuid": "f4a6df6b8b985f22c0dd2fe7d6482c323dec009e", "thread": {"social": {"gplus": {"shares": 0}, "pinterest": {"shares": 0}, "vk": {"shares": 0}, "linkedin": {"shares": 0}, "facebook": {"likes": 0, "shares": 0, "comments": 0}, "stumbledupon": {"shares": 0}}, "site_full": "www.telegraph.co.uk", "main_image": "http://i.telegraph.co.uk/multimedia/archive/03391/credit-cards_3391406k.jpg", "site_section": "http://www.telegraph.co.uk/finance/personalfinance/", "section_title": "Personal finance - How to grow your wealth and spend less money - Telegraph - Telegraph", "url": "http://www.telegraph.co.uk/finance/economics/11770654/Is-the-UK-economy-on-another-credit-fuelled-binge.html", "country": "GB", "title": "Is the UK economy on another credit-fuelled binge?", "performance_score": 1, "site": "telegraph.co.uk", "participants_count": 19, "title_full": "Is the UK economy on another credit-fuelled binge? - Telegraph", "spam_score": 0.0, "site_type": "news", "published": "2015-07-30T17:00:00.000+03:00", "replies_count": 27, "uuid": "8a89e3f255ba09dea088ed6a381ce6dcbe40e6d9"}, "author": "Szu Ping Chan", "url": "http://www.telegraph.co.uk/finance/economics/11770654/Is-the-UK-economy-on-another-credit-fuelled-binge.html#post-0", "ord_in_thread": 0, "title": "Is the UK economy on another credit-fuelled binge?", "locations": [], "entities": {"persons": [], "locations": [], "organizations": []}, "highlightText": "", "language": "english", "persons": [], "text": "telegraph.co.uk Follow @telegraph The Telegraph Investor Transfer your Isas - buy & sell funds for free Find out more »", "external_links": [], "published": "2015-07-30T17:00:00.000+03:00", "crawled": "2015-08-21T11:29:33.500+03:00", "highlightTitle": ""}