{"organizations": [], "uuid": "7c8373e48b4b321406b953acd2fbba499d3d60f6", "thread": {"social": {"gplus": {"shares": 0}, "pinterest": {"shares": 0}, "vk": {"shares": 0}, "linkedin": {"shares": 0}, "facebook": {"likes": 0, "shares": 0, "comments": 0}, "stumbledupon": {"shares": 0}}, "site_full": "www.telegraph.co.uk", "main_image": "http://i.telegraph.co.uk/multimedia/archive/03368/china_3368174k.jpg", "site_section": "http://www.telegraph.co.uk/finance/personalfinance/rss", "section_title": "Personal finance - How to grow your wealth and spend less money - Telegraph", "url": "http://www.telegraph.co.uk/finance/personalfinance/investing/11830209/Where-next-for-stock-markets-These-three-charts-offer-clues.html", "country": "US", "title": "Where next for stock markets? These three charts offer clues", "performance_score": 1, "site": "telegraph.co.uk", "participants_count": 1, "title_full": "Where next for stock markets? These three charts offer clues", "spam_score": 0.0, "site_type": "news", "published": "2015-08-31T10:02:00.000+03:00", "replies_count": 0, "uuid": "7c8373e48b4b321406b953acd2fbba499d3d60f6"}, "author": "Kyle Caldwell", "url": "http://www.telegraph.co.uk/finance/personalfinance/investing/11830209/Where-next-for-stock-markets-These-three-charts-offer-clues.html", "ord_in_thread": 0, "title": "Where next for stock markets? These three charts offer clues", "locations": [], "entities": {"persons": [], "locations": [], "organizations": []}, "highlightText": "", "language": "english", "persons": [], "text": "My tax-free share portfolio is up 35pc in a year Where next for stock markets? These three charts offer clues Turmoil has gripped financial markets over the past week – is it over? We look at three measures that try to predict where stock markets are heading next Concerns over slowing growth in China blamed rocked global stock markets this week Photo: Reuters", "external_links": [], "published": "2015-08-31T10:02:00.000+03:00", "crawled": "2015-08-31T10:46:39.938+03:00", "highlightTitle": ""}