{"organizations": [], "uuid": "e90556ce46c8bdd9332197d6905acdc0d46bb9ff", "thread": {"social": {"gplus": {"shares": 0}, "pinterest": {"shares": 0}, "vk": {"shares": 0}, "linkedin": {"shares": 0}, "facebook": {"likes": 0, "shares": 0, "comments": 0}, "stumbledupon": {"shares": 0}}, "site_full": "ceejay74.savingadvice.com", "main_image": "", "site_section": "http://ceejay74.savingadvice.com/rss/", "section_title": "Ceejay74's Personal Finance Blog", "url": "http://ceejay74.savingadvice.com/2015/08/26/first-day-of-school_205565/", "country": "US", "title": "First day of school", "performance_score": 0, "site": "savingadvice.com", "participants_count": 1, "title_full": "First day of school", "spam_score": 0.0, "site_type": "news", "published": "2015-08-26T22:33:00.000+03:00", "replies_count": 0, "uuid": "e90556ce46c8bdd9332197d6905acdc0d46bb9ff"}, "author": "ceejay74", "url": "http://ceejay74.savingadvice.com/2015/08/26/first-day-of-school_205565/", "ord_in_thread": 0, "title": "First day of school", "locations": [], "entities": {"persons": [], "locations": [], "organizations": []}, "highlightText": "", "language": "english", "persons": [], "text": " ", "external_links": [], "published": "2015-08-26T22:33:00.000+03:00", "crawled": "2015-08-26T21:40:15.572+03:00", "highlightTitle": ""}