{"organizations": ["Bank Nizwa", "Google"], "uuid": "72ec3c208be7e30d0128b09e50e60b0879c628a0", "thread": {"social": {"gplus": {"shares": 0}, "pinterest": {"shares": 0}, "vk": {"shares": 0}, "linkedin": {"shares": 0}, "facebook": {"likes": 0, "shares": 0, "comments": 0}, "stumbledupon": {"shares": 0}}, "site_full": "www.zawya.com", "main_image": "", "site_section": "http://www.zawya.com/rss/default.cfm?rssid=23C341EC-8851-9E2C-C35A985480E8068B", "section_title": "Zawya.com - Islamic Finance Live News", "url": "http://www.zawya.com/story/Omans_Bank_Nizwa_remains_open_to_merger_takeover_options_CEO-TR20150827nL5N1123GBX2/", "country": "AE", "title": "Oman's Bank Nizwa remains open to merger, takeover options -CEO", "performance_score": 0, "site": "zawya.com", "participants_count": 0, "title_full": "Oman's Bank Nizwa remains open to merger, takeover options -CEO", "spam_score": 0.0, "site_type": "news", "published": "2015-08-27T18:32:00.000+03:00", "replies_count": 0, "uuid": "72ec3c208be7e30d0128b09e50e60b0879c628a0"}, "author": "", "url": "http://www.zawya.com/story/Omans_Bank_Nizwa_remains_open_to_merger_takeover_options_CEO-TR20150827nL5N1123GBX2/", "ord_in_thread": 0, "title": "Oman's Bank Nizwa remains open to merger, takeover options -CEO", "locations": ["Oman"], "entities": {"persons": [], "locations": [], "organizations": []}, "highlightText": "", "language": "english", "persons": [], "text": "Google Plus Copyright © 2015 Zawya. All Rights Reserved. Terms & Conditions. Quote data provided by © Thomson Reuters This site works best with Internet Explorer 11+, Mozilla Firefox 5.0+ and the latest versions of Google Chrome, Opera & Apple Safari. Before You Begin \nDear Valued Customer, \nAs previously communicated, Zawya Financial products are undergoing a migration to Thomson Reuters Eikon . To assist with an efficient migration and to allow us to serve you better, please complete this short survey. Your assistance is highly appreciated and we thank you in advance. 1. Are you the named user of this Zawya ID? \nPlease select yes or no. Yes", "external_links": [], "published": "2015-08-27T18:32:00.000+03:00", "crawled": "2015-08-27T22:11:27.048+03:00", "highlightTitle": ""}