{"organizations": [], "uuid": "93557755bda4aab60994d9fe2311068194c4d0b7", "thread": {"social": {"gplus": {"shares": 0}, "pinterest": {"shares": 0}, "vk": {"shares": 0}, "linkedin": {"shares": 0}, "facebook": {"likes": 0, "shares": 0, "comments": 0}, "stumbledupon": {"shares": 0}}, "site_full": "media.smh.com.au", "main_image": "http://images.smh.com.au/2015/08/28/6801886/woolies32.jpg", "site_section": "http://www.smh.com.au/business/markets/sectors/share-listing/2550/consumer-discretionary/retailing", "section_title": "Business News, Economy, Finance &amp; ASX Market News", "url": "http://media.smh.com.au/video-business/video-businessday/woolworths-results-reveal-companys-turmoil-6801884.html", "country": "AU", "title": "Woolworths results reveal company's turmoil", "performance_score": 0, "site": "smh.com.au", "participants_count": 1, "title_full": "Woolworths results reveal company's turmoil", "spam_score": 0.0, "site_type": "news", "published": "2015-08-28T03:00:00.000+03:00", "replies_count": 0, "uuid": "93557755bda4aab60994d9fe2311068194c4d0b7"}, "author": "The Sydney Morning Herald", "url": "http://media.smh.com.au/video-business/video-businessday/woolworths-results-reveal-companys-turmoil-6801884.html", "ord_in_thread": 0, "title": "Woolworths results reveal company's turmoil", "locations": [], "entities": {"persons": [], "locations": [], "organizations": []}, "highlightText": "", "language": "english", "persons": [], "text": "Supermarket giant appoints a new chair as it announces a full-year net profit dive of 12.5 per cent.", "external_links": [], "published": "2015-08-28T03:00:00.000+03:00", "crawled": "2015-08-28T04:44:09.450+03:00", "highlightTitle": ""}