{"organizations": [], "uuid": "190409f0a44a6a018269c8059e1a5db0a104e65c", "thread": {"social": {"gplus": {"shares": 0}, "pinterest": {"shares": 0}, "vk": {"shares": 0}, "linkedin": {"shares": 0}, "facebook": {"likes": 0, "shares": 0, "comments": 0}, "stumbledupon": {"shares": 0}}, "site_full": "www.wsj.com", "main_image": "http://si.wsj.net/public/resources/images/BN-JY478_0821st_G_20150821110044.jpg", "site_section": "http://www.wsj.com/news/business", "section_title": "Business &amp; Finance News - Wall Street Journal", "url": "http://www.wsj.com/articles/youtube-star-joins-ranks-of-mobile-games-1440196673", "country": "US", "title": "YouTube Violinist’s Next Adventure: Mobile Games", "performance_score": 0, "site": "wsj.com", "participants_count": 1, "title_full": "YouTube Violinist’s Next Adventure: Mobile Games - WSJ", "spam_score": 0.0, "site_type": "news", "published": "2015-08-22T02:37:00.000+03:00", "replies_count": 0, "uuid": "190409f0a44a6a018269c8059e1a5db0a104e65c"}, "author": "Sarah E. Needleman", "url": "http://www.wsj.com/articles/youtube-star-joins-ranks-of-mobile-games-1440196673", "ord_in_thread": 0, "title": "YouTube Violinist’s Next Adventure: Mobile Games", "locations": [], "entities": {"persons": [], "locations": [], "organizations": []}, "highlightText": "", "language": "english", "persons": [], "text": "Kim Kardashian found unlikely success in mobile games. Can an electronic dance violinist do the same?\nLindsey Stirling’s pop take on the classical instrument has helped make her one of a new breed of celebrities on YouTube. More than six million people subscribe to her music channel, where she plays colorful characters in elaborately crafted... To Read the Full Story, Subscribe or Sign In", "external_links": [], "published": "2015-08-22T02:37:00.000+03:00", "crawled": "2015-08-22T02:50:46.564+03:00", "highlightTitle": ""}