{"organizations": [], "uuid": "6915dcb2c2e08845f3ecc18c8c2dd9f7d0852920", "thread": {"social": {"gplus": {"shares": 0}, "pinterest": {"shares": 0}, "vk": {"shares": 0}, "linkedin": {"shares": 0}, "facebook": {"likes": 0, "shares": 0, "comments": 0}, "stumbledupon": {"shares": 0}}, "site_full": "www.wsj.com", "main_image": "http://si.wsj.net/public/resources/images/BN-JL516_0721am_G_20150719112049.jpg", "site_section": "http://www.wsj.com/news/markets", "section_title": "Stock Market &amp; Finance News - Wall Street Journal", "url": "http://www.wsj.com/articles/toronto-dominion-bank-earnings-beat-expectations-1440675263", "country": "", "title": "Toronto-Dominion Bank Earnings Beat Expectations", "performance_score": 0, "site": "wsj.com", "participants_count": 1, "title_full": "Toronto-Dominion Bank Earnings Beat Expectations - WSJ", "spam_score": 0.0, "site_type": "news", "published": "2015-08-27T15:34:00.000+03:00", "replies_count": 0, "uuid": "6915dcb2c2e08845f3ecc18c8c2dd9f7d0852920"}, "author": "Rita Trichur", "url": "http://www.wsj.com/articles/toronto-dominion-bank-earnings-beat-expectations-1440675263", "ord_in_thread": 0, "title": "Toronto-Dominion Bank Earnings Beat Expectations", "locations": [], "entities": {"persons": [], "locations": [], "organizations": []}, "highlightText": "", "language": "english", "persons": [], "text": "Toronto-Dominion Bank posted fiscal third-quarter earnings on Thursday that beat analyst expectations, with results powered by higher profits in its retail and wholesale banking divisions.\nTD, Canada’s second-biggest bank by assets, became the fourth Canadian lender to post stronger-than-expected results for the May-to-July quarter despite a... ", "external_links": [], "published": "2015-08-27T15:34:00.000+03:00", "crawled": "2015-08-27T14:52:34.463+03:00", "highlightTitle": ""}