{"organizations": [], "uuid": "a7631ce2e7629029db8960371aed071d2f89ffcf", "thread": {"social": {"gplus": {"shares": 0}, "pinterest": {"shares": 0}, "vk": {"shares": 0}, "linkedin": {"shares": 0}, "facebook": {"likes": 0, "shares": 0, "comments": 0}, "stumbledupon": {"shares": 0}}, "site_full": "www.telegraph.co.uk", "main_image": "http://i.telegraph.co.uk/multimedia/archive/03417/An_investor_watche_3417283k.jpg", "site_section": "http://www.telegraph.co.uk/finance/", "section_title": "Finance - Business news and market updates - Telegraph - Telegraph", "url": "http://www.telegraph.co.uk/finance/personalfinance/investing/shares/11831461/Black-Monday-was-a-blip-and-the-bull-market-isnt-over.html", "country": "GB", "title": "Black Monday was a blip and the bull market isn’t over", "performance_score": 0, "site": "telegraph.co.uk", "participants_count": 2, "title_full": "Black Monday was a blip and the bull market isn’t over - Telegraph", "spam_score": 0.0, "site_type": "news", "published": "2015-08-30T15:44:00.000+03:00", "replies_count": 1, "uuid": "c99a0c7a692e793199f9f6d2e5036b53dd8d4df8"}, "author": "Richard Evans", "url": "http://www.telegraph.co.uk/finance/personalfinance/investing/shares/11831461/Black-Monday-was-a-blip-and-the-bull-market-isnt-over.html#post-0", "ord_in_thread": 0, "title": "Black Monday was a blip and the bull market isn’t over", "locations": [], "entities": {"persons": [], "locations": [], "organizations": []}, "highlightText": "", "language": "english", "persons": [], "text": " The Telegraph Investor £10 to trade shares and no charge to buy & sell funds Find out more »", "external_links": [], "published": "2015-08-30T15:44:00.000+03:00", "crawled": "2015-08-30T11:14:39.781+03:00", "highlightTitle": ""}