{"organizations": [], "uuid": "b088cc3318ef57a8c6299be4127be20fe084717f", "thread": {"social": {"gplus": {"shares": 0}, "pinterest": {"shares": 0}, "vk": {"shares": 0}, "linkedin": {"shares": 0}, "facebook": {"likes": 0, "shares": 0, "comments": 0}, "stumbledupon": {"shares": 0}}, "site_full": "www.reuters.com", "main_image": "", "site_section": "http://www.reuters.com/finance/personal-finance", "section_title": "Wealth, Personal Finance &amp; Money | Reuters.com", "url": "http://www.reuters.com/article/2015/08/27/usa-debt-bills-idUSW1N0ZT02G20150827", "country": "US", "title": "U.S. Treasury to sell $25 bln in cash management bills", "performance_score": 0, "site": "reuters.com", "participants_count": 1, "title_full": "U.S. Treasury to sell $25 bln in cash management bills | Reuters", "spam_score": 0.0, "site_type": "news", "published": "2015-08-27T19:16:00.000+03:00", "replies_count": 0, "uuid": "b088cc3318ef57a8c6299be4127be20fe084717f"}, "author": "Reuters", "url": "http://www.reuters.com/article/2015/08/27/usa-debt-bills-idUSW1N0ZT02G20150827", "ord_in_thread": 0, "title": "U.S. Treasury to sell $25 bln in cash management bills", "locations": [], "entities": {"persons": [], "locations": [], "organizations": []}, "highlightText": "", "language": "english", "persons": [], "text": "WASHINGTON Aug 27 For details of the U.S. Treasury's auction of cash management bills next week, see:\nhere\n(Washington economics newsroom)", "external_links": ["http://www.treasurydirect.gov/instit/annceresult/press/preanre/2015/A_20150827_2.pdf"], "published": "2015-08-27T19:16:00.000+03:00", "crawled": "2015-08-27T18:24:34.143+03:00", "highlightTitle": ""}