{"organizations": ["Small Business Administration", "SBA", "Coad Named National Sales Manager for Wells Fargo SBA Lending   Coad Named National Sales Manager for Wells Fargo SBA", "Wells Fargo Bank"], "uuid": "88185f2d550c5ca198d19933f87d4b764cd04a87", "thread": {"social": {"gplus": {"shares": 0}, "pinterest": {"shares": 0}, "vk": {"shares": 0}, "linkedin": {"shares": 0}, "facebook": {"likes": 0, "shares": 0, "comments": 0}, "stumbledupon": {"shares": 0}}, "site_full": "www.equipmentfa.com", "main_image": "", "site_section": "http://www.equipmentfa.com/rss/feeds/latestnews.xml", "section_title": "Equipment Finance Advisor", "url": "http://www.equipmentfa.com/news/4630/coad-named-national-sales-manager-for-wells-fargo-sba-lending", "country": "US", "title": "Coad Named National Sales Manager for Wells Fargo SBA Lending", "performance_score": 0, "site": "equipmentfa.com", "participants_count": 0, "title_full": "Coad Named National Sales Manager for Wells Fargo SBA Lending", "spam_score": 0.0, "site_type": "news", "published": "2015-08-26T14:14:00.000+03:00", "replies_count": 0, "uuid": "88185f2d550c5ca198d19933f87d4b764cd04a87"}, "author": "", "url": "http://www.equipmentfa.com/news/4630/coad-named-national-sales-manager-for-wells-fargo-sba-lending", "ord_in_thread": 0, "title": "Coad Named National Sales Manager for Wells Fargo SBA Lending", "locations": [], "entities": {"persons": [], "locations": [], "organizations": []}, "highlightText": "", "language": "english", "persons": [], "text": "  Coad Named National Sales Manager for Wells Fargo SBA Lending August 26, 2015, 07:14 AM Related: Ge Capital , SBA , Small Business Administration , Small Business Lending , Wells Fargo Bank \nWells Fargo announced that John Coad has been named national sales manager for SBA Lending. A senior sales leader with 30 years of experience in commercial lending, including SBA lending and small business leadership roles at GE Capital, Coad will lead a national sales team of SBA lending professionals and help drive growth for a line of business that has been America’s No. 1 SBA 7(a) lender in dollars for six consecutive years (U.S. SBA, federal fiscal years 2009-2014). He will be based in New York and report to Donna Serres, head of Wells Fargo SBA Lending. “I am happy to welcome John to the SBA Lending team, and to Wells Fargo,” said Donna Serres. “With a proven track record and exceptional sales and management experience, I know he will be instrumental in helping us serve the small business community and as a result, earn more business and build on Wells Fargo’s reputation as a leader in SBA lending.” Coad joins Wells Fargo after a 30-year career in commercial lending, 24 of those years with GE Capital where he was first introduced to SBA lending as Regional Sales Leader for GE Capital’s Small Business Finance Group in 1995. Coad held various regional and national sales leadership roles within GE Capital’s Business Property and Small Business Finance departments, focusing on SBA and conventional loan products. In his most recent position with GE, he led the East Coast loan origination team for the Franchise Finance division. Today's Other News", "external_links": [], "published": "2015-08-26T14:14:00.000+03:00", "crawled": "2015-08-28T00:26:51.887+03:00", "highlightTitle": ""}