{"organizations": ["Treasury"], "uuid": "2723707bc5565a49337cc9a7bc880233a776c6b2", "thread": {"social": {"gplus": {"shares": 0}, "pinterest": {"shares": 0}, "vk": {"shares": 0}, "linkedin": {"shares": 0}, "facebook": {"likes": 0, "shares": 0, "comments": 0}, "stumbledupon": {"shares": 0}}, "site_full": "www.modernghana.com", "main_image": "http://img.modernghana.com/images/content/typ0sfe66m_9259374520844_4665695766711.jpg", "site_section": "http://www.modernghana.com/rssfeed/news.xml?cat_id=1&gender=46", "section_title": "Business & Finance", "url": "http://www.modernghana.com/news/639521/1/government-postpones-issuance-of-5-year-treasury-b.html", "country": "US", "title": "Government postpones issuance of 5-year Treasury bond", "performance_score": 0, "site": "modernghana.com", "participants_count": 0, "title_full": "Government postpones issuance of 5-year Treasury bond", "spam_score": 0.0, "site_type": "news", "published": "2015-08-29T22:36:00.000+03:00", "replies_count": 0, "uuid": "2723707bc5565a49337cc9a7bc880233a776c6b2"}, "author": "", "url": "http://www.modernghana.com/news/639521/1/government-postpones-issuance-of-5-year-treasury-b.html", "ord_in_thread": 0, "title": "Government postpones issuance of 5-year Treasury bond", "locations": [], "entities": {"persons": [], "locations": [], "organizations": []}, "highlightText": "", "language": "english", "persons": [], "text": "  29 August 2015 20:36 CET Government postpones issuance of 5-year Treasury bond By Myjoyonline.com | NSA \nGovernment has postponed the issuance of a 5-year Treasury bond it announced earlier this month. \nThe Finance Minister early this month announced government will issue the bond to raise some 500 million cedis for infrastructural developments. \nBut a statement copied to Joy News from the Finance Ministry says the ministry and the Bank of Ghana (BoG) have postponed the issuance of the bond due to market developments. \nAccording to the ministry, the BoG and its Bookrunners remain committed to Ghana's medium to long term debt management strategy. \nThe statement added that the ministry will keep the market updated on developments with this issuance. \nGhana's total debt is hovering around 90 billion cedis. \nEconomists have expressed worry about the country's level of borrowing, suggesting the debt levels are unsustainable. \nGovernment has insisted it is doing what it calls smart borrowing. \nThe Finance Minister has maintained that government is now spending any loans acquired on projects that can refinance the loans. \nWhen the 5-year bond is eventually issued, the country's public debt will certainly inch up.", "external_links": [], "published": "2015-08-29T22:36:00.000+03:00", "crawled": "2015-08-30T00:36:23.122+03:00", "highlightTitle": ""}