{"organizations": ["Shell"], "uuid": "b452d8055b0dcef282cc73b2ca7d85fc71457c60", "thread": {"social": {"gplus": {"shares": 0}, "pinterest": {"shares": 0}, "vk": {"shares": 0}, "linkedin": {"shares": 0}, "facebook": {"likes": 0, "shares": 0, "comments": 0}, "stumbledupon": {"shares": 0}}, "site_full": "uk.finance.yahoo.com", "main_image": "https://s.yimg.com/bt/api/res/1.2/6rik6AZwuPGCiADf_9dhPQ--/YXBwaWQ9eW5ld3M7cT03NTt3PTYwMA--/http://l.yimg.com/os/mit/media/m/social/images/social_default_logo-1481777.png", "site_section": "https://uk.finance.yahoo.com/news/provider-targetukfocus/?format=rss", "section_title": "Finance News | Reuters - UK Focus - Yahoo! UK & Ireland Finance", "url": "https://uk.finance.yahoo.com/news/shells-bukom-refinery-fire-occurred-050956032.html", "country": "US", "title": "Shell's Bukom refinery fire occurred at a section under maintenance - spokeswoman", "performance_score": 0, "site": "yahoo.com", "participants_count": 0, "title_full": "Shell's Bukom refinery fire occurred at a section under maintenance - spokeswoman", "spam_score": 0.0, "site_type": "news", "published": "2015-08-22T08:09:00.000+03:00", "replies_count": 0, "uuid": "b452d8055b0dcef282cc73b2ca7d85fc71457c60"}, "author": "", "url": "https://uk.finance.yahoo.com/news/shells-bukom-refinery-fire-occurred-050956032.html", "ord_in_thread": 0, "title": "Shell's Bukom refinery fire occurred at a section under maintenance - spokeswoman", "locations": [], "entities": {"persons": [], "locations": [], "organizations": []}, "highlightText": "", "language": "english", "persons": [], "text": "-2.82 \n(Adds details on planned maintenance, impact on prices) \nSINGAPORE, Aug 22 (Reuters) - A fire which broke out at Royal Dutch Shell (Xetra: R6C1.DE - news ) 's 500,000 barrels-per-day refinery on Pulau Bukom island off Singapore on Friday occurred at a section of one of the units currently under scheduled maintenance, a company spokeswoman said on Saturday. \nThe fire at the unidentified unit of the Pulau Bukom Manufacturing Site, Shell (LSE: RDSB.L - news ) 's largest wholly owned plant, was put out by the site's first emergency responders within an hour, Shell said. \nThree of the six contract workers hospitalised with burns were treated and discharged while the remaining three were still being monitored, the spokeswoman said. \nShe (Munich: SOQ.MU - news ) did not elaborate on what caused the fire but added that there was no other impact on the site's operations. \nIn May, Reuters reported that Shell was planning to shut Bukom's largest 210,000 bpd crude unit for one to two months in the third quarter for planned maintenance. \nThe refinery saw production losses in September 2011 due to a fire that forced the company to shut down a crude unit and a fluid catalytic cracker, which drove up margins of oil products. \nFriday's fire at Bukom had caused gasoil spreads and exchange of futures for swaps (EFS) derivatives to firm up, a Singapore-based trader said. (Reporting by Jessica Jaganathan and Florence Tan; Editing by Nick Macfie)", "external_links": [], "published": "2015-08-22T08:09:00.000+03:00", "crawled": "2015-08-22T11:32:06.969+03:00", "highlightTitle": ""}