{"organizations": [], "uuid": "6e50e72da4f6c9a32af981d4fc64c5d7430f5eaa", "thread": {"social": {"gplus": {"shares": 0}, "pinterest": {"shares": 0}, "vk": {"shares": 0}, "linkedin": {"shares": 0}, "facebook": {"likes": 0, "shares": 0, "comments": 0}, "stumbledupon": {"shares": 0}}, "site_full": "www.reuters.com", "main_image": "", "site_section": "http://www.reuters.com/finance/personal-finance", "section_title": "Wealth, Personal Finance &amp; Money | Reuters.com", "url": "http://www.reuters.com/article/2015/08/27/markets-global-europe-idUSL5N1124R720150827", "country": "US", "title": "Moscovici says Europe's economy robust enough to weather Chinese turmoil", "performance_score": 0, "site": "reuters.com", "participants_count": 1, "title_full": "Moscovici says Europe's economy robust enough to weather Chinese turmoil | Reuters", "spam_score": 0.0, "site_type": "news", "published": "2015-08-27T20:45:00.000+03:00", "replies_count": 0, "uuid": "6e50e72da4f6c9a32af981d4fc64c5d7430f5eaa"}, "author": "Reuters", "url": "http://www.reuters.com/article/2015/08/27/markets-global-europe-idUSL5N1124R720150827", "ord_in_thread": 0, "title": "Moscovici says Europe's economy robust enough to weather Chinese turmoil", "locations": [], "entities": {"persons": [], "locations": [], "organizations": []}, "highlightText": "", "language": "english", "persons": [], "text": "PARIS Aug 27 The recovery in Europe is strong enough to weather turmoil on Chinese markets, European Economic and Monetary Affairs Commissioner Pierre Moscovici said on Thursday.\n\"I am not worried, especially as monetary authorities in China and elsewhere have reacted or said they would,\" Moscovici told France's iTELE.\n\"My feeling today ... is that European economies are able to weather what is happening on the Chinese market. The fundamentals of the recovery in Europe and in France are solid enough.\" (Reporting by Ingrid Melander ; Editing by Robin Pomeroy )", "external_links": [], "published": "2015-08-27T20:45:00.000+03:00", "crawled": "2015-08-27T19:55:32.555+03:00", "highlightTitle": ""}