{"organizations": [], "uuid": "f9edb6652a3e9178a4814510c739267b48d476cf", "thread": {"social": {"gplus": {"shares": 0}, "pinterest": {"shares": 0}, "vk": {"shares": 0}, "linkedin": {"shares": 0}, "facebook": {"likes": 0, "shares": 0, "comments": 0}, "stumbledupon": {"shares": 0}}, "site_full": "www.wsj.com", "main_image": "http://si.wsj.net/public/resources/images/BN-KA562_edp082_G_20150826164339.jpg", "site_section": "http://www.wsj.com/news/business", "section_title": "Business &amp; Finance News - Wall Street Journal", "url": "http://www.wsj.com/articles/clintons-drilling-chill-1440629242", "country": "", "title": "Clinton’s Drilling Chill", "performance_score": 0, "site": "wsj.com", "participants_count": 1, "title_full": "Clinton’s Drilling Chill - WSJ", "spam_score": 0.0, "site_type": "news", "published": "2015-08-27T02:47:00.000+03:00", "replies_count": 0, "uuid": "f9edb6652a3e9178a4814510c739267b48d476cf"}, "author": "wsjcom", "url": "http://www.wsj.com/articles/clintons-drilling-chill-1440629242", "ord_in_thread": 0, "title": "Clinton’s Drilling Chill", "locations": [], "entities": {"persons": [], "locations": [], "organizations": []}, "highlightText": "", "language": "english", "persons": [], "text": "With the media transfixed by Donald Trump and Joe Biden’s will-he-won’t-he candidacy, some revealing policy news in the presidential campaign is being overlooked. Take Hillary Clinton’s decision to get to the left of President Obama on oil drilling in the Arctic.\nThe Obama Administration late last week gave final approval to Shell’s project to drill in the Arctic Ocean’s Chukchi Sea—seven years and billions of investment dollars since it won the lease in 2008. Mrs. Clinton wasted no time using Twitter to express her... To Read the Full Story, Subscribe or Sign In", "external_links": [], "published": "2015-08-27T02:47:00.000+03:00", "crawled": "2015-08-27T02:02:53.132+03:00", "highlightTitle": ""}