{"organizations": [], "uuid": "9d175be11213f34edf37c1bd5f757b5471a88ade", "thread": {"social": {"gplus": {"shares": 0}, "pinterest": {"shares": 0}, "vk": {"shares": 0}, "linkedin": {"shares": 0}, "facebook": {"likes": 0, "shares": 0, "comments": 0}, "stumbledupon": {"shares": 0}}, "site_full": "uk.finance.yahoo.com", "main_image": "https://s1.yimg.com/bt/api/res/1.2/M7vS95b2fvSzHFeFStPk0A--/YXBwaWQ9eW5ld3NfbGVnbztxPTc1O3c9NjAw/http://l.yimg.com/os/mit/media/m/social/images/social_default_logo-1481777.png", "site_section": "https://uk.finance.yahoo.com/news/category-international/?format=rss", "section_title": "World Business News | Finance News - Yahoo! Finance UK", "url": "https://uk.finance.yahoo.com/news/european-shares-jump-back-sept-074823864.html", "country": "GB", "title": "European shares jump back up as Sept. U.S. rate rise seen less likely", "performance_score": 0, "site": "yahoo.com", "participants_count": 0, "title_full": "European shares jump back up as Sept. U.S. rate rise seen less likely", "spam_score": 0.0, "site_type": "news", "published": "2015-08-27T10:48:00.000+03:00", "replies_count": 0, "uuid": "9d175be11213f34edf37c1bd5f757b5471a88ade"}, "author": "", "url": "https://uk.finance.yahoo.com/news/european-shares-jump-back-sept-074823864.html", "ord_in_thread": 0, "title": "European shares jump back up as Sept. U.S. rate rise seen less likely", "locations": ["U.S."], "entities": {"persons": [], "locations": [], "organizations": []}, "highlightText": "", "language": "english", "persons": [], "text": "Tip : Use comma (,) to separate multiple quotes. Learn more... \nThu, Aug 27, 2015, 08:54 BST - UK Markets close in 7 hrs 36 mins European shares jump back up as Sept. U.S. rate rise seen less likely Reuters - UK Focus – 6 minutes ago \n* FTSEurofirst 300 and Euro STOXX 50 up 2.4 pct \n* FTSEurofirst still down around 10 pct in August \n* Fed's Dudley: Sept rate hike seems \"less compelling\" \n* Europe bourses in 2015: http://link.reuters.com/pap87v \n* Asset performance in 2015: http://link.reuters.com/gap87v \nBy Sudip Kar-Gupta \nLONDON, Aug 27 (Reuters) - European shares rose on Thursday, buoyed by gains on Asian and U.S (Other OTC: UBGXF - news ) . markets after a U.S. central bank official said the prospect of a September rate hike seemed \"less compelling\" than before. \nThe pan-European FTSEurofirst 300 index, which fell 1.9 percent on Wednesday, bounced back up by 2.4 percent, as did the euro zone's blue-chip Euro STOXX 50 index. \nBouygues (Other OTC: BOUYF - news ) was one of the best performing stocks, rising 6.1 percent after the French conglomerate lifted the profit goal for its telecoms arm. \nPersistent fears about an economic slowdown in China, which intensified after China devalued its yuan currency earlier in August, have rattled financial markets this month, causing the FTSEurofirst to slump 5.4 percent on Monday. \nHowever, Wall Street racked up its biggest one-day gain in four years on Wednesday after New York Fed President William Dudley said the likelihood of a September rate hike \"seems less compelling\" than it was only weeks ago, in a sign that China's woes could affect U.S. monetary policy. \n\"The bounce in Wall Street and stabilisation in Asia are causing the market to rally back. My short-term indicators are telling me that we hit a bottom in the market earlier this week,\" said Clairinvest fund manager Ion-Marc Valahu. \nThe FTSEurofirst remains down by around 10 percent in August due to earlier slumps caused by the worries over China, and the index is at risk of its biggest monthly loss in four years. \nHowever, some fund managers prepared to take a medium-to-long term view said economic fundamentals looked robust in Europe, with the region's financial markets supported by economic stimulus measures from the European Central Bank (ECB). \nAccording to Thomson Reuters StarMine data, 58 percent of the companies on the pan-European STOXX 600 index have beaten or met expectations with their second-quarter results. \nData on Thursday also showed an unexpected rise in French industrial morale in August. \n\"Regional equities are attractive and well supported by the fundamentals today, notably Europe, the U.S. and Japan where earnings multiples are in an inexpensive range of 12 to 18 times currently,\" said Lorne Baring, managing director at asset management firm B Capital. \nToday's European research round-up", "external_links": [], "published": "2015-08-27T10:48:00.000+03:00", "crawled": "2015-08-27T10:59:07.975+03:00", "highlightTitle": ""}