{"organizations": [], "uuid": "bd734a3960bd3fbe0ca5496ac0ce868769907348", "thread": {"social": {"gplus": {"shares": 0}, "pinterest": {"shares": 0}, "vk": {"shares": 0}, "linkedin": {"shares": 0}, "facebook": {"likes": 0, "shares": 0, "comments": 0}, "stumbledupon": {"shares": 0}}, "site_full": "allafrica.com", "main_image": "http://allafrica.com/download/pic/main/main/csiid/00260025:35948a5ee4ac45543da86fbbf452b933:arc614x376:w1200.png", "site_section": "http://allafrica.com/tools/headlines/rdf/business/headlines.rdf", "section_title": "AllAfrica News: Economy, Business and Finance", "url": "http://allafrica.com/stories/201508260723.html", "country": "US", "title": "South Africa: Montana Digging Himself Deeper Into a Hole - Outa", "performance_score": 0, "site": "allafrica.com", "participants_count": 0, "title_full": "South Africa: Montana Digging Himself Deeper Into a Hole - Outa", "spam_score": 0.0, "site_type": "news", "published": "2015-08-26T12:41:00.000+03:00", "replies_count": 0, "uuid": "bd734a3960bd3fbe0ca5496ac0ce868769907348"}, "author": "", "url": "http://allafrica.com/stories/201508260723.html", "ord_in_thread": 0, "title": "South Africa: Montana Digging Himself Deeper Into a Hole - Outa", "locations": ["South Africa", "Outa South Africa", "Montana"], "entities": {"persons": [], "locations": [], "organizations": []}, "highlightText": "", "language": "english", "persons": [], "text": "South Africa: FlySafair to Extend Sale As 'R1' Promotion Crashes Website \nOuta spokesperson John Clarke added that former Prasa CEO Lucky Montana's highly defensive reaction to the report's findings is harming rather than helping his reputation, and that he is digging himself \"ever deeper\" into a hole by his protestations. \nThe fact that the public protector had great difficulty in getting hold of a reliable and truthful paper trail speaks of a cover-up, said Outa. \nTurning to Montana's method of dealing with dissent from senior managers, Outa said: \"Suspending executives for long periods on full pay without holding prompt and decisive disciplinary hearings is highly manipulative, raises suspicion and wastes money.\" \nThe fact that Montana will seek vindication in a higher court shows a lack of insight on his part, said Outa. \"His avowed intention to seek a high court review will only serve to enrich the legal profession and waste more money.\" \nThe civil rights body said it is encouraged by Minister of Transport Dipuo Peters' statement that she would take careful account of Madonsela's recommendations, and that she is committed to ensuring that state-owned enterprises under her jurisdiction are fully aligned with the constitution. \n'Heads must roll' \nThe United Front (UF) on Tuesday said it supports the call Madonsela made in her report on Prasa for National Treasury's chief procurement officer to conduct a forensic investigation on all the agency's contracts or tenders issued between April 1 2012 and June 30 2015. \nThe UF said in the light of Prasa's proposed R136bn infrastructure upgrade, the report could cover just a \"snapshot\" of what could be \"organised and well-orchestrated looting of public resources by politically-connected mafias\". \nThose found guilty should face the might of the law, said the UF. \"Heads must roll and the remedial action proposed by the public protector must be implemented. This is one way to deal with the cancer of corruption and the denialism that goes with it.\" \nSource: Fin24", "external_links": [], "published": "2015-08-26T12:41:00.000+03:00", "crawled": "2015-08-26T15:32:01.860+03:00", "highlightTitle": ""}