{"organizations": [], "uuid": "54571490fda10dd5a95665b08343382a82daa1ed", "thread": {"social": {"gplus": {"shares": 0}, "pinterest": {"shares": 0}, "vk": {"shares": 0}, "linkedin": {"shares": 0}, "facebook": {"likes": 0, "shares": 0, "comments": 0}, "stumbledupon": {"shares": 0}}, "site_full": "www.financialexpress.com", "main_image": "", "site_section": "http://www.financialexpress.com/section/personal-finance/", "section_title": "Personal Finance News:Personal Finance Articles,Personal Finance Tips,Banking and Finance News | The Financial Express", "url": "http://www.financialexpress.com/article/personal-finance/7-tax-deductions-you-wont-like-to-miss/122786", "country": "IE", "title": "7 Tax Deductions You Won’t Like to Miss", "performance_score": 0, "site": "financialexpress.com", "participants_count": 1, "title_full": "7 Tax Deductions You Won’t Like to Miss | The Financial Express", "spam_score": 0.0, "site_type": "news", "published": "2015-08-21T14:40:00.000+03:00", "replies_count": 0, "uuid": "54571490fda10dd5a95665b08343382a82daa1ed"}, "author": "financialexpress.com", "url": "http://www.financialexpress.com/article/personal-finance/7-tax-deductions-you-wont-like-to-miss/122786", "ord_in_thread": 0, "title": "7 Tax Deductions You Won’t Like to Miss", "locations": [], "entities": {"persons": [], "locations": [], "organizations": []}, "highlightText": "", "language": "english", "persons": [], "text": "Other Articles Industry analysis: How it is useful in identifying right investments Weak demand weighs on corporate earnings Health & the city: Should you go for a zonal cover? August 31, 2015 is last date for filling of return for the previous year 2014-15. Taxpayers generally consider popular tax saving options like LIC, PPF and NSC. They tend to pay more taxes as they ignore deductions which are comparatively less popular. Have a look at followings deductions before filing your returns.\n1.Upkeep of a disabled person Sum incurred on medical treatment of a disabled person can be claimed as deduction under Section 80DD. The deduction of Rs. 50,000 shall be available irrespective of amount incurred on the upkeep of such disabled person. However, higher deduction of Rs. 1,00,000 is available in case of disabled person with severe disability. Deduction is available for disabled spouse, children, parents, brothers and sisters of the individual, who are wholly dependent on such an individual for their support and maintenance. Deduction is available only if such disabled person has not claimed any deduction under section 80U. 2.Specified diseases Expenditure incurred for treatment of Cancer, AIDS and neurological diseases can be claimed as deduction under Section 80DDB . Deduction can be claimed for medical treatment of taxpayer or his/her dependent spouse, children, parents, brothers and sisters. Maximum deduction of 40,000 can be claimed. However, higher deduction of Rs 60,000 can be claimed if patient is a senior citizen. 3. Disabled person Disabled person can himself claim a deduction of Rs 50,000 under Section 80U . A higher deduction of Rs 1, 00,000 is available in case of severe disability. 4.Interest from Saving Bank Account Maximum deduction of Rs 10,000 is available under Section 80TTA for interest credited in saving bank account of individual. 5.Rent paid Most of the taxpayers are unaware of the fact that they can claim deduction for rent paid for the self-occupied residential house even if they are not getting any House Rent Allowance . Such taxpayers can claim a deduction under Section 80GG in respect of rent paid for residential accommodation. The least of the following amount will be allowed as deduction:\nRent paid in excess of 10% of total income; 25% of the total income; or Rs 2,000 per month. 6.Loan for higher studies Interest paid or payable on the education loan can be claimed as deduction if loan is taken by an individual for pursuing higher studies. Deduction is available under Section 80E if loan is taken by individual himself, or for his/her spouse, children or student for whom he/she is a legal guardian. 7.Housing loan Repayment of principal amount of a housing loan can be claimed as deduction under Section 80C. However, maximum deduction of Rs 1,50,000 can be claimed by a taxpayer under Section 80C. If housing loan is used for self-occupied residential house, interest shall be allowed as deduction to the extent of Rs. 1,50,000. However, there is no cap on deduction for interest on housing loan used for construction or purchase of a house property which is let-out during the year. Use Aaykar.com for better tax planning and Save Tax\nFor more tax planning visit www.aaykar.com and choose Taxmann assisted e-filing. Taxmann shall ensure that you get maximum benefits of all available deductions and exemptions which, in turn, would increase your tax refunds. For more details visit http://www.aaykar.com/ 21, 2015 6:40 am", "external_links": ["http://www.aaykar.com/", "http://cms.businesswireindia.com/images/pixel.gif"], "published": "2015-08-21T14:40:00.000+03:00", "crawled": "2015-08-21T11:56:22.807+03:00", "highlightTitle": ""}