{"organizations": ["Union Leasing Names New SVP of Sales & Marketing   Union Leasing Names New SVP"], "uuid": "a0124feace1450996cc3f51546dcdcd74c2161b5", "thread": {"social": {"gplus": {"shares": 0}, "pinterest": {"shares": 0}, "vk": {"shares": 0}, "linkedin": {"shares": 0}, "facebook": {"likes": 0, "shares": 0, "comments": 0}, "stumbledupon": {"shares": 0}}, "site_full": "www.equipmentfa.com", "main_image": "", "site_section": "http://www.equipmentfa.com/rss/feeds/latestnews.xml", "section_title": "Equipment Finance Advisor", "url": "http://www.equipmentfa.com/news/4628/union-leasing-names-new-svp-of-sales-marketing", "country": "US", "title": "Union Leasing Names New SVP of Sales & Marketing", "performance_score": 0, "site": "equipmentfa.com", "participants_count": 0, "title_full": "Union Leasing Names New SVP of Sales & Marketing", "spam_score": 0.0, "site_type": "news", "published": "2015-08-26T14:10:00.000+03:00", "replies_count": 0, "uuid": "a0124feace1450996cc3f51546dcdcd74c2161b5"}, "author": "", "url": "http://www.equipmentfa.com/news/4628/union-leasing-names-new-svp-of-sales-marketing", "ord_in_thread": 0, "title": "Union Leasing Names New SVP of Sales & Marketing", "locations": [], "entities": {"persons": [], "locations": [], "organizations": []}, "highlightText": "", "language": "english", "persons": [], "text": "  Union Leasing Names New SVP of Sales & Marketing August 26, 2015, 07:10 AM Filed Under: \nUnion Leasing, a subsidiary of Sasser Family Holdings, Inc., has appointed Rhonda Zielinski as the new senior vice president of sales and marketing. She comes to Union from another Sasser subsidiary business, Chicago Freight Car Leasing (CFCL), after serving a distinguished, 2 ½-year term as vice president, sales and customer support. Zielinski’s position is newly created, and she will be reporting directly to Kent Boskovich, president at Union Leasing. “Rhonda will be focusing on new customers, geographic expansion, and integration of future acquisitions for Union Leasing and our Express 4×4 Truck Rental division,” Boskovich said. “The creation of this new leadership position supports our aggressive growth plan which will require an expanded vehicle field sales team, truck rental team and client services departments.” Zielinski is excited to work with the talented team at Union Leasing. She brings more than 28 years of professional experience in the transportation industry in sales, leadership, marketing, and customer support to Union Leasing. She also possesses a wide range of skills and experience in leadership roles and business solutions. Her position became effective Aug. 1. Today's Other News", "external_links": [], "published": "2015-08-26T14:10:00.000+03:00", "crawled": "2015-08-28T00:27:16.091+03:00", "highlightTitle": ""}