{"organizations": [], "uuid": "7199bd754ff56e9fff55746e987a856a1852abc2", "thread": {"social": {"gplus": {"shares": 0}, "pinterest": {"shares": 0}, "vk": {"shares": 0}, "linkedin": {"shares": 0}, "facebook": {"likes": 0, "shares": 0, "comments": 0}, "stumbledupon": {"shares": 0}}, "site_full": "www.arkansasbusiness.com", "main_image": "", "site_section": "http://www.arkansasbusiness.com/rss/banking", "section_title": "Banking & Finance - ArkansasBusiness.com", "url": "http://www.arkansasbusiness.com/article/106843/afcu-withdrawn-from-tech-park-package", "country": "US", "title": "AFCU Withdrawn from Tech Park Package", "performance_score": 0, "site": "arkansasbusiness.com", "participants_count": 0, "title_full": "AFCU Withdrawn from Tech Park Package", "spam_score": 0.0, "site_type": "news", "published": "2015-08-31T08:00:00.000+03:00", "replies_count": 0, "uuid": "7199bd754ff56e9fff55746e987a856a1852abc2"}, "author": "", "url": "http://www.arkansasbusiness.com/article/106843/afcu-withdrawn-from-tech-park-package", "ord_in_thread": 0, "title": "AFCU Withdrawn from Tech Park Package", "locations": [], "entities": {"persons": [], "locations": [], "organizations": []}, "highlightText": "", "language": "english", "persons": [], "text": "Sorry, the page you are looking for cannot be found. \nThis may be due to: the article was by The Associated Press, which requires that we delete stories more than a month old, or you typed the web address into your browser incorrectly, or the page you were looking for may have been moved, updated or deleted in our October 2012 redesign \nPlease return to the ArkansasBusiness.com home page and use the search in the upper portion of the right-hand column or use some of the shortcuts below to existing sections.", "external_links": [], "published": "2015-08-31T08:00:00.000+03:00", "crawled": "2015-08-31T07:29:23.529+03:00", "highlightTitle": ""}