{"organizations": [], "uuid": "ed1624ceef66806c3f3d9403892a027ce0c691f9", "thread": {"social": {"gplus": {"shares": 0}, "pinterest": {"shares": 0}, "vk": {"shares": 0}, "linkedin": {"shares": 0}, "facebook": {"likes": 0, "shares": 0, "comments": 0}, "stumbledupon": {"shares": 0}}, "site_full": "allafrica.com", "main_image": "http://allafrica.com/static/images/structure/aa-logo-rgba-no-text-128x128.png", "site_section": "http://allafrica.com/tools/headlines/rdf/business/headlines.rdf", "section_title": "AllAfrica News: Economy, Business and Finance", "url": "http://allafrica.com/stories/201508311953.html", "country": "US", "title": "South Africa: Huge Petrol Price Drop Ahead Despite Rand Spoiler", "performance_score": 0, "site": "allafrica.com", "participants_count": 0, "title_full": "South Africa: Huge Petrol Price Drop Ahead Despite Rand Spoiler", "spam_score": 0.0, "site_type": "news", "published": "2015-08-31T15:39:00.000+03:00", "replies_count": 0, "uuid": "ed1624ceef66806c3f3d9403892a027ce0c691f9"}, "author": "", "url": "http://allafrica.com/stories/201508311953.html", "ord_in_thread": 0, "title": "South Africa: Huge Petrol Price Drop Ahead Despite Rand Spoiler", "locations": ["South Africa"], "entities": {"persons": [], "locations": [], "organizations": []}, "highlightText": "", "language": "english", "persons": [], "text": "South Africa: Pupil Arrested After Stabbing At School Fundraiser \nThe petrol price could drop by between 71 and 77 cents a litre next week, but the decrease could have been an additional 25c/litre had the rand remained stable, the Automobile Association (AA) said on Friday. \nCommenting on unaudited fuel price data released by the Central Energy Fund this week, the AA said: \"Petrol is set for a drop of between 71 and 77 cents a litre, diesel will be lower by 50 to 53 cents, and illuminating paraffin down by about 56 cents.\" \nIt warned however that underlying fundamentals pose a threat to motorists. The weak rand is extracting a heavy toll on consumers, said the AA: \"(The) rand's weakness against the US dollar has been expensive for motorists; fuel prices would have dropped by an additional 25c/litre if our currency had remained at its late July levels.\" Related Topics", "external_links": [], "published": "2015-08-31T15:39:00.000+03:00", "crawled": "2015-08-31T17:58:30.452+03:00", "highlightTitle": ""}