{"organizations": [], "uuid": "79191db16501ac960250af49837b2c25ba8cc99b", "thread": {"social": {"gplus": {"shares": 0}, "pinterest": {"shares": 0}, "vk": {"shares": 0}, "linkedin": {"shares": 0}, "facebook": {"likes": 0, "shares": 0, "comments": 0}, "stumbledupon": {"shares": 0}}, "site_full": "www.financialexpress.com", "main_image": "", "site_section": "http://www.financialexpress.com/", "section_title": "The Financial Express | India News Today,Latest National News,Stock Market Today,SENSEX NIFTY,NSE BSE India,Finance News,Business News", "url": "http://www.financialexpress.com/article/lifestyle/health/regular-use-of-aspirin-nsaids-may-reduce-risk-of-colon-cancer/125311", "country": "IE", "title": "Regular use of aspirin, NSAID’s may reduce risk of colon cancer", "performance_score": 0, "site": "financialexpress.com", "participants_count": 1, "title_full": "Regular use of aspirin, NSAID’s may reduce risk of colon cancer | The Financial Express", "spam_score": 0.0, "site_type": "news", "published": "2015-08-26T00:55:00.000+03:00", "replies_count": 0, "uuid": "79191db16501ac960250af49837b2c25ba8cc99b"}, "author": "financialexpress.com", "url": "http://www.financialexpress.com/article/lifestyle/health/regular-use-of-aspirin-nsaids-may-reduce-risk-of-colon-cancer/125311", "ord_in_thread": 0, "title": "Regular use of aspirin, NSAID’s may reduce risk of colon cancer", "locations": [], "entities": {"persons": [], "locations": [], "organizations": []}, "highlightText": "", "language": "english", "persons": [], "text": "A new study has revealed that regular use of aspirin and other Nonaspirin Nonsteroidal Anti-inflammatory Drugs (NSAID) could reduce the risk of colorectal cancer.\nIn the study, researchers reviewed data on drug use, comorbid conditions, and history of colonoscopy from prescription and patient registries.\nBased on the prescriptions filled, taking 75 to 150 mg of aspirin continuously for five years or longer was associated with a 27 percent reduced risk for colorectal cancer and five or more years of continuous nonaspirin NSAID use was associated with a 30 to 45 percent reduction in colorectal cancer risk.\nThe authors caution that patients with the highest adherence comprised only about 2 to 3 percent of all low-dose aspirin users in the study population, and these persons may have a risk profile for colorectal cancer that differs from that of the general population.\nHowever, a recent comprehensive review concluded that more research is needed to determine the optimal use of aspirin for cancer prevention.\nThe study is published in the Journal Annals of Internal Medicine.\n 25, 2015 4:55 pm", "external_links": [], "published": "2015-08-26T00:55:00.000+03:00", "crawled": "2015-08-27T10:09:42.039+03:00", "highlightTitle": ""}