{"organizations": [], "uuid": "086231f920d02bb57717df497eddb6043892e67a", "thread": {"social": {"gplus": {"shares": 0}, "pinterest": {"shares": 0}, "vk": {"shares": 0}, "linkedin": {"shares": 0}, "facebook": {"likes": 0, "shares": 0, "comments": 0}, "stumbledupon": {"shares": 0}}, "site_full": "business-news.thestreet.com", "main_image": "", "site_section": "http://business-news.thestreet.com/west-hartford-news/rss/627", "section_title": "West Hartford News : Personal Finance", "url": "http://business-news.thestreet.com/west-hartford-news/story/choose-the-right-major-be-happy-and-rich-after-graduation/1", "country": "US", "title": "Choose the Right Major to Be Happy and Rich After Graduation", "performance_score": 0, "site": "thestreet.com", "participants_count": 0, "title_full": "Choose the Right Major to Be Happy and Rich After Graduation", "spam_score": 0.0, "site_type": "news", "published": "2015-08-21T00:50:00.000+03:00", "replies_count": 0, "uuid": "086231f920d02bb57717df497eddb6043892e67a"}, "author": "", "url": "http://business-news.thestreet.com/west-hartford-news/story/choose-the-right-major-be-happy-and-rich-after-graduation/1", "ord_in_thread": 0, "title": "Choose the Right Major to Be Happy and Rich After Graduation", "locations": [], "entities": {"persons": [], "locations": [], "organizations": []}, "highlightText": "", "language": "english", "persons": [], "text": "Choose the Right Major to Be Happy and Rich After Graduation 08/20/2015 - 5:50 PM EDT \nNEW YORK (MainStreet) -- For new college students, choosing a major sets the course of their lifetime earning potential, yet most students study what they enjoy rather than considering their future income. Americans spend 80,000 hours working during their lifetime, so liking one's job is important, but overlooking future earning potential can have lasting negative consequences. 10 SUVs with the Best Fuel-Economy A Princeton University study found that Americans who earn $75,000 a year are happier than those who earn less. Comparing job opportunities and related salaries for potential majors before graduating could lead to greater happiness later in life. That's especially the case as student debt levels continue to rise, with the class of 2015 owing an average of $35,000. Before declaring a major, students should check out PayScale's annual college salary report , which ranks the highest paying college majors according to salary data from recent graduates. \"The increased cost of a college education makes it even more important that students factor cost, career goals and projected alumni outcome data into their decisions around college choice,\" said Katie Bardaro, director of analytics and lead economist at PayScale. \"Make sure you do some research on your fields of interest in terms of earning potential and employability so you can ensure you'll be able to pay off any student loan debt you have to incur.\" The CliffsNotes version of PayScale's highest paying college majors can be summed up in one word: engineering . 1", "external_links": [], "published": "2015-08-21T00:50:00.000+03:00", "crawled": "2015-08-21T01:52:06.312+03:00", "highlightTitle": ""}