{"organizations": [], "uuid": "d549246a8e7b3270c92d592b163a69a7792b5bf4", "thread": {"social": {"gplus": {"shares": 0}, "pinterest": {"shares": 0}, "vk": {"shares": 0}, "linkedin": {"shares": 0}, "facebook": {"likes": 0, "shares": 0, "comments": 0}, "stumbledupon": {"shares": 0}}, "site_full": "www.environmental-finance.com", "main_image": "", "site_section": "http://www.environmental-finance.com/content/environmental-finance-rss-feed.xml", "section_title": "Environmental Finance RSS feed", "url": "https://www.environmental-finance.com/content/news/italian-renewables-firm-issues-bond.html", "country": "", "title": "Italian renewables firm issues bond", "performance_score": 0, "site": "environmental-finance.com", "participants_count": 0, "title_full": "Italian renewables firm issues bond", "spam_score": 0.0, "site_type": "news", "published": "2015-08-26T19:47:00.000+03:00", "replies_count": 0, "uuid": "d549246a8e7b3270c92d592b163a69a7792b5bf4"}, "author": "", "url": "https://www.environmental-finance.com/content/news/italian-renewables-firm-issues-bond.html", "ord_in_thread": 0, "title": "Italian renewables firm issues bond", "locations": [], "entities": {"persons": [], "locations": [], "organizations": []}, "highlightText": "", "language": "english", "persons": [], "text": "End date Italian renewables firm issues bond \nItalian renewables firm Building Energy has abandoned plans to issue a green bond, coming to market with €30 million of unlabelled notes instead. To access this article please sign-in below or register for a free one-month trial. Login", "external_links": [], "published": "2015-08-26T19:47:00.000+03:00", "crawled": "2015-08-27T01:14:01.390+03:00", "highlightTitle": ""}