{"organizations": [], "uuid": "004ef786c2ef4b20b250fb9534866359cd4da8bd", "thread": {"social": {"gplus": {"shares": 0}, "pinterest": {"shares": 0}, "vk": {"shares": 0}, "linkedin": {"shares": 0}, "facebook": {"likes": 0, "shares": 0, "comments": 0}, "stumbledupon": {"shares": 0}}, "site_full": "www.winnipegfreepress.com", "main_image": "http://media.winnipegfreepress.com/designimages/fb-og-image.png", "site_section": "http://www.winnipegfreepress.com/rss/?path=/business/finance", "section_title": "Winnipeg Free Press: Personal Finance", "url": "http://www.winnipegfreepress.com/business/finance/canada-pension-plan-investment-board-signs-joint-venture-in-malaysia-322136711.html", "country": "US", "title": "Canada Pension Plan Investment Board signs joint venture in Malaysia", "performance_score": 0, "site": "winnipegfreepress.com", "participants_count": 1, "title_full": "Canada Pension Plan Investment Board signs joint venture in Malaysia - Winnipeg Free Press", "spam_score": 0.0, "site_type": "news", "published": "2015-08-18T07:14:00.000+03:00", "replies_count": 0, "uuid": "004ef786c2ef4b20b250fb9534866359cd4da8bd"}, "author": "The Canadian Press", "url": "http://www.winnipegfreepress.com/business/finance/canada-pension-plan-investment-board-signs-joint-venture-in-malaysia-322136711.html", "ord_in_thread": 0, "title": "Canada Pension Plan Investment Board signs joint venture in Malaysia", "locations": [], "entities": {"persons": [], "locations": [], "organizations": []}, "highlightText": "", "language": "english", "persons": [], "text": "TORONTO - The Canada Pension Plan Investment Board is venturing into the Malaysian real estate business for the first time.\nThe CPPIB has purchased a 49 per cent stake worth about $170 million in a joint venture to invest is a mixed-use development in the capital of Kuala Lumpur with Malaysia's Pavilion Group.\nThey will develop Pavilion Damansara Heights, a project integrating corporate towers, luxury residences and a retail galleria in one of the most affluent sections of Kuala Lumpur less than 10 kilometres from the Petronas Twin Towers.\nJimmy Phua, the managing director of CPPIB's real estate investments in Asia, says the joint venture is a \"great opportunity to work with a smart partner in a high-quality real estate asset that will provide attractive risk-adjusted returns over the long term.\"\nThe CPPIB invests funds not needed by the Canada Pension Plan to pay current benefits.\nAs of the end of June, the fund totalled $268.6 billion.\nReport Error Submit a Tip Refund Refund", "external_links": [], "published": "2015-08-18T07:14:00.000+03:00", "crawled": "2015-08-18T12:29:54.080+03:00", "highlightTitle": ""}