{"organizations": [], "uuid": "2a265f988a9a1362136d415a2c4f03fc2aecff34", "thread": {"social": {"gplus": {"shares": 0}, "pinterest": {"shares": 0}, "vk": {"shares": 0}, "linkedin": {"shares": 0}, "facebook": {"likes": 0, "shares": 0, "comments": 0}, "stumbledupon": {"shares": 0}}, "site_full": "www.reuters.com", "main_image": "", "site_section": "http://www.reuters.com/finance/personal-finance", "section_title": "Wealth, Personal Finance &amp; Money | Reuters.com", "url": "http://www.reuters.com/article/2015/08/28/ukraine-crisis-currentaccount-idUSS8N0ZC01520150828", "country": "US", "title": "Ukraine current account surplus $88 mln in Jan-July - central bank", "performance_score": 0, "site": "reuters.com", "participants_count": 1, "title_full": "Ukraine current account surplus $88 mln in Jan-July - central bank | Reuters", "spam_score": 0.0, "site_type": "news", "published": "2015-08-28T18:54:00.000+03:00", "replies_count": 0, "uuid": "2a265f988a9a1362136d415a2c4f03fc2aecff34"}, "author": "Reuters", "url": "http://www.reuters.com/article/2015/08/28/ukraine-crisis-currentaccount-idUSS8N0ZC01520150828", "ord_in_thread": 0, "title": "Ukraine current account surplus $88 mln in Jan-July - central bank", "locations": [], "entities": {"persons": [], "locations": [], "organizations": []}, "highlightText": "", "language": "english", "persons": [], "text": "KIEV Aug 28 Ukraine's central bank reported on Friday a current account surplus of $88 million in the first seven months of this year compared with a deficit of $2.74 billion in the same period of 2014.\nThe surplus was due to imports of goods falling at a sharper rate than exports. Imports were down around 39 percent year-on-year, while exports fell 35 percent.\n(Reporting by Natalia Zinets; Writing by Alessandra Prentice; Editing by Alison Williams)", "external_links": [], "published": "2015-08-28T18:54:00.000+03:00", "crawled": "2015-08-28T18:07:55.688+03:00", "highlightTitle": ""}