{"organizations": [], "uuid": "7726ff2811a3ba6dfbd244b43806f7b802e562bd", "thread": {"social": {"gplus": {"shares": 0}, "pinterest": {"shares": 0}, "vk": {"shares": 0}, "linkedin": {"shares": 0}, "facebook": {"likes": 0, "shares": 0, "comments": 0}, "stumbledupon": {"shares": 0}}, "site_full": "www.marketwired.com", "main_image": "http://media3.marketwire.com/logos/20140106-cse.jpg", "site_section": "http://www.marketwire.com/rss/mwFSPF.xml", "section_title": "Marketwired - Personal Finance", "url": "http://www.marketwired.com/press-release/correction-from-source-cse-2015-0813-fundamental-change-scavo-resource-inc-brabeia-inc-2050984.htm", "country": "CA", "title": "CORRECTION FROM SOURCE: CSE: 2015-0813 - Fundamental Change - Scavo Resource Inc/Brabeia Inc", "performance_score": 0, "site": "marketwired.com", "participants_count": 0, "title_full": "CORRECTION FROM SOURCE: CSE: 2015-0813 - Fundamental Change - Scavo Resource Inc/Brabeia Inc", "spam_score": 0.0, "site_type": "news", "published": "2015-08-27T23:44:00.000+03:00", "replies_count": 0, "uuid": "7726ff2811a3ba6dfbd244b43806f7b802e562bd"}, "author": "", "url": "http://www.marketwired.com/press-release/correction-from-source-cse-2015-0813-fundamental-change-scavo-resource-inc-brabeia-inc-2050984.htm", "ord_in_thread": 0, "title": "CORRECTION FROM SOURCE: CSE: 2015-0813 - Fundamental Change - Scavo Resource Inc/Brabeia Inc", "locations": [], "entities": {"persons": [], "locations": [], "organizations": []}, "highlightText": "", "language": "english", "persons": [], "text": "August 27, 2015 16:44 ET CORRECTION FROM SOURCE: CSE: 2015-0813 - Fundamental Change - Scavo Resource Inc/Brabeia Inc \nTORONTO, ONTARIO--(Marketwired - Aug. 27, 2015) - Pursuant to a Fundamental Change Review, Brabeia Inc., the issuer resulting from a Fundamental Change of Scavo Resource Inc., has been approved for listing. \nListing and disclosure documents will be available at thecse.com \nThe symbol SCV will be delisted at the close on August 27, 2015. Brabeia Inc. will begin trading on August 28, 2015. New Listing: Brabeia Inc. Trading Date: August 28, 2015 New Symbol: BBA New CUSIP: 10373U 10 1 New ISIN: CA 10373U 10 1 2 Contact Information", "external_links": [], "published": "2015-08-27T23:44:00.000+03:00", "crawled": "2015-08-28T00:06:03.213+03:00", "highlightTitle": ""}