{"organizations": [], "uuid": "88b6d5286b8d067b699b6e74ad10d62397a0e6b5", "thread": {"social": {"gplus": {"shares": 0}, "pinterest": {"shares": 0}, "vk": {"shares": 0}, "linkedin": {"shares": 0}, "facebook": {"likes": 0, "shares": 0, "comments": 0}, "stumbledupon": {"shares": 0}}, "site_full": "www.reuters.com", "main_image": "", "site_section": "http://www.reuters.com/finance/personal-finance", "section_title": "Wealth, Personal Finance &amp; Money | Reuters.com", "url": "http://www.reuters.com/article/2015/08/31/markets-stocks-usa-idUSZXN0RJC2I20150831", "country": "US", "title": "US STOCKS SNAPSHOT-Wall St ends down; S&P 500 has worst month since 2012", "performance_score": 0, "site": "reuters.com", "participants_count": 1, "title_full": "US STOCKS SNAPSHOT-Wall St ends down; S&P 500 has worst month since 2012 | Reuters", "spam_score": 0.0, "site_type": "news", "published": "2015-09-01T00:06:00.000+03:00", "replies_count": 0, "uuid": "88b6d5286b8d067b699b6e74ad10d62397a0e6b5"}, "author": "Reuters", "url": "http://www.reuters.com/article/2015/08/31/markets-stocks-usa-idUSZXN0RJC2I20150831", "ord_in_thread": 0, "title": "US STOCKS SNAPSHOT-Wall St ends down; S&P 500 has worst month since 2012", "locations": [], "entities": {"persons": [], "locations": [], "organizations": []}, "highlightText": "", "language": "english", "persons": [], "text": "NEW YORK Aug 31 Wall Street ended lower on Monday after a senior Federal Reserve official added to fears among investors of a U.S. interest hike in September.\nThe S&P 500 registered its biggest monthly percentage drop since May 2012.\nBased on the latest available data, the Dow Jones industrial average fell 114.98 points on the day, or 0.69 percent, to 16,528.03, the S&P 500 lost 16.7 points, or 0.84 percent, to 1,972.17 and the Nasdaq Composite dropped 51.82 points, or 1.07 percent, to 4,776.51. (Reporting by Caroline Valetkevitch ; Editing by Chizu Nomiyama )", "external_links": [], "published": "2015-09-01T00:06:00.000+03:00", "crawled": "2015-08-31T23:19:28.304+03:00", "highlightTitle": ""}