{"organizations": [], "uuid": "7671a261f94cdc5cfc765ef165e851f1991080c0", "thread": {"social": {"gplus": {"shares": 0}, "pinterest": {"shares": 0}, "vk": {"shares": 0}, "linkedin": {"shares": 0}, "facebook": {"likes": 0, "shares": 0, "comments": 0}, "stumbledupon": {"shares": 0}}, "site_full": "financefollow.com", "main_image": "", "site_section": "http://financefollow.com/feed/", "section_title": "Finance Follow", "url": "http://financefollow.com/2015/08/press-digest-financial-times-aug-31/", "country": "", "title": "PRESS DIGEST- Financial Times – Aug 31", "performance_score": 0, "site": "financefollow.com", "participants_count": 1, "title_full": "PRESS DIGEST- Financial Times – Aug 31", "spam_score": 0.0, "site_type": "news", "published": "2015-08-31T03:06:00.000+03:00", "replies_count": 0, "uuid": "7671a261f94cdc5cfc765ef165e851f1991080c0"}, "author": "Expert", "url": "http://financefollow.com/2015/08/press-digest-financial-times-aug-31/", "ord_in_thread": 0, "title": "PRESS DIGEST- Financial Times – Aug 31", "locations": [], "entities": {"persons": [], "locations": [], "organizations": []}, "highlightText": "", "language": "english", "persons": [], "text": "* Comment You may use these HTML tags and attributes: <a href=\"\" title=\"\"><abbr title=\"\"><acronym title=\"\"><b><blockquote cite=\"\"><cite><code><del datetime=\"\"><em><i><q cite=\"\"><s><strike><strong> Follow Us", "external_links": [], "published": "2015-08-31T03:06:00.000+03:00", "crawled": "2015-08-31T05:11:27.200+03:00", "highlightTitle": ""}