{"organizations": [], "uuid": "93b98a535e2131f01885113ca5df5dc3c8c22d37", "thread": {"social": {"gplus": {"shares": 0}, "pinterest": {"shares": 0}, "vk": {"shares": 0}, "linkedin": {"shares": 0}, "facebook": {"likes": 0, "shares": 0, "comments": 0}, "stumbledupon": {"shares": 0}}, "site_full": "www.reuters.com", "main_image": "", "site_section": "http://www.reuters.com/finance/personal-finance", "section_title": "Wealth, Personal Finance &amp; Money | Reuters.com", "url": "http://www.reuters.com/article/2015/08/28/japan-economy-cpi-briefing-idUST9N10L02T20150828", "country": "US", "title": "Rising trend in Japan prices remains intact -govt official", "performance_score": 0, "site": "reuters.com", "participants_count": 1, "title_full": "Rising trend in Japan prices remains intact -govt official | Reuters", "spam_score": 0.0, "site_type": "news", "published": "2015-08-28T04:04:00.000+03:00", "replies_count": 0, "uuid": "93b98a535e2131f01885113ca5df5dc3c8c22d37"}, "author": "Reuters", "url": "http://www.reuters.com/article/2015/08/28/japan-economy-cpi-briefing-idUST9N10L02T20150828", "ord_in_thread": 0, "title": "Rising trend in Japan prices remains intact -govt official", "locations": [], "entities": {"persons": [], "locations": [], "organizations": []}, "highlightText": "", "language": "english", "persons": [], "text": "TOKYO Aug 28 Japan's consumer inflation remains in an upward trend when excluding the effect of last year's sharp oil price falls, a government official said on Friday.\nThe core consumer price index was flat in July from a year earlier, the first time it did not rise in more than two years, government data showed. (Reporting by Leika Kihara ; Editing by Chang-Ran Kim )", "external_links": [], "published": "2015-08-28T04:04:00.000+03:00", "crawled": "2015-08-28T03:16:49.003+03:00", "highlightTitle": ""}