{"organizations": [], "uuid": "c20360fbfb509eea97aae0ad8d16be2de2e4c031", "thread": {"social": {"gplus": {"shares": 0}, "pinterest": {"shares": 0}, "vk": {"shares": 0}, "linkedin": {"shares": 0}, "facebook": {"likes": 0, "shares": 0, "comments": 0}, "stumbledupon": {"shares": 0}}, "site_full": "www.wsj.com", "main_image": "http://si.wsj.net/public/resources/images/BN-KB563_2fVr6_G_20150829163857.jpg", "site_section": "http://www.wsj.com/news/business", "section_title": "Business &amp; Finance News - Wall Street Journal", "url": "http://www.wsj.com/articles/berkshire-hathaway-builds-stake-in-refiner-phillips-66-1440881284", "country": "US", "title": "Berkshire Hathaway Builds Stake in Refiner Phillips 66 - WSJ", "performance_score": 0, "site": "wsj.com", "participants_count": 1, "title_full": "Berkshire Hathaway Builds Stake in Refiner Phillips 66 - WSJ", "spam_score": 0.0, "site_type": "news", "published": "2015-08-30T00:48:00.000+03:00", "replies_count": 0, "uuid": "c20360fbfb509eea97aae0ad8d16be2de2e4c031"}, "author": "wsjcom", "url": "http://www.wsj.com/articles/berkshire-hathaway-builds-stake-in-refiner-phillips-66-1440881284", "ord_in_thread": 0, "title": "Berkshire Hathaway Builds Stake in Refiner Phillips 66 - WSJ", "locations": [], "entities": {"persons": [], "locations": [], "organizations": []}, "highlightText": "", "language": "english", "persons": [], "text": "Billionaire investor Warren Buffett’s company has amassed a stake worth nearly $4.5 billion in Phillips 66 more than a year after trading a chunk of its holding in the oil refiner for a chemical business investment.\nA regulatory filing says Berkshire Hathaway Inc. has accumulated about 58 million shares, which amounts to more than 10% of the... To Read the Full Story, Subscribe or Sign In", "external_links": [], "published": "2015-08-30T00:48:00.000+03:00", "crawled": "2015-08-29T23:56:45.927+03:00", "highlightTitle": ""}