{"organizations": [], "uuid": "1b4eb803caa6c24df25bfbabea3040be7f46c572", "thread": {"social": {"gplus": {"shares": 0}, "pinterest": {"shares": 0}, "vk": {"shares": 0}, "linkedin": {"shares": 0}, "facebook": {"likes": 0, "shares": 0, "comments": 0}, "stumbledupon": {"shares": 0}}, "site_full": "www.reuters.com", "main_image": "", "site_section": "http://www.reuters.com/finance/personal-finance", "section_title": "Wealth, Personal Finance &amp; Money | Reuters.com", "url": "http://www.reuters.com/article/2015/08/26/spot-silver-falls-23-pct-to-six-year-low-idUSL5N1112DC20150826", "country": "US", "title": "SPOT SILVER FALLS 2.3 PCT TO SIX-YEAR LOW OF $14.30/OZ", "performance_score": 0, "site": "reuters.com", "participants_count": 1, "title_full": "SPOT SILVER FALLS 2.3 PCT TO SIX-YEAR LOW OF $14.30/OZ | Reuters", "spam_score": 0.0, "site_type": "news", "published": "2015-08-26T15:30:00.000+03:00", "replies_count": 0, "uuid": "1b4eb803caa6c24df25bfbabea3040be7f46c572"}, "author": "Reuters", "url": "http://www.reuters.com/article/2015/08/26/spot-silver-falls-23-pct-to-six-year-low-idUSL5N1112DC20150826", "ord_in_thread": 0, "title": "SPOT SILVER FALLS 2.3 PCT TO SIX-YEAR LOW OF $14.30/OZ", "locations": [], "entities": {"persons": [], "locations": [], "organizations": []}, "highlightText": "", "language": "english", "persons": [], "text": "SPOT SILVER FALLS 2.3 PCT TO SIX-YEAR LOW OF $14.30/OZ", "external_links": [], "published": "2015-08-26T15:30:00.000+03:00", "crawled": "2015-08-26T14:44:35.232+03:00", "highlightTitle": ""}