{"organizations": [], "uuid": "423e0b3ca43dce7a390fd59365c53473773605e3", "thread": {"social": {"gplus": {"shares": 0}, "pinterest": {"shares": 0}, "vk": {"shares": 0}, "linkedin": {"shares": 0}, "facebook": {"likes": 0, "shares": 0, "comments": 0}, "stumbledupon": {"shares": 0}}, "site_full": "www.wallstreetoasis.com", "main_image": "", "site_section": "http://www.wallstreetoasis.com/node/feed", "section_title": "Wall Street Oasis - Investment Banking & Finance Community", "url": "http://www.wallstreetoasis.com/event/wso-nyc-commercial-real-estate-happy-hourmeet-up", "country": "US", "title": "WSO NYC Commercial Real Estate Happy Hour/Meet Up", "performance_score": 0, "site": "wallstreetoasis.com", "participants_count": 1, "title_full": "WSO NYC Commercial Real Estate Happy Hour/Meet Up", "spam_score": 0.0, "site_type": "news", "published": "2015-08-29T20:00:00.000+03:00", "replies_count": 0, "uuid": "423e0b3ca43dce7a390fd59365c53473773605e3"}, "author": "CREPATH", "url": "http://www.wallstreetoasis.com/event/wso-nyc-commercial-real-estate-happy-hourmeet-up", "ord_in_thread": 0, "title": "WSO NYC Commercial Real Estate Happy Hour/Meet Up", "locations": [], "entities": {"persons": [], "locations": [], "organizations": []}, "highlightText": "", "language": "english", "persons": [], "text": "× Want to Vote on this Content?! No WSO Credits ? Sorry, you need to login or sign up using one of the blue buttons below in order to vote. As a new user, you get 3 WSO Credits free, so you can reward or punish any content you deem worthy right away. See you on the other side! Log in or register to post comments The WSO Advantage - Land Your Dream Job", "external_links": [], "published": "2015-08-29T20:00:00.000+03:00", "crawled": "2015-08-29T21:37:59.529+03:00", "highlightTitle": ""}