{"organizations": [], "uuid": "751a29763b9cf23c41f18deb99316b5679f99462", "thread": {"social": {"gplus": {"shares": 0}, "pinterest": {"shares": 0}, "vk": {"shares": 0}, "linkedin": {"shares": 0}, "facebook": {"likes": 0, "shares": 0, "comments": 0}, "stumbledupon": {"shares": 0}}, "site_full": "media.smh.com.au", "main_image": "http://images.smh.com.au/2015/08/26/6795430/th-china-markets.jpg", "site_section": "http://www.smh.com.au/business/markets/sectors/share-listing/15/materials", "section_title": "Business News, Economy, Finance &amp; ASX Market News", "url": "http://media.smh.com.au/video-news/video-world-news/china-cuts-rates-to-halt-stocks-plunge-6795428.html", "country": "AU", "title": "China cuts rates to halt stocks plunge", "performance_score": 0, "site": "smh.com.au", "participants_count": 1, "title_full": "China cuts rates to halt stocks plunge", "spam_score": 0.0, "site_type": "news", "published": "2015-08-26T03:00:00.000+03:00", "replies_count": 0, "uuid": "751a29763b9cf23c41f18deb99316b5679f99462"}, "author": "The Sydney Morning Herald", "url": "http://media.smh.com.au/video-news/video-world-news/china-cuts-rates-to-halt-stocks-plunge-6795428.html", "ord_in_thread": 0, "title": "China cuts rates to halt stocks plunge", "locations": [], "entities": {"persons": [], "locations": [], "organizations": []}, "highlightText": "", "language": "english", "persons": [], "text": "A move from China's Central Bank to kick start its wavering economy was welcomed by investors. Shares, oil and core bond yields all extended gains in midsession European trade on Tuesday.", "external_links": [], "published": "2015-08-26T03:00:00.000+03:00", "crawled": "2015-08-26T05:00:13.588+03:00", "highlightTitle": ""}