{"organizations": [], "uuid": "40d70676d7cf91d33d09e92d8f4ce66cd3d9d9f9", "thread": {"social": {"gplus": {"shares": 0}, "pinterest": {"shares": 0}, "vk": {"shares": 0}, "linkedin": {"shares": 0}, "facebook": {"likes": 0, "shares": 0, "comments": 0}, "stumbledupon": {"shares": 0}}, "site_full": "www.afr.com", "main_image": "", "site_section": "http://www.afr.com/", "section_title": "Financial Review - Business, Finance and Investment News | afr.com", "url": "http://www.afr.com/news/economy/national-reform-summit-live-blog-20150825-gj7dx3", "country": "AU", "title": "Economy", "performance_score": 0, "site": "afr.com", "participants_count": 1, "title_full": "Economy | afr.com", "spam_score": 0.0, "site_type": "news", "published": "2015-08-26T06:35:00.000+03:00", "replies_count": 0, "uuid": "40d70676d7cf91d33d09e92d8f4ce66cd3d9d9f9"}, "author": "Post to Linkedin", "url": "http://www.afr.com/news/economy/national-reform-summit-live-blog-20150825-gj7dx3", "ord_in_thread": 0, "title": "Economy", "locations": [], "entities": {"persons": [], "locations": [], "organizations": []}, "highlightText": "", "language": "english", "persons": [], "text": "Wesfarmer CEO Richard Goyder; AFR editor in chief, Michael Stutchbury; and Treasurer Joe Hockey. Edwina Pickles", "external_links": [], "published": "2015-08-26T06:35:00.000+03:00", "crawled": "2015-08-26T08:06:29.047+03:00", "highlightTitle": ""}