{"organizations": [], "uuid": "72dacdcdb1eaae58c595cb3824e28bfbdd114354", "thread": {"social": {"gplus": {"shares": 0}, "pinterest": {"shares": 0}, "vk": {"shares": 0}, "linkedin": {"shares": 0}, "facebook": {"likes": 0, "shares": 0, "comments": 0}, "stumbledupon": {"shares": 0}}, "site_full": "www.wsj.com", "main_image": "http://si.wsj.net/img/WSJ_Logo_black_social.gif", "site_section": "http://www.wsj.com/news/business", "section_title": "Business &amp; Finance News - Wall Street Journal", "url": "http://www.wsj.com/articles/western-canadian-crude-oil-stockpiles-rise-to-a-record-1440620677", "country": "US", "title": "Western Canadian Crude Oil Stockpiles Rise to a Record", "performance_score": 0, "site": "wsj.com", "participants_count": 1, "title_full": "Western Canadian Crude Oil Stockpiles Rise to a Record - WSJ", "spam_score": 0.0, "site_type": "news", "published": "2015-08-27T00:31:00.000+03:00", "replies_count": 0, "uuid": "72dacdcdb1eaae58c595cb3824e28bfbdd114354"}, "author": "David George-Cosh", "url": "http://www.wsj.com/articles/western-canadian-crude-oil-stockpiles-rise-to-a-record-1440620677", "ord_in_thread": 0, "title": "Western Canadian Crude Oil Stockpiles Rise to a Record", "locations": [], "entities": {"persons": [], "locations": [], "organizations": []}, "highlightText": "", "language": "english", "persons": [], "text": "Stockpiles of Western Canadian crude reached a new high last week, according to a report from a leading energy market data provider, in a further sign of the North American oil glut rising as energy prices fall.\nThe rapid rise in inventory, which may worsen the price discount between Western Canadian and other crudes, comes as global demand for oil hasn't kept up with the pace of production increases. Oil prices have slumped to six-year lows in recent trading, prompting North American producers to park more crude in... ", "external_links": [], "published": "2015-08-27T00:31:00.000+03:00", "crawled": "2015-08-26T23:39:34.953+03:00", "highlightTitle": ""}