{"organizations": [], "uuid": "fa75d47d89bb22c0e49906c098001eff8dda1330", "thread": {"social": {"gplus": {"shares": 0}, "pinterest": {"shares": 0}, "vk": {"shares": 0}, "linkedin": {"shares": 0}, "facebook": {"likes": 0, "shares": 0, "comments": 0}, "stumbledupon": {"shares": 0}}, "site_full": "www.reuters.com", "main_image": "", "site_section": "http://www.reuters.com/finance/personal-finance", "section_title": "Wealth, Personal Finance &amp; Money | Reuters.com", "url": "http://www.reuters.com/article/2015/08/31/voestalpine-deal-automotive-idUSL5N1161AI20150831", "country": "US", "title": "Voestalpine wins 350 mln euro automotive order", "performance_score": 0, "site": "reuters.com", "participants_count": 1, "title_full": "Voestalpine wins 350 mln euro automotive order | Reuters", "spam_score": 0.0, "site_type": "news", "published": "2015-08-31T12:09:00.000+03:00", "replies_count": 0, "uuid": "fa75d47d89bb22c0e49906c098001eff8dda1330"}, "author": "Reuters", "url": "http://www.reuters.com/article/2015/08/31/voestalpine-deal-automotive-idUSL5N1161AI20150831", "ord_in_thread": 0, "title": "Voestalpine wins 350 mln euro automotive order", "locations": [], "entities": {"persons": [], "locations": [], "organizations": []}, "highlightText": "", "language": "english", "persons": [], "text": "FRANKFURT Aug 31 Austrian steelmaker Voestalpine has won an order worth 350 million euros ($392 million) to supply components for seatbelts and airbags for a global carmaker, it said on Monday.\nVoestalpine said the order meant that plants in Austria, Germany, the United States and China would be operating at full capacity until 2022 and it would have to expand production facilities.\nThe steelmaker is focusing ever more on technology and advanced components, a strategy that has paid off over a multi-year decline in commodity steel demand and prices. Automotive customers account for a third of its sales.\nIt declined to name the customer for the new framework agreement, under which its Rotec Group based in Styria will supply up to 350 million seatbelt tensioner components and around 120 million airbag components. ($1 = 0.8918 euros) (Reporting by Georgina Prodhan ; Editing by David Goodman)", "external_links": [], "published": "2015-08-31T12:09:00.000+03:00", "crawled": "2015-08-31T11:37:39.210+03:00", "highlightTitle": ""}