{"organizations": ["Investcorp", "Reuters"], "uuid": "7ad2d5f9b4b2fbda36876b060b901ed93b7d02f6", "thread": {"social": {"gplus": {"shares": 0}, "pinterest": {"shares": 0}, "vk": {"shares": 0}, "linkedin": {"shares": 0}, "facebook": {"likes": 0, "shares": 0, "comments": 0}, "stumbledupon": {"shares": 0}}, "site_full": "www.arabianbusiness.com", "main_image": "http://www.arabianbusiness.com/incoming/article527903.ece/BINARY/NEW+Investcorp+office+image.jpg", "site_section": "http://www.arabianbusiness.com//industries/banking-finance/?service=rss", "section_title": "Arabian Business - Banking & Finance", "url": "http://www.arabianbusiness.com/bahrain-s-investcorp-says-2014-15-net-income-rises-13--604272.html", "country": "US", "title": "Bahrain's Investcorp says 2014-15 net income rises 13%", "performance_score": 0, "site": "arabianbusiness.com", "participants_count": 0, "title_full": "Bahrain's Investcorp says 2014-15 net income rises 13%", "spam_score": 0.0, "site_type": "news", "published": "2015-08-30T10:27:00.000+03:00", "replies_count": 0, "uuid": "7ad2d5f9b4b2fbda36876b060b901ed93b7d02f6"}, "author": "", "url": "http://www.arabianbusiness.com/bahrain-s-investcorp-says-2014-15-net-income-rises-13--604272.html", "ord_in_thread": 0, "title": "Bahrain's Investcorp says 2014-15 net income rises 13%", "locations": ["Bahrain"], "entities": {"persons": [], "locations": [], "organizations": []}, "highlightText": "", "language": "english", "persons": [], "text": "By Reuters Sunday, 30 August 2015 11:27 AM \nBahrain-based alternative investment fund Investcorp posted a 13 percent increase in full-year net profit on Sunday. \nThe firm's net income for the 12 months to June 30 was $116.7 million, up from $103.1 million a year earlier, Investcorp said in a bourse statement. \nFully diluted annual earnings per share jumped 70 percent over the same time period to $129 per ordinary share, while return on equity was 16 percent. Investcorp did not provide a comparative figure for the latter. \nInvestcorp said its board had proposed paying a dividend of $15 per ordinary share for the year to June 30. \nThe payout for ordinary shareholders is in line with the figure for the previous financial year, the company said. \nInvestcorp's acquisitions this year include United States school provider Nobel Learning, a portfolio of residential properties for around $300 million and a majority stake in a Turkish vehicle tracking system.", "external_links": [], "published": "2015-08-30T10:27:00.000+03:00", "crawled": "2015-08-30T13:09:23.856+03:00", "highlightTitle": ""}