{"organizations": [], "uuid": "2af638eb27683f63d19e14c245486e74106d9c60", "thread": {"social": {"gplus": {"shares": 0}, "pinterest": {"shares": 0}, "vk": {"shares": 0}, "linkedin": {"shares": 0}, "facebook": {"likes": 0, "shares": 0, "comments": 0}, "stumbledupon": {"shares": 0}}, "site_full": "www.getabstract.com", "main_image": "http://www.getabstract.com/abstractData/flashFile/alternative-investments-2020-en-25260_200x0.jpg", "site_section": "http://www.getabstract.com/rss-feeds/categories/20000000/finance.html", "section_title": "getAbstract: Best of Finance", "url": "http://www.getabstract.com/en/summary/finance/alternative-investments-2020/25260", "country": "CH", "title": "Alternative Investments 2020", "performance_score": 0, "site": "getabstract.com", "participants_count": 0, "title_full": "Alternative Investments 2020", "spam_score": 0.0, "site_type": "news", "published": "2015-08-27T18:23:00.000+03:00", "replies_count": 0, "uuid": "2af638eb27683f63d19e14c245486e74106d9c60"}, "author": "", "url": "http://www.getabstract.com/en/summary/finance/alternative-investments-2020/25260", "ord_in_thread": 0, "title": "Alternative Investments 2020", "locations": [], "entities": {"persons": [], "locations": [], "organizations": []}, "highlightText": "", "language": "english", "persons": [], "text": "9 Style Review Changing regulations, enabling technology and catalyzing events have propelled the alternative investment market from obscurity into a $7 trillion industry. Today, alternative investments are a vital source of growth capital and a critical pillar of the economy. The World Economic Forum offers an easy-to-read guide, replete with useful graphics and charts, to the basics of this often little-understood sector. While getAbstract never dispenses investment advice, it suggests this practical primer to those intrigued by an unconventional approach to investing.   Why the alternative investment sector has grown What draws investors to hedge funds, private equity buyouts and venture capital Why alternative investments have become an increasingly important engine of global growth Summary Private equity buyouts, hedge funds and venture capital form the core asset groups of alternative investments. Though their relative illiquidity, broad use of leverage and complex deal structures have drawn scrutiny from investors and regulators, these groups play a critical role in raising capital ...   or log in About the Author The World Economic Forum is an independent global organization that engages leaders of business, politics, academia and society to improve the state of the world.", "external_links": [], "published": "2015-08-27T18:23:00.000+03:00", "crawled": "2015-08-28T00:17:15.032+03:00", "highlightTitle": ""}