{"organizations": [], "uuid": "76b55ba8004cfb0ad8c9b65c46e4dcf9bf17d6ec", "thread": {"social": {"gplus": {"shares": 0}, "pinterest": {"shares": 0}, "vk": {"shares": 0}, "linkedin": {"shares": 0}, "facebook": {"likes": 0, "shares": 0, "comments": 0}, "stumbledupon": {"shares": 0}}, "site_full": "allafrica.com", "main_image": "http://allafrica.com/static/images/structure/aa-logo-rgba-no-text-128x128.png", "site_section": "http://allafrica.com/tools/headlines/rdf/business/headlines.rdf", "section_title": "AllAfrica News: Economy, Business and Finance", "url": "http://allafrica.com/stories/201508281693.html", "country": "US", "title": "Cote d'Ivoire: Jumia Launches the \"Home Week\" in Côte d'Ivoire", "performance_score": 0, "site": "allafrica.com", "participants_count": 0, "title_full": "Cote d'Ivoire: Jumia Launches the \"Home Week\" in Côte d'Ivoire", "spam_score": 0.0, "site_type": "news", "published": "2015-08-28T18:10:00.000+03:00", "replies_count": 0, "uuid": "76b55ba8004cfb0ad8c9b65c46e4dcf9bf17d6ec"}, "author": "", "url": "http://allafrica.com/stories/201508281693.html", "ord_in_thread": 0, "title": "Cote d'Ivoire: Jumia Launches the \"Home Week\" in Côte d'Ivoire", "locations": [], "entities": {"persons": [], "locations": [], "organizations": []}, "highlightText": "", "language": "english", "persons": [], "text": "Saturday 5th Samsung Sunday 6th Philips \nThe webpage https://www.jumia.ci/jumia-semaine-de-electromenager/ fully dedicated to the occurrence, will guide e-shoppers during 7 days. The mobile app will also feature a menu for direct access to the best deals. These user-friendly measures will provide customers a unique experience that only e-commerce can offer! \nOverall, the most difficult task for consumers will definitely be choosing among the multitude of good deals they will be offered. An ultra-modern blender at 15,000 FCFA; a fridge at 121,500 FCFA; or 33,000 FCFA for a beautiful last generation microwave oven. \nAfter the three weeks fashion clearance sale that allowed lot of fashionistas to renew their wardrobe, JUMIA creates a new, unique shopping event in Côte d'Ivoire. The first ever Home Week, will close the holiday season bringing more comfort in thousands of households. \nDistributed by African Media Agency (AMA) on behalf of JUMIA. \nAbout JUMIA \nJUMIA is Africa's leading online shopping destination. Customers across the continent can shop amongst the widest assortment of high quality products at affordable prices - offering everything from fashion, consumer electronics, home appliances to beauty products. JUMIA was the first African company to win an award at the World Retail Awards 2013 in Paris as the \"Best New Retail Launch\" of the year. \nAbout Africa Internet Group \nAfrica Internet Group, the leading internet platform in Africa, promotes sustainable online growth that benefits both businesses and consumers. Firmly rooted in Africa's startup ecosystem, the group provides easy-to-use services and smart solutions across the African internet sector. AIG is invested in furthering regional entrepreneurship and innovation through a passion for Africa, its culture and its people. AIG is the parent group of ten successful and fast-growing companies in more than 30 African countries. Its network of companies includes Carmudi, Easy Taxi, Everjobs, hellofood, Jovago, Jumia, Kaymu, Lamudi, Vendito and Zando. \nContact Us", "external_links": [], "published": "2015-08-28T18:10:00.000+03:00", "crawled": "2015-08-29T11:31:50.674+03:00", "highlightTitle": ""}