{"organizations": [], "uuid": "451bbbabdc5f0ec82c5766d50e628821632eecde", "thread": {"social": {"gplus": {"shares": 0}, "pinterest": {"shares": 0}, "vk": {"shares": 0}, "linkedin": {"shares": 0}, "facebook": {"likes": 0, "shares": 0, "comments": 0}, "stumbledupon": {"shares": 0}}, "site_full": "www.afr.com", "main_image": "", "site_section": "http://www.afr.com/", "section_title": "Financial Review - Business, Finance and Investment News | afr.com", "url": "http://www.afr.com/business/bhp-billiton-pacific-brands-scentre-oil-search-amcor-results-wrapaugust-25-20150824-gj6bnt", "country": "AU", "title": "Business", "performance_score": 0, "site": "afr.com", "participants_count": 1, "title_full": "Business | afr.com", "spam_score": 0.0, "site_type": "news", "published": "2015-08-25T06:22:00.000+03:00", "replies_count": 0, "uuid": "451bbbabdc5f0ec82c5766d50e628821632eecde"}, "author": "afr.com", "url": "http://www.afr.com/business/bhp-billiton-pacific-brands-scentre-oil-search-amcor-results-wrapaugust-25-20150824-gj6bnt", "ord_in_thread": 0, "title": "Business", "locations": [], "entities": {"persons": [], "locations": [], "organizations": []}, "highlightText": "", "language": "english", "persons": [], "text": "BHP is among the companies reporting today. Bloomberg", "external_links": [], "published": "2015-08-25T06:22:00.000+03:00", "crawled": "2015-08-25T03:06:08.440+03:00", "highlightTitle": ""}