{"organizations": [], "uuid": "e8e13a58974cce3e3286bc922ee6d0d85dec4fe2", "thread": {"social": {"gplus": {"shares": 0}, "pinterest": {"shares": 0}, "vk": {"shares": 0}, "linkedin": {"shares": 0}, "facebook": {"likes": 0, "shares": 0, "comments": 0}, "stumbledupon": {"shares": 0}}, "site_full": "www.marketwatch.com", "main_image": "http://s.wsj.net/public/resources/MWimages/MW-DR328_mw_soc_NS_20150801233302.png", "site_section": "http://finance.yahoo.com/news/provider-marketwatch/", "section_title": "MarketWatch News Archive - Yahoo! Finance", "url": "http://www.marketwatch.com/story/one-billion-people-logged-onto-facebook-monday-in-new-company-milestone-2015-08-27", "country": "US", "title": "One billion people logged onto Facebook Monday in new company milestone", "performance_score": 0, "site": "marketwatch.com", "participants_count": 5, "title_full": "One billion people logged onto Facebook Monday in new company milestone - MarketWatch", "spam_score": 0.0, "site_type": "news", "published": "2015-08-27T03:00:00.000+03:00", "replies_count": 4, "uuid": "c794dd8f09f5f531afbde607b7b8f43e1626058a"}, "author": "Caitlin Huston", "url": "http://www.marketwatch.com/story/one-billion-people-logged-onto-facebook-monday-in-new-company-milestone-2015-08-27#post-0", "ord_in_thread": 0, "title": "One billion people logged onto Facebook Monday in new company milestone", "locations": [], "entities": {"persons": [], "locations": [], "organizations": []}, "highlightText": "", "language": "english", "persons": [], "text": "One billion people used Facebook Inc. FB, +2.91% on Monday, marking a new milestone for the company, according to chief executive Mark Zuckerberg. In an announcement on his Facebook page, Zuckerberg said the numbers equate to one in seven people worldwide using the platform Monday. \"This was the first time we reached this milestone, and it's just the beginning of connecting the whole world,\" the post says. In its second-quarter earnings in July, Facebook reported daily active users of 968 million, above 936 million in the previous quarter. Shares of Facebook were down less than 1% in after hours trading Thursday.", "external_links": [], "published": "2015-08-27T03:00:00.000+03:00", "crawled": "2015-08-28T00:53:40.852+03:00", "highlightTitle": ""}