{"organizations": [], "uuid": "42bbd24eee14b55aaf9bec9362a85357ab491242", "thread": {"social": {"gplus": {"shares": 0}, "pinterest": {"shares": 0}, "vk": {"shares": 0}, "linkedin": {"shares": 0}, "facebook": {"likes": 0, "shares": 0, "comments": 0}, "stumbledupon": {"shares": 0}}, "site_full": "www.marketwatch.com", "main_image": "http://s.wsj.net/public/resources/MWimages/MW-DR328_mw_soc_NS_20150801233302.png", "site_section": "http://finance.yahoo.com/news/provider-marketwatch/", "section_title": "MarketWatch News Archive - Yahoo! Finance", "url": "http://www.marketwatch.com/story/apple-closes-in-on-fitbit-as-worlds-biggest-wearables-company-2015-08-27", "country": "US", "title": "Apple closes in on Fitbit as world's biggest wearables company", "performance_score": 0, "site": "marketwatch.com", "participants_count": 3, "title_full": "Apple closes in on Fitbit as world's biggest wearables company - MarketWatch", "spam_score": 0.0, "site_type": "news", "published": "2015-08-27T03:00:00.000+03:00", "replies_count": 2, "uuid": "995b54ed73da5bc7f40537e936799d90cf610071"}, "author": "Jennifer Booton", "url": "http://www.marketwatch.com/story/apple-closes-in-on-fitbit-as-worlds-biggest-wearables-company-2015-08-27#post-0", "ord_in_thread": 0, "title": "Apple closes in on Fitbit as world's biggest wearables company", "locations": [], "entities": {"persons": [], "locations": [], "organizations": []}, "highlightText": "", "language": "english", "persons": [], "text": "In its first full quarter of Apple Watch sales, Apple Inc. AAPL, +1.81% debuted as the second-largest wearables company behind FitBit Inc. FIT, -9.01% selling just 800,000 fewer units than the market leader, according to new data from IDC. Total shipment volume for wearables rose 223% to 18.1 million in the second quarter, fueled by both Apple and Xiaomi's entry into the market. Apple sold 3.6 million watches, bringing its total market share to 20%. Xiaomi sold 3.1 million Mi Bands, bringing its share of the global wearables market to 17%, while FitBit's share slid to 24.3% from 30.4% a year ago.", "external_links": [], "published": "2015-08-27T03:00:00.000+03:00", "crawled": "2015-08-27T21:50:12.170+03:00", "highlightTitle": ""}