{"organizations": ["Dycom"], "uuid": "b364c76affe03b04a7e55938d82ee8e2a16cc6d6", "thread": {"social": {"gplus": {"shares": 0}, "pinterest": {"shares": 0}, "vk": {"shares": 0}, "linkedin": {"shares": 0}, "facebook": {"likes": 0, "shares": 0, "comments": 0}, "stumbledupon": {"shares": 0}}, "site_full": "www.wsj.com", "main_image": "http://si.wsj.net/img/WSJ_Logo_black_social.gif", "site_section": "http://finance.yahoo.com/rss/HeavyConstruction", "section_title": "Yahoo! Finance: Heavy Construction Industry News", "url": "http://www.wsj.com/articles/dycom-beats-earnings-estimates-1440539143?mod=yahoo_hs", "country": "GB", "title": "Dycom Beats Earnings Estimates", "performance_score": 0, "site": "wsj.com", "participants_count": 0, "title_full": "Dycom Beats Earnings Estimates", "spam_score": 0.0, "site_type": "news", "published": "2015-08-26T00:45:00.000+03:00", "replies_count": 0, "uuid": "b364c76affe03b04a7e55938d82ee8e2a16cc6d6"}, "author": "", "url": "http://www.wsj.com/articles/dycom-beats-earnings-estimates-1440539143?mod=yahoo_hs", "ord_in_thread": 0, "title": "Dycom Beats Earnings Estimates", "locations": [], "entities": {"persons": [], "locations": [], "organizations": []}, "highlightText": "", "language": "english", "persons": [], "text": "tess.stynes@wsj.com Aug. 25, 2015 5:45 p.m. ET \nDycom Industries Inc. issued guidance for the current quarter that beat Wall Street estimates and reported better-than-expected earnings and revenue for the three-month period ended in July. \nShares of the Florida-based provider of contracting services to telecommunications providers and utilities, which already were up 72% this year, rose 9.4%... To Read the Full Story, Subscribe or Sign In Popular on WSJ", "external_links": [], "published": "2015-08-26T00:45:00.000+03:00", "crawled": "2015-08-26T08:46:41.261+03:00", "highlightTitle": ""}