{"organizations": [], "uuid": "8ddc1c8e2fa88ef835d4edcdd4bd4c58c98e9e39", "thread": {"social": {"gplus": {"shares": 0}, "pinterest": {"shares": 0}, "vk": {"shares": 0}, "linkedin": {"shares": 0}, "facebook": {"likes": 0, "shares": 0, "comments": 0}, "stumbledupon": {"shares": 0}}, "site_full": "business-news.thestreet.com", "main_image": "", "site_section": "http://business-news.thestreet.com/news-herald/rss/627", "section_title": "The News Herald    : Personal Finance", "url": "http://business-news.thestreet.com/news-herald/story/are-you-a-foodie-here-are-the-10-best-cities-for-food-lovers/13230127", "country": "US", "title": "Are You a 'Foodie'? Here Are the 10 Best Cities for Food Lovers", "performance_score": 0, "site": "thestreet.com", "participants_count": 0, "title_full": "Are You a 'Foodie'? Here Are the 10 Best Cities for Food Lovers", "spam_score": 0.0, "site_type": "news", "published": "2015-07-31T21:20:00.000+03:00", "replies_count": 0, "uuid": "8ddc1c8e2fa88ef835d4edcdd4bd4c58c98e9e39"}, "author": "", "url": "http://business-news.thestreet.com/news-herald/story/are-you-a-foodie-here-are-the-10-best-cities-for-food-lovers/13230127", "ord_in_thread": 0, "title": "Are You a 'Foodie'? Here Are the 10 Best Cities for Food Lovers", "locations": [], "entities": {"persons": [], "locations": [], "organizations": []}, "highlightText": "", "language": "english", "persons": ["Laurie Kulikowski"], "text": "Are You a 'Foodie'? Here Are the 10 Best Cities for Food Lovers Written by: Laurie Kulikowski 07/31/15 - 2:20 PM EDT Tickers in this article: CAG \nNEW YORK ( TheStreet ) - From braised duck taquitos to vegetarian falafel, welcome to the new world of dining, with an unlikely warm-weather city has won the title of this year's best \"foodie\" city in the country. \nIn case you haven't gotten the memo, a \"foodie\" is someone who takes a particular interest in gourmet food and new food trends. Some may even call them \"food snobs.\" These days the hot trends in the $710-billion restaurant industry are terms like \"farm-to-table,\" \"locally-sourced\" meats and seafood and \"locally grown\" vegetables, as well as \"craft beer.\" Essentially consumers want more healthy options than in the past and they want to know where their food is coming from. \nLivability.com, a division of Journal Communications, explores \"what makes small to mid-sized cities great places to live, work and visit,\" through its blog . In its annual report , it sought to rank the best \"foodie\" cities based on: their support of local farmers; showcase of regional cuisine; and number of \"innovative and eclectic mix of restaurants and delicious food to eat.\" More Headlines", "external_links": [], "published": "2015-07-31T21:20:00.000+03:00", "crawled": "2015-08-01T07:02:11.462+03:00", "highlightTitle": ""}