{"organizations": [], "uuid": "da87d10a4dab7c85e537c838b405d027d9f532b2", "thread": {"social": {"gplus": {"shares": 0}, "pinterest": {"shares": 0}, "vk": {"shares": 0}, "linkedin": {"shares": 0}, "facebook": {"likes": 0, "shares": 0, "comments": 0}, "stumbledupon": {"shares": 0}}, "site_full": "www.telegraph.co.uk", "main_image": "http://i.telegraph.co.uk/multimedia/archive/03263/PolitChina_3263444k.jpg", "site_section": "http://www.telegraph.co.uk/newsfeed/rss/money_city.xml", "section_title": "Finance - Business news and market updates - Telegraph", "url": "http://www.telegraph.co.uk/finance/markets/11819812/Black-Monday-live-FTSE-100-China-global-markets-rate-cut.html", "country": "CH", "title": "Markets live: FTSE bounces back as China injects fresh stimulus after stocks crash in country's 'Black Tuesday'", "performance_score": 2, "site": "telegraph.co.uk", "participants_count": 1, "title_full": "Markets live: FTSE bounces back as China injects fresh stimulus after stocks crash in country's 'Black Tuesday'", "spam_score": 0.0, "site_type": "news", "published": "2015-08-25T13:55:00.000+03:00", "replies_count": 0, "uuid": "da87d10a4dab7c85e537c838b405d027d9f532b2"}, "author": "Mehreen Khan", "url": "http://www.telegraph.co.uk/finance/markets/11819812/Black-Monday-live-FTSE-100-China-global-markets-rate-cut.html", "ord_in_thread": 0, "title": "Markets live: FTSE bounces back as China injects fresh stimulus after stocks crash in country's 'Black Tuesday'", "locations": [], "entities": {"persons": [], "locations": [], "organizations": []}, "highlightText": "", "language": "english", "persons": [], "text": "Markets Markets live: FTSE bounces back as China injects fresh stimulus after stocks crash in country's 'Black Tuesday' Beijing slashes its main interest rate by 50 basis points - its fifth cut in nine months - in response to stock market rout Saving the world again? The People's Bank of China has slashed interest rates Photo: Copyright (c) 2015 Rex Features.", "external_links": [], "published": "2015-08-25T13:55:00.000+03:00", "crawled": "2015-08-25T14:41:04.173+03:00", "highlightTitle": ""}