{"organizations": [], "uuid": "77f8cabe99c42c9c5c40db9ab8cd7e529bc6708a", "thread": {"social": {"gplus": {"shares": 0}, "pinterest": {"shares": 0}, "vk": {"shares": 0}, "linkedin": {"shares": 0}, "facebook": {"likes": 0, "shares": 0, "comments": 0}, "stumbledupon": {"shares": 0}}, "site_full": "allafrica.com", "main_image": "http://allafrica.com/static/images/structure/aa-logo-rgba-no-text-128x128.png", "site_section": "http://allafrica.com/tools/headlines/rdf/business/headlines.rdf", "section_title": "AllAfrica News: Economy, Business and Finance", "url": "http://allafrica.com/stories/201508290060.html", "country": "US", "title": "Zimbabwe: New Pay Dates for Pensioners", "performance_score": 0, "site": "allafrica.com", "participants_count": 0, "title_full": "Zimbabwe: New Pay Dates for Pensioners", "spam_score": 0.0, "site_type": "news", "published": "2015-08-29T08:18:00.000+03:00", "replies_count": 0, "uuid": "77f8cabe99c42c9c5c40db9ab8cd7e529bc6708a"}, "author": "", "url": "http://allafrica.com/stories/201508290060.html", "ord_in_thread": 0, "title": "Zimbabwe: New Pay Dates for Pensioners", "locations": ["Zimbabwe"], "entities": {"persons": [], "locations": [], "organizations": []}, "highlightText": "", "language": "english", "persons": [], "text": "Zimbabwe: Mugabe Ranked 5th Worst African Leader but the Most Educated \nGovernment yesterday announced new pay dates for pensioners with effect from next month. Public Service Commission secretary Mrs Pretty Sunguro said in a statement that payments had been staggered between two days. \nWar veterans' pension; war veterans' spouses and children's pension; ex-political prisoners, detainees and restrictees' pension; ex-political prisoners, detainees and restrictees' and children's pension; and national heroes' spouses and children's pension will be paid on September 8 while the rest of the pensioners will receive their salaries on September 11. \n\"The Public Service Commission wishes to advise that the Ministry of Finance and Economic Development has staggered pensioners' pay dates. Any inconvenience caused is sincerely regretted,\" she said. Zimbabwe \nViola Gwena and Rose Chiruzi are among the 27 students who got scholarships to study in China and are optimistic about … see more » Copyright © 2015 The Herald. All rights reserved. Distributed by AllAfrica Global Media ( allAfrica.com ). To contact the copyright holder directly for corrections — or for permission to republish or make other authorized use of this material, click here. AllAfrica publishes around 2,000 reports a day from more than 130 news organizations and over 200 other institutions and individuals , representing a diversity of positions on every topic. We publish news and views ranging from vigorous opponents of governments to government publications and spokespersons. Publishers named above each report are responsible for their own content, which AllAfrica does not have the legal right to edit or correct. Articles and commentaries that identify allAfrica.com as the publisher are produced or commissioned by AllAfrica . To address comments or complaints, please Contact us .", "external_links": [], "published": "2015-08-29T08:18:00.000+03:00", "crawled": "2015-08-29T18:09:00.417+03:00", "highlightTitle": ""}