{"organizations": [], "uuid": "f7e914a6e99c848ecc614205c9aa71787a29af68", "thread": {"social": {"gplus": {"shares": 0}, "pinterest": {"shares": 0}, "vk": {"shares": 0}, "linkedin": {"shares": 0}, "facebook": {"likes": 0, "shares": 0, "comments": 0}, "stumbledupon": {"shares": 0}}, "site_full": "www.wsj.com", "main_image": "http://si.wsj.net/public/resources/images/BN-KA165_wpp082_G_20150826022156.jpg", "site_section": "http://www.wsj.com/news/business", "section_title": "Business &amp; Finance News - Wall Street Journal", "url": "http://www.wsj.com/articles/wpp-posts-strong-first-half-profit-on-growth-in-u-k-north-america-1440571257", "country": "US", "title": "WPP Posts Strong First-Half Profit on Growth in U.K., North America", "performance_score": 0, "site": "wsj.com", "participants_count": 1, "title_full": "WPP Posts Strong First-Half Profit on Growth in U.K., North America - WSJ", "spam_score": 0.0, "site_type": "news", "published": "2015-08-26T10:40:00.000+03:00", "replies_count": 0, "uuid": "f7e914a6e99c848ecc614205c9aa71787a29af68"}, "author": "Nick Kostov", "url": "http://www.wsj.com/articles/wpp-posts-strong-first-half-profit-on-growth-in-u-k-north-america-1440571257", "ord_in_thread": 0, "title": "WPP Posts Strong First-Half Profit on Growth in U.K., North America", "locations": [], "entities": {"persons": [], "locations": [], "organizations": []}, "highlightText": "", "language": "english", "persons": [], "text": "PARIS—WPP PLC, the world’s largest ad holding company said Wednesday corporates are being increasingly cautious and risk averse as the firm posted a sharp rise in net profit, despite concerns about the strength of the U.K. pound and continuing geopolitical tensions.\nNet profit rose more than 50% to £566.2 million ($888.2 million) in the first six months of the year, while revenue rose 6.8% to £5.84 billion, as acquisitions and growth... ", "external_links": [], "published": "2015-08-26T10:40:00.000+03:00", "crawled": "2015-08-26T11:24:17.789+03:00", "highlightTitle": ""}