{"organizations": [], "uuid": "7b5452d87a04932e4bde327659a835725329487c", "thread": {"social": {"gplus": {"shares": 0}, "pinterest": {"shares": 0}, "vk": {"shares": 0}, "linkedin": {"shares": 0}, "facebook": {"likes": 0, "shares": 0, "comments": 0}, "stumbledupon": {"shares": 0}}, "site_full": "business-news.thestreet.com", "main_image": "", "site_section": "http://business-news.thestreet.com/morning-star-publishing/rss/627", "section_title": "Morning Star Publishing : Personal Finance", "url": "http://business-news.thestreet.com/morning-star-publishing/story/the-profit-in-peril-how-retirement-investors-can-gain-in-volatile-markets/13270823", "country": "EU", "title": "The Profit In Peril: How Retirement Investors Can Gain In Volatile Markets", "performance_score": 0, "site": "thestreet.com", "participants_count": 0, "title_full": "The Profit In Peril: How Retirement Investors Can Gain In Volatile Markets", "spam_score": 0.0, "site_type": "news", "published": "2015-08-31T13:30:00.000+03:00", "replies_count": 0, "uuid": "7b5452d87a04932e4bde327659a835725329487c"}, "author": "", "url": "http://business-news.thestreet.com/morning-star-publishing/story/the-profit-in-peril-how-retirement-investors-can-gain-in-volatile-markets/13270823", "ord_in_thread": 0, "title": "The Profit In Peril: How Retirement Investors Can Gain In Volatile Markets", "locations": [], "entities": {"persons": [], "locations": [], "organizations": []}, "highlightText": "", "language": "english", "persons": ["Mark Henricks"], "text": "The Profit In Peril: How Retirement Investors Can Gain In Volatile Markets Written by: Mark Henricks 08/31/15 - 6:30 AM EDT \nNEW YORK ( MainStreet ) — When major stock market indexes are sliding downward at bobsled-like speeds, the idea of profiting from the turmoil can seem far-fetched to a typical retirement saver who sees only prospects for loss. But volatility has two sides, and even ordinary retirement investors can gain when equity markets are volatile. \nIn times like these, managing investments begins with managing emotions. “First, breathe,” says Yvette Butler, president of Capital One Investing in McLean, Va. “Don’t get too caught up in the hype.” \nIt can help to keep volatility in perspective. “We’ve been in a bull market for about six years,” Butler says. “Markets just naturally contract at times.” More Headlines", "external_links": [], "published": "2015-08-31T13:30:00.000+03:00", "crawled": "2015-08-31T13:51:14.789+03:00", "highlightTitle": ""}