{"organizations": [], "uuid": "1e3aa5297fd0b447bf04bb08c198e93621caecbc", "thread": {"social": {"gplus": {"shares": 0}, "pinterest": {"shares": 0}, "vk": {"shares": 0}, "linkedin": {"shares": 0}, "facebook": {"likes": 0, "shares": 0, "comments": 0}, "stumbledupon": {"shares": 0}}, "site_full": "www.menafn.com", "main_image": "http://menafn.com/images/shared/menafnlogo_sm.gif", "site_section": "http://www.menafn.com/rss/menafn_Business_Finance.xml", "section_title": "MENAFN.com Business_Finance", "url": "http://www.menafn.com/1094321245/New-report-shares-details-about-the-Global-Oxaliplatin-Industry-Report-for-2015&src=RSS", "country": "US", "title": "New report shares details about the Global Oxaliplatin Industry Report for 2015", "performance_score": 0, "site": "menafn.com", "participants_count": 1, "title_full": "New report shares details about the Global Oxaliplatin Industry Report for 2015 | MENAFN.COM", "spam_score": 0.0, "site_type": "news", "published": "2015-08-27T03:00:00.000+03:00", "replies_count": 0, "uuid": "1e3aa5297fd0b447bf04bb08c198e93621caecbc"}, "author": "Press", "url": "http://www.menafn.com/1094321245/New-report-shares-details-about-the-Global-Oxaliplatin-Industry-Report-for-2015&src=RSS", "ord_in_thread": 0, "title": "New report shares details about the Global Oxaliplatin Industry Report for 2015", "locations": [], "entities": {"persons": [], "locations": [], "organizations": []}, "highlightText": "", "language": "english", "persons": [], "text": "(MENAFN Press) The Global Oxaliplatin Industry Report 2015 is a professional and in-depth study on the current state of the Oxaliplatin industry.\nACCESS REPORT : \nThe report provides a basic overview of the industry including definitions classifications applications and industry chain structure. The Oxaliplatin market analyses are provided for the international markets including development trends competitive landscape analysis and key regions development status.\nDevelopment policies and plans are also discussed and manufacturing processes and cost structures analyzed. Oxaliplatin industry import/export consumption supply and demand figures and cost price and production value gross margins are also provided.\nAVAIL SAMPLE REPORT @ \nThe report focuses on global major leading industry players providing information such as company profiles product picture and specification capacity production price cost production value and contact information. Upstream raw materials and equipment and downstream demand analysis is also carried out. The Oxaliplatin industry development trends and marketing channels are analyzed. Finally the feasibility of new investment projects are assessed and overall research conclusions offered.\nENQUIRE @ \nWith 271 tables and figures the report provides key statistics on the state of the industry and is a valuable source of guidance and direction for companies and individuals interested in the market.\nCHECK DISCOUNT @ \nContact Us :\nWise Guy Reports\nsales@wiseguyreports.com\n1 646 845 9349\n44 208 133 9349\n\n\n \n\n\nAbout PRBuzz.com \nPRBuzz.com is a press release distribution service that distributes press releases to online news sites and blogs to help customers with search engine optimization and create buzz about their web site, news or business.", "external_links": [], "published": "2015-08-27T03:00:00.000+03:00", "crawled": "2015-08-29T20:29:25.235+03:00", "highlightTitle": ""}