{"organizations": [], "uuid": "048229f4b92cf09bbfb9f3caf4bf3bf96ef531a1", "thread": {"social": {"gplus": {"shares": 0}, "pinterest": {"shares": 0}, "vk": {"shares": 0}, "linkedin": {"shares": 0}, "facebook": {"likes": 0, "shares": 0, "comments": 0}, "stumbledupon": {"shares": 0}}, "site_full": "www.reuters.com", "main_image": "", "site_section": "http://www.reuters.com/finance/personal-finance", "section_title": "Wealth, Personal Finance &amp; Money | Reuters.com", "url": "http://www.reuters.com/article/2015/08/31/idUSL4N1161K420150831", "country": "US", "title": "BRIEF-TSMC orders equipment from KLA-Tencor for T$2.08 bln", "performance_score": 0, "site": "reuters.com", "participants_count": 1, "title_full": "BRIEF-TSMC orders equipment from KLA-Tencor for T$2.08 bln | Reuters", "spam_score": 0.0, "site_type": "news", "published": "2015-08-31T06:59:00.000+03:00", "replies_count": 0, "uuid": "048229f4b92cf09bbfb9f3caf4bf3bf96ef531a1"}, "author": "Reuters", "url": "http://www.reuters.com/article/2015/08/31/idUSL4N1161K420150831", "ord_in_thread": 0, "title": "BRIEF-TSMC orders equipment from KLA-Tencor for T$2.08 bln", "locations": [], "entities": {"persons": [], "locations": [], "organizations": []}, "highlightText": "", "language": "english", "persons": [], "text": "Aug 31 Taiwan Semiconductor Manufacturing Co Ltd\n* Says orders machinery equipment from KLA-Tencor Corp for T$2.08 billion ($64.05 million)\nSource text in English :\nFurther company coverage: [2330.TW> ($1 = 32.4730 Taiwan dollars) (Reporting by Hong Kong newsroom)", "external_links": [], "published": "2015-08-31T06:59:00.000+03:00", "crawled": "2015-08-31T06:47:39.910+03:00", "highlightTitle": ""}