{"organizations": [], "uuid": "6bd207d806036ff72cb410e2f8655cad93435360", "thread": {"social": {"gplus": {"shares": 0}, "pinterest": {"shares": 0}, "vk": {"shares": 0}, "linkedin": {"shares": 0}, "facebook": {"likes": 0, "shares": 0, "comments": 0}, "stumbledupon": {"shares": 0}}, "site_full": "www.reuters.com", "main_image": "", "site_section": "http://www.reuters.com/finance/personal-finance", "section_title": "Wealth, Personal Finance &amp; Money | Reuters.com", "url": "http://www.reuters.com/article/2015/08/31/mitsubishiufjsecurities-moves-kenniswong-idUSL4N1162TO20150831", "country": "US", "title": "MOVES-Mitsubishi UFJ Securities hires executive for Greater China", "performance_score": 0, "site": "reuters.com", "participants_count": 1, "title_full": "MOVES-Mitsubishi UFJ Securities hires executive for Greater China | Reuters", "spam_score": 0.0, "site_type": "news", "published": "2015-08-31T12:28:00.000+03:00", "replies_count": 0, "uuid": "6bd207d806036ff72cb410e2f8655cad93435360"}, "author": "Reuters", "url": "http://www.reuters.com/article/2015/08/31/mitsubishiufjsecurities-moves-kenniswong-idUSL4N1162TO20150831", "ord_in_thread": 0, "title": "MOVES-Mitsubishi UFJ Securities hires executive for Greater China", "locations": [], "entities": {"persons": [], "locations": [], "organizations": []}, "highlightText": "", "language": "english", "persons": [], "text": "Aug 31 Mitsubishi UFJ Securities Hong Kong Ltd appointed Kennis Wong executive director and head of Greater China for debt capital markets.\nWong, based in Hong Kong, will lead Mitsubishi UFJ Financial Group Inc's debt capital markets business in China, Hong Kong and Taiwan, the company said on Monday.\nKennis, who joined the company in June, previously worked at Royal Bank of Scotland for about nine years, also covering debt capital markets for Greater China clients.\nMitsubishi UFJ Securities is a wholly owned subsidiary of MUFG and provides financial products to both its own clients and those of the MUFG Group. (Reporting by Shivam Srivastava in Bengaluru; Editing by Ted Kerr)", "external_links": [], "published": "2015-08-31T12:28:00.000+03:00", "crawled": "2015-08-31T11:37:54.516+03:00", "highlightTitle": ""}