{"organizations": [], "uuid": "a68cc72c729564f1217ce95ced6b39c1b0c0aaf6", "thread": {"social": {"gplus": {"shares": 0}, "pinterest": {"shares": 0}, "vk": {"shares": 0}, "linkedin": {"shares": 0}, "facebook": {"likes": 0, "shares": 0, "comments": 0}, "stumbledupon": {"shares": 0}}, "site_full": "media.smh.com.au", "main_image": "http://images.smh.com.au/2015/08/25/6792873/hockeyS.jpg", "site_section": "http://www.smh.com.au/business/markets/sectors/share-listing/4520/information-technology/technology-hardware-and-equipment", "section_title": "Business News, Economy, Finance &amp; ASX Market News", "url": "http://media.smh.com.au/video-business/video-businessday/stock-market-crisis-no-says-joe-hockey-6792871.html", "country": "AU", "title": "Stock market crisis? 'No!' says Joe Hockey", "performance_score": 0, "site": "smh.com.au", "participants_count": 1, "title_full": "Stock market crisis? 'No!' says Joe Hockey", "spam_score": 0.0, "site_type": "news", "published": "2015-08-25T03:00:00.000+03:00", "replies_count": 0, "uuid": "a68cc72c729564f1217ce95ced6b39c1b0c0aaf6"}, "author": "The Sydney Morning Herald", "url": "http://media.smh.com.au/video-business/video-businessday/stock-market-crisis-no-says-joe-hockey-6792871.html", "ord_in_thread": 0, "title": "Stock market crisis? 'No!' says Joe Hockey", "locations": [], "entities": {"persons": [], "locations": [], "organizations": []}, "highlightText": "", "language": "english", "persons": [], "text": "There's no need for alarm, and people need", "external_links": [], "published": "2015-08-25T03:00:00.000+03:00", "crawled": "2015-08-25T05:23:19.330+03:00", "highlightTitle": ""}