{"organizations": [], "uuid": "48c34e8a44377ccf88a307b057f90c268627c48c", "thread": {"social": {"gplus": {"shares": 0}, "pinterest": {"shares": 0}, "vk": {"shares": 0}, "linkedin": {"shares": 0}, "facebook": {"likes": 0, "shares": 0, "comments": 0}, "stumbledupon": {"shares": 0}}, "site_full": "www.telegraph.co.uk", "main_image": "http://i.telegraph.co.uk/multimedia/archive/03418/yuan_3418074k.jpg", "site_section": "http://www.telegraph.co.uk/finance/personalfinance/offshorefinance/rss", "section_title": "Expat money: Offshore banking and finance - Telegraph", "url": "http://www.telegraph.co.uk/finance/personalfinance/expat-money/11820704/Forex-focus-China-could-have-a-knock-on-effect-for-all-of-us.html", "country": "CH", "title": "Forex focus: China could have a knock-on effect for all of us", "performance_score": 0, "site": "telegraph.co.uk", "participants_count": 1, "title_full": "Forex focus: China could have a knock-on effect for all of us", "spam_score": 0.0, "site_type": "news", "published": "2015-08-25T12:46:00.000+03:00", "replies_count": 0, "uuid": "48c34e8a44377ccf88a307b057f90c268627c48c"}, "author": "Liz Phillips", "url": "http://www.telegraph.co.uk/finance/personalfinance/expat-money/11820704/Forex-focus-China-could-have-a-knock-on-effect-for-all-of-us.html", "ord_in_thread": 0, "title": "Forex focus: China could have a knock-on effect for all of us", "locations": [], "entities": {"persons": [], "locations": [], "organizations": []}, "highlightText": "", "language": "english", "persons": [], "text": "Forex focus: China could have a knock-on effect for all of us What impact will the turmoil in the Chinese economy have on expats? A teller counts yuan banknotes in a bank in China: the central bank has recently devalued the currency Photo: STR/AFP/Getty Images", "external_links": [], "published": "2015-08-25T12:46:00.000+03:00", "crawled": "2015-08-27T04:50:27.633+03:00", "highlightTitle": ""}