{"organizations": [], "uuid": "035460484c067f6540f04d8d4361e15aab95f7bc", "thread": {"social": {"gplus": {"shares": 0}, "pinterest": {"shares": 0}, "vk": {"shares": 0}, "linkedin": {"shares": 0}, "facebook": {"likes": 0, "shares": 0, "comments": 0}, "stumbledupon": {"shares": 0}}, "site_full": "imasaver.savingadvice.com", "main_image": "", "site_section": "http://imasaver.savingadvice.com/rss/", "section_title": "Ima Saver's Personal Finance Blog", "url": "http://imasaver.savingadvice.com/2015/08/26/what-would-you-eat_205567/", "country": "US", "title": "What would you eat?", "performance_score": 0, "site": "savingadvice.com", "participants_count": 1, "title_full": "What would you eat?", "spam_score": 0.0, "site_type": "news", "published": "2015-08-26T22:40:00.000+03:00", "replies_count": 0, "uuid": "035460484c067f6540f04d8d4361e15aab95f7bc"}, "author": "Ima saver (julie is my real name)", "url": "http://imasaver.savingadvice.com/2015/08/26/what-would-you-eat_205567/", "ord_in_thread": 0, "title": "What would you eat?", "locations": [], "entities": {"persons": [], "locations": [], "organizations": []}, "highlightText": "", "language": "english", "persons": [], "text": " ", "external_links": [], "published": "2015-08-26T22:40:00.000+03:00", "crawled": "2015-08-27T05:55:21.158+03:00", "highlightTitle": ""}