{"organizations": [], "uuid": "591ef858860aa2c9ee193b86d72e3c63e62cd6d2", "thread": {"social": {"gplus": {"shares": 0}, "pinterest": {"shares": 0}, "vk": {"shares": 0}, "linkedin": {"shares": 0}, "facebook": {"likes": 0, "shares": 0, "comments": 0}, "stumbledupon": {"shares": 0}}, "site_full": "www.telegraph.co.uk", "main_image": "http://i.telegraph.co.uk/multimedia/archive/03305/candy_3305068k.jpg", "site_section": "http://www.telegraph.co.uk/finance/", "section_title": "Finance - Business news and market updates - Telegraph - Telegraph", "url": "http://www.telegraph.co.uk/finance/personalfinance/11824890/Eight-rip-offs-rising-fast-in-2015.html", "country": "GB", "title": "Eight rip-offs rising fast in 2015", "performance_score": 1, "site": "telegraph.co.uk", "participants_count": 10, "title_full": "Eight rip-offs rising fast in 2015 - Telegraph", "spam_score": 0.0, "site_type": "news", "published": "2015-08-30T16:01:00.000+03:00", "replies_count": 12, "uuid": "33d10e2bf2bec0af1ea9fa98721b66b640dbb659"}, "author": "Katie Morley", "url": "http://www.telegraph.co.uk/finance/personalfinance/11824890/Eight-rip-offs-rising-fast-in-2015.html#post-0", "ord_in_thread": 0, "title": "Eight rip-offs rising fast in 2015", "locations": [], "entities": {"persons": [], "locations": [], "organizations": []}, "highlightText": "", "language": "english", "persons": [], "text": " ", "external_links": [], "published": "2015-08-30T16:01:00.000+03:00", "crawled": "2015-08-30T11:10:42.711+03:00", "highlightTitle": ""}