{"organizations": [], "uuid": "987f7d904469f53867b591b308841fdbbbb1c739", "thread": {"social": {"gplus": {"shares": 0}, "pinterest": {"shares": 0}, "vk": {"shares": 0}, "linkedin": {"shares": 0}, "facebook": {"likes": 0, "shares": 0, "comments": 0}, "stumbledupon": {"shares": 0}}, "site_full": "www.wsj.com", "main_image": "http://si.wsj.net/public/resources/images/BN-KA700_0826re_G_20150826205921.jpg", "site_section": "http://www.wsj.com/news/business", "section_title": "Business &amp; Finance News - Wall Street Journal", "url": "http://www.wsj.com/articles/republic-airways-labor-trouble-deepens-1440635526", "country": "US", "title": "Republic Airways’ Labor Trouble Deepens", "performance_score": 0, "site": "wsj.com", "participants_count": 1, "title_full": "Republic Airways’ Labor Trouble Deepens - WSJ", "spam_score": 0.0, "site_type": "news", "published": "2015-08-27T04:32:00.000+03:00", "replies_count": 0, "uuid": "987f7d904469f53867b591b308841fdbbbb1c739"}, "author": "wsjcom", "url": "http://www.wsj.com/articles/republic-airways-labor-trouble-deepens-1440635526", "ord_in_thread": 0, "title": "Republic Airways’ Labor Trouble Deepens", "locations": [], "entities": {"persons": [], "locations": [], "organizations": []}, "highlightText": "", "language": "english", "persons": [], "text": "DALLAS—The Teamsters group representing pilots at Republic Airways is balking at allowing a vote on the company’s contract offer, deepening the rift between labor and management at the regional airline.\nThe Indianapolis company’s shares dropped 37% Wednesday.\nRepublic has threatened to begin a restructuring process if pilots don’t approve... To Read the Full Story, Subscribe or Sign In", "external_links": [], "published": "2015-08-27T04:32:00.000+03:00", "crawled": "2015-08-27T04:20:51.591+03:00", "highlightTitle": ""}