{"organizations": [], "uuid": "9b9f4766d8b59a1ce23bb1c8ba663b5590690d72", "thread": {"social": {"gplus": {"shares": 0}, "pinterest": {"shares": 0}, "vk": {"shares": 0}, "linkedin": {"shares": 0}, "facebook": {"likes": 0, "shares": 0, "comments": 0}, "stumbledupon": {"shares": 0}}, "site_full": "www.just-style.com", "main_image": "http://i2.aroq.com/3/kurt_cavano_-_high_res.jpg", "site_section": "http://www.just-style.com/alerts/rsssectornews.aspx?id=4", "section_title": "Latest Finance industry news - from just-style.com", "url": "http://www.just-style.com/interview/kurt-cavano-on-the-uberfication-of-everything_id126065.aspx", "country": "GB", "title": "Interview: Kurt Cavano on \"the Uberfication of everything\"", "performance_score": 0, "site": "just-style.com", "participants_count": 0, "title_full": "Interview: Kurt Cavano on \"the Uberfication of everything\"", "spam_score": 0.0, "site_type": "news", "published": "2015-08-26T15:44:00.000+03:00", "replies_count": 0, "uuid": "9b9f4766d8b59a1ce23bb1c8ba663b5590690d72"}, "author": "", "url": "http://www.just-style.com/interview/kurt-cavano-on-the-uberfication-of-everything_id126065.aspx", "ord_in_thread": 0, "title": "Interview: Kurt Cavano on \"the Uberfication of everything\"", "locations": [], "entities": {"persons": [], "locations": [], "organizations": []}, "highlightText": "", "language": "english", "persons": ["Kurt Cavano", "Leonie Barrie"], "text": "Interview: Kurt Cavano on “the Uberfication of everything” By Leonie Barrie | 26   Easy access to cheap capital, infinite computing power, and \"the Uberfication of everything\" are converging to create a perfect storm of disruption that's already starting to shake up the apparel retail industry, according to Kurt Cavano, founder and chief strategy officer of cloud-based supply chain platform GT Nexus.  ", "external_links": [], "published": "2015-08-26T15:44:00.000+03:00", "crawled": "2015-08-27T03:45:28.695+03:00", "highlightTitle": ""}