{"organizations": [], "uuid": "c9515f2874338d5e6b6b8e7106e0118700d83032", "thread": {"social": {"gplus": {"shares": 0}, "pinterest": {"shares": 0}, "vk": {"shares": 0}, "linkedin": {"shares": 0}, "facebook": {"likes": 0, "shares": 0, "comments": 0}, "stumbledupon": {"shares": 0}}, "site_full": "www.wsj.com", "main_image": "http://si.wsj.net/img/WSJ_Logo_black_social.gif", "site_section": "http://www.wsj.com/news/business", "section_title": "Business &amp; Finance News - Wall Street Journal", "url": "http://www.wsj.com/articles/clorox-to-open-board-nominations-to-certain-shareholders-1440798358", "country": "", "title": "Clorox to Open Board Nominations to Certain Shareholders", "performance_score": 0, "site": "wsj.com", "participants_count": 1, "title_full": "Clorox to Open Board Nominations to Certain Shareholders - WSJ", "spam_score": 0.0, "site_type": "news", "published": "2015-08-29T03:19:00.000+03:00", "replies_count": 0, "uuid": "c9515f2874338d5e6b6b8e7106e0118700d83032"}, "author": "Maria Armental", "url": "http://www.wsj.com/articles/clorox-to-open-board-nominations-to-certain-shareholders-1440798358", "ord_in_thread": 0, "title": "Clorox to Open Board Nominations to Certain Shareholders", "locations": [], "entities": {"persons": [], "locations": [], "organizations": []}, "highlightText": "", "language": "english", "persons": [], "text": "Clorox Co. has adopted a so-called proxy-access policy allowing certain shareholders to nominate members to its board, the company said Friday.\nThe Securities and Exchange Commission brought the issue to the forefront in 2010, adopting a rule that required companies to list shareholder nominees on corporate proxy ballots, rather than mailing separate ballots and waging a potentially costly campaign. A federal appeals court ruled against the SEC, however, saying the agency hadn’t adequately analyzed the costs and impact,... To Read the Full Story, Subscribe or Sign In", "external_links": [], "published": "2015-08-29T03:19:00.000+03:00", "crawled": "2015-08-29T04:19:33.966+03:00", "highlightTitle": ""}