{"organizations": [], "uuid": "9ff3bbe999678a84feb9135ba2cb2a5b370f8cf0", "thread": {"social": {"gplus": {"shares": 0}, "pinterest": {"shares": 0}, "vk": {"shares": 0}, "linkedin": {"shares": 0}, "facebook": {"likes": 0, "shares": 0, "comments": 0}, "stumbledupon": {"shares": 0}}, "site_full": "www.financialexpress.com", "main_image": "http://www.financialexpress.com/wp-content/uploads/2015/07/BSE-Sensex-EP-6-S.jpg", "site_section": "http://www.financialexpress.com/", "section_title": "The Financial Express | India News Today,Latest National News,Stock Market Today,SENSEX NIFTY,NSE BSE India,Finance News,Business News", "url": "http://www.financialexpress.com/article/markets/indian-markets/sun-tv-network-shares-gain-on-deal-with-hooq/126284", "country": "IE", "title": "Sun TV Network shares gain on deal with HOOQ", "performance_score": 0, "site": "financialexpress.com", "participants_count": 1, "title_full": "Sun TV Network shares gain on deal with HOOQ | The Financial Express", "spam_score": 0.0, "site_type": "news", "published": "2015-08-27T18:46:00.000+03:00", "replies_count": 0, "uuid": "9ff3bbe999678a84feb9135ba2cb2a5b370f8cf0"}, "author": "financialexpress.com", "url": "http://www.financialexpress.com/article/markets/indian-markets/sun-tv-network-shares-gain-on-deal-with-hooq/126284", "ord_in_thread": 0, "title": "Sun TV Network shares gain on deal with HOOQ", "locations": [], "entities": {"persons": [], "locations": [], "organizations": []}, "highlightText": "", "language": "english", "persons": [], "text": "Sun TV Network shares gained on Thursday after the company announced a multi-year deal with video-on-demand service firm HOOQ, a start up joint venture established by Singtel, Sony Pictures Television and Warner Bros in January this year. The announcement was made after market hours on Wednesday .\nCheering the news, the share price of Sun TV Network jumped 4.74 per cent to Rs 341.20.\nUnder the agreement HOOQ would now carry Sun TV’s library that includes a mix of films in Tamil, Telugu, Malayalam and Kannada languages including the latest hit movies. At present, HOOQ operates in the Philippines, Thailand and India with a poplulation footprint of over 1.4 billion people.\nAccording to Angel Broking, with around 33 channels across the South Indian languages, Sun Group’s existing library has about 11,000 titles, which is said to be among the largest in the industry.\n 27, 2015 10:46 am © The Indian Express Online Media Pvt Ltd", "external_links": [], "published": "2015-08-27T18:46:00.000+03:00", "crawled": "2015-08-27T18:22:07.277+03:00", "highlightTitle": ""}