{"organizations": [], "uuid": "fbc0a4cf92a1e5ed340a0650433030a5fb6cb141", "thread": {"social": {"gplus": {"shares": 0}, "pinterest": {"shares": 0}, "vk": {"shares": 0}, "linkedin": {"shares": 0}, "facebook": {"likes": 0, "shares": 0, "comments": 0}, "stumbledupon": {"shares": 0}}, "site_full": "www.wsj.com", "main_image": "http://si.wsj.net/public/resources/images/BN-JZ819_CCOMMO_G_20150825145036.jpg", "site_section": "http://www.wsj.com/news/markets", "section_title": "Stock Market &amp; Finance News - Wall Street Journal", "url": "http://www.wsj.com/articles/china-remains-a-key-commodities-player-despite-waning-appetites-1440534872", "country": "US", "title": "China Remains a Key Commodities Player, Despite Waning Appetites", "performance_score": 0, "site": "wsj.com", "participants_count": 1, "title_full": "China Remains a Key Commodities Player, Despite Waning Appetites - WSJ", "spam_score": 0.0, "site_type": "news", "published": "2015-08-26T00:55:00.000+03:00", "replies_count": 0, "uuid": "fbc0a4cf92a1e5ed340a0650433030a5fb6cb141"}, "author": "Ese Eheriene", "url": "http://www.wsj.com/articles/china-remains-a-key-commodities-player-despite-waning-appetites-1440534872", "ord_in_thread": 0, "title": "China Remains a Key Commodities Player, Despite Waning Appetites", "locations": [], "entities": {"persons": [], "locations": [], "organizations": []}, "highlightText": "", "language": "english", "persons": [], "text": "The fear that China’s appetite for commodities, from copper to coal, is falling after a decade of breakneck growth has sent prices tumbling, but the country’s sheer scale in these markets means that China will continue to shape them in the long term, even if at a slower speed.\nChina now buys about an eighth of the world’s oil, a quarter of its gold, almost a third of its cotton and up to half of all the major base metals. Its buying power has made the country integral to global commodities trading, influencing everything... ", "external_links": [], "published": "2015-08-26T00:55:00.000+03:00", "crawled": "2015-08-26T00:24:50.773+03:00", "highlightTitle": ""}