{"organizations": [], "uuid": "8d1b78f581abc2e2831b1b752df232a33f2e1368", "thread": {"social": {"gplus": {"shares": 0}, "pinterest": {"shares": 0}, "vk": {"shares": 0}, "linkedin": {"shares": 0}, "facebook": {"likes": 0, "shares": 0, "comments": 0}, "stumbledupon": {"shares": 0}}, "site_full": "www.wsj.com", "main_image": "http://si.wsj.net/public/resources/images/BN-KC016_0831he_G_20150831154555.jpg", "site_section": "http://www.wsj.com/news/markets", "section_title": "Stock Market &amp; Finance News - Wall Street Journal", "url": "http://www.wsj.com/articles/voices-tony-hellenbrand-on-the-value-of-joint-marketing-events-1441051009", "country": "US", "title": "Voices: Tony Hellenbrand, on the Value of Joint Marketing Events - WSJ", "performance_score": 1, "site": "wsj.com", "participants_count": 1, "title_full": "Voices: Tony Hellenbrand, on the Value of Joint Marketing Events - WSJ", "spam_score": 0.0, "site_type": "news", "published": "2015-08-31T23:56:00.000+03:00", "replies_count": 0, "uuid": "8d1b78f581abc2e2831b1b752df232a33f2e1368"}, "author": "wsjcom", "url": "http://www.wsj.com/articles/voices-tony-hellenbrand-on-the-value-of-joint-marketing-events-1441051009", "ord_in_thread": 0, "title": "Voices: Tony Hellenbrand, on the Value of Joint Marketing Events - WSJ", "locations": [], "entities": {"persons": [], "locations": [], "organizations": []}, "highlightText": "", "language": "english", "persons": [], "text": "Voices is an occasional column in which wealth managers address issues of interest to the advisory community. Tony Hellenbrand is the owner of Hellenbrand Financial in Green Bay, Wis.\nAdvisers are looking for a magical marketing tool that gives them a big return for a small investment. My firm has tried a number of strategies, from direct mail to pay-per-click to radio advertising, with so-so results. But one strategy stands out... To Read the Full Story, Subscribe or Sign In", "external_links": [], "published": "2015-08-31T23:56:00.000+03:00", "crawled": "2015-08-31T23:03:53.518+03:00", "highlightTitle": ""}