{"organizations": ["TC Energy"], "uuid": "e34529c541c427056586e0b9f58e12163d864db5", "thread": {"social": {"gplus": {"shares": 0}, "pinterest": {"shares": 0}, "vk": {"shares": 0}, "linkedin": {"shares": 0}, "facebook": {"likes": 0, "shares": 0, "comments": 0}, "stumbledupon": {"shares": 0}}, "site_full": "www.modernghana.com", "main_image": "http://img.modernghana.com/images/content/_dollars.gif", "site_section": "http://www.modernghana.com/rssfeed/news.xml?cat_id=1&gender=46", "section_title": "Business & Finance", "url": "http://www.modernghana.com/news/638845/1/tc-energys-4b-power-deal-with-ecg-hits-snag.html", "country": "US", "title": "TC Energys $4B Power Deal With ECG Hits Snag", "performance_score": 0, "site": "modernghana.com", "participants_count": 0, "title_full": "TC Energys $4B Power Deal With ECG Hits Snag", "spam_score": 0.0, "site_type": "news", "published": "2015-08-26T22:20:00.000+03:00", "replies_count": 0, "uuid": "e34529c541c427056586e0b9f58e12163d864db5"}, "author": "", "url": "http://www.modernghana.com/news/638845/1/tc-energys-4b-power-deal-with-ecg-hits-snag.html", "ord_in_thread": 0, "title": "TC Energys $4B Power Deal With ECG Hits Snag", "locations": [], "entities": {"persons": [], "locations": [], "organizations": []}, "highlightText": "", "language": "english", "persons": [], "text": "  20:20 CET TC Energy’s $4B Power Deal With ECG Hits Snag By Daily Guide \nGovernment's hope of ending the current energy crisis is under threat as shareholders of a private company in the process of producing some 1,000 megawatts of energy fight over ownership. \nTC Energy signed an agreement with the Electricity Company of Ghana to produce power from tidal waves. \nThe project was to cost some $15 million when completed and will then provide clean energy to 19 million Ghanaians. \nBut Starr News has intercepted a petition from one of the shareholders seeking to halt the project. \nAccording to the document, Kwabena Osei Manu of Dextin Compan limited, partners in the joint project, is suing his fellows for shortchanging him. \nHe is asking the court to among other things, permanently freeze the project and instruct his partners to refund his investment to him. \nSource: Starrfmonline.com", "external_links": [], "published": "2015-08-26T22:20:00.000+03:00", "crawled": "2015-08-27T02:23:36.634+03:00", "highlightTitle": ""}