{"organizations": [], "uuid": "67b4a82a2cad93d69010a74cf22807086ac7aa73", "thread": {"social": {"gplus": {"shares": 0}, "pinterest": {"shares": 0}, "vk": {"shares": 0}, "linkedin": {"shares": 0}, "facebook": {"likes": 0, "shares": 0, "comments": 0}, "stumbledupon": {"shares": 0}}, "site_full": "www.wsj.com", "main_image": "http://si.wsj.net/public/resources/images/BN-JW980_pboc_G_20150818014408.jpg", "site_section": "http://www.wsj.com/news/markets", "section_title": "Stock Market &amp; Finance News - Wall Street Journal", "url": "http://www.wsj.com/articles/chinas-central-bank-cuts-interest-rates-1440499276", "country": "", "title": "China’s Central Bank Cuts Interest Rates", "performance_score": 1, "site": "wsj.com", "participants_count": 1, "title_full": "China’s Central Bank Cuts Interest Rates - WSJ", "spam_score": 0.0, "site_type": "news", "published": "2015-08-25T14:41:00.000+03:00", "replies_count": 0, "uuid": "67b4a82a2cad93d69010a74cf22807086ac7aa73"}, "author": "Lingling Wei", "url": "http://www.wsj.com/articles/chinas-central-bank-cuts-interest-rates-1440499276", "ord_in_thread": 0, "title": "China’s Central Bank Cuts Interest Rates", "locations": [], "entities": {"persons": [], "locations": [], "organizations": []}, "highlightText": "", "language": "english", "persons": [], "text": "BEIJING—China on Tuesday cut interest rates by one-quarter of a percentage point and reduced bank-reserve requirements by half of a percentage point amid market turmoil.\nChina also did away with its ceiling on most bank deposits.\nThe People’s Bank of China said in a statement on its website that it also cut bank reserve requirements for... To Read the Full Story, Subscribe or Sign In", "external_links": [], "published": "2015-08-25T14:41:00.000+03:00", "crawled": "2015-08-25T13:53:38.427+03:00", "highlightTitle": ""}