{"organizations": [], "uuid": "80be72274a4e13ec9e3965bbacd4c3138aa7c0d8", "thread": {"social": {"gplus": {"shares": 0}, "pinterest": {"shares": 0}, "vk": {"shares": 0}, "linkedin": {"shares": 0}, "facebook": {"likes": 0, "shares": 0, "comments": 0}, "stumbledupon": {"shares": 0}}, "site_full": "allafrica.com", "main_image": "http://allafrica.com/static/images/structure/aa-logo-rgba-no-text-128x128.png", "site_section": "http://allafrica.com/tools/headlines/rdf/business/headlines.rdf", "section_title": "AllAfrica News: Economy, Business and Finance", "url": "http://allafrica.com/stories/201508311637.html", "country": "US", "title": "South Africa: Want to Save Rhinos? Look Beyond Guns and Trade", "performance_score": 0, "site": "allafrica.com", "participants_count": 0, "title_full": "South Africa: Want to Save Rhinos? Look Beyond Guns and Trade", "spam_score": 0.0, "site_type": "news", "published": "2015-08-31T14:21:00.000+03:00", "replies_count": 0, "uuid": "80be72274a4e13ec9e3965bbacd4c3138aa7c0d8"}, "author": "", "url": "http://allafrica.com/stories/201508311637.html", "ord_in_thread": 0, "title": "South Africa: Want to Save Rhinos? Look Beyond Guns and Trade", "locations": ["Burundi", "South Africa", "Rwanda"], "entities": {"persons": [], "locations": [], "organizations": []}, "highlightText": "", "language": "english", "persons": [], "text": "Rwanda: New Tensions With Burundi Over Rwandans Held in Prison \nThe money buys off Asian customs officials, police and airline staff. It pays for the transport costs of middlemen and mules, who risk arrest carrying horn into Asia from Africa. It covers losses when horn is occasionally confiscated en route. It enriches corrupt African politicians and crime bosses who... South Africa \nThe Medicines Control Council has for many years been severely criticised for the exceptionally long time it takes to … see more » \nRead the full story on the Daily Maverick website. Copyright © 2015 Daily Maverick. All rights reserved. Distributed by AllAfrica Global Media ( allAfrica.com ). To contact the copyright holder directly for corrections — or for permission to republish or make other authorized use of this material, click here. AllAfrica publishes around 2,000 reports a day from more than 130 news organizations and over 200 other institutions and individuals , representing a diversity of positions on every topic. We publish news and views ranging from vigorous opponents of governments to government publications and spokespersons. Publishers named above each report are responsible for their own content, which AllAfrica does not have the legal right to edit or correct. Articles and commentaries that identify allAfrica.com as the publisher are produced or commissioned by AllAfrica . To address comments or complaints, please Contact us .", "external_links": [], "published": "2015-08-31T14:21:00.000+03:00", "crawled": "2015-08-31T15:33:41.818+03:00", "highlightTitle": ""}