{"organizations": ["AllAfrica Global Media", "United States Department of State"], "uuid": "0161e07c91e43274fd99af944d6bbdbd3ec64445", "thread": {"social": {"gplus": {"shares": 0}, "pinterest": {"shares": 0}, "vk": {"shares": 0}, "linkedin": {"shares": 0}, "facebook": {"likes": 0, "shares": 0, "comments": 0}, "stumbledupon": {"shares": 0}}, "site_full": "allafrica.com", "main_image": "http://allafrica.com/download/pic/main/main/csiid/00301721:5b62d1fe3889e57263b87d0b886cf089:arc614x376:w1200.png", "site_section": "http://allafrica.com/tools/headlines/rdf/business/headlines.rdf", "section_title": "AllAfrica News: Economy, Business and Finance", "url": "http://allafrica.com/stories/201508251382.html", "country": "US", "title": "Africa: AGOA Background Resources", "performance_score": 0, "site": "allafrica.com", "participants_count": 0, "title_full": "Africa: AGOA Background Resources", "spam_score": 0.0, "site_type": "news", "published": "2015-08-25T17:11:00.000+03:00", "replies_count": 0, "uuid": "0161e07c91e43274fd99af944d6bbdbd3ec64445"}, "author": "", "url": "http://allafrica.com/stories/201508251382.html", "ord_in_thread": 0, "title": "Africa: AGOA Background Resources", "locations": ["Africa"], "entities": {"persons": [], "locations": [], "organizations": []}, "highlightText": "", "language": "english", "persons": ["AllAfrica"], "text": "Next Story Copyright © 2015 United States Department of State. All rights reserved. Distributed by AllAfrica Global Media ( allAfrica.com ). To contact the copyright holder directly for corrections — or for permission to republish or make other authorized use of this material, click here. AllAfrica publishes around 2,000 reports a day from more than 130 news organizations and over 200 other institutions and individuals , representing a diversity of positions on every topic. We publish news and views ranging from vigorous opponents of governments to government publications and spokespersons. Publishers named above each report are responsible for their own content, which AllAfrica does not have the legal right to edit or correct. Articles and commentaries that identify allAfrica.com as the publisher are produced or commissioned by AllAfrica . To address comments or complaints, please Contact us .", "external_links": [], "published": "2015-08-25T17:11:00.000+03:00", "crawled": "2015-08-26T03:25:04.510+03:00", "highlightTitle": ""}