{"organizations": [], "uuid": "d089b7e62381597c46b5e4665a37a76fb796cfc4", "thread": {"social": {"gplus": {"shares": 0}, "pinterest": {"shares": 0}, "vk": {"shares": 0}, "linkedin": {"shares": 0}, "facebook": {"likes": 0, "shares": 0, "comments": 0}, "stumbledupon": {"shares": 0}}, "site_full": "imasaver.savingadvice.com", "main_image": "", "site_section": "http://imasaver.savingadvice.com/rss/", "section_title": "Ima Saver's Personal Finance Blog", "url": "http://imasaver.savingadvice.com/2015/08/21/blairsville-georgia-man-wins_205525/", "country": "US", "title": "Blairsville, Georgia man wins!!!!", "performance_score": 0, "site": "savingadvice.com", "participants_count": 1, "title_full": "Blairsville, Georgia man wins!!!!", "spam_score": 0.0, "site_type": "news", "published": "2015-08-21T22:21:00.000+03:00", "replies_count": 0, "uuid": "d089b7e62381597c46b5e4665a37a76fb796cfc4"}, "author": "Ima saver (julie is my real name)", "url": "http://imasaver.savingadvice.com/2015/08/21/blairsville-georgia-man-wins_205525/", "ord_in_thread": 0, "title": "Blairsville, Georgia man wins!!!!", "locations": [], "entities": {"persons": [], "locations": [], "organizations": []}, "highlightText": "", "language": "english", "persons": [], "text": " ", "external_links": [], "published": "2015-08-21T22:21:00.000+03:00", "crawled": "2015-08-22T00:54:16.882+03:00", "highlightTitle": ""}