{"organizations": [], "uuid": "8962b21c8720d2df592308b908ff66cc47451368", "thread": {"social": {"gplus": {"shares": 0}, "pinterest": {"shares": 0}, "vk": {"shares": 0}, "linkedin": {"shares": 0}, "facebook": {"likes": 0, "shares": 0, "comments": 0}, "stumbledupon": {"shares": 0}}, "site_full": "www.modernghana.com", "main_image": "http://img.modernghana.com/images/content/tastyt620x400.jpg", "site_section": "http://www.modernghana.com/rssfeed/news.xml?cat_id=1&gender=46", "section_title": "Business & Finance", "url": "http://www.modernghana.com/news/639021/1/tasty-tom-rewards-customers.html", "country": "US", "title": "Tasty Tom Rewards Customers", "performance_score": 0, "site": "modernghana.com", "participants_count": 0, "title_full": "Tasty Tom Rewards Customers", "spam_score": 0.0, "site_type": "news", "published": "2015-08-27T20:44:00.000+03:00", "replies_count": 0, "uuid": "8962b21c8720d2df592308b908ff66cc47451368"}, "author": "", "url": "http://www.modernghana.com/news/639021/1/tasty-tom-rewards-customers.html", "ord_in_thread": 0, "title": "Tasty Tom Rewards Customers", "locations": [], "entities": {"persons": [], "locations": [], "organizations": []}, "highlightText": "", "language": "english", "persons": [], "text": "  27 August 2015 18:44 CET Tasty Tom Rewards Customers By Daily Guide \nFrank Wilson, Tasty Tom Central Regional Sales Officer, presents a cheque for GH¢5,000 to Faustina Binney, a winner of the Tasty-Tom 'Ma Yente Wonka' Promo at Swedru \nMany people have won several prizes in the ongoing Tasty Tom Tomato Paste promotion in the Northern and Central Regions. \nSeveral home-makers and young self-employed women have also won cash from the premium tomato brand. \nThe Tasty Tom promo, known on the market as ' Ma yente wonka,' was launched two months ago to reward consumers for their loyalty. \nIt has offered a variety of exciting prizes redeemable instantly and digitally by phone. \nFaustina Binney, a 30-year-old chop bar operator at Agona Swedru, who won GH¢5,000, told reporters that she has never dreamt of ever touching that kind of money in her life, much less owning it. \nShe was full of praise for the management of Tasty-Tom Tomato Paste for the simplicity of the promotion and the credible manner in which it is being run. \nRegina Aidoo, a resident of Mamprobi, was elated when she opened a tin of Tasty Tom tomato paste and found that she had won GH¢10,000. \nAt Tamale, Apiphemai Allotey, a 36-year-old food vendor at Vittin Police Barrier, also won GH¢1,000. \nDinah Adu-Asare, Brand Manger of Tasty Tom Tomato Paste said, 'This promotion is based on our understanding of the importance of the Ghanaian family system and how Ghanaians generally like to stay connected to their loved ones. That's why the promo does not only reward our consumers for their loyalty but also helps them communicate and stay connected to those who matter to them.' \nConsumers win instantly if they text correctly to the shortcode 1942. \n'We are not only excited about this promotion because of its uniqueness and simplicity from other promotions in the category but also delighted about the life-changing testimonials from some of these winners,' said Ms Adu-Asare. \nThe Tasty Tom 'Ma Yente Wonka' promotion will run until the end of October. \nA Business Desk Report", "external_links": [], "published": "2015-08-27T20:44:00.000+03:00", "crawled": "2015-08-27T23:03:53.146+03:00", "highlightTitle": ""}