{"organizations": ["Earnings Review Citigroup Inc."], "uuid": "91fcaf7c57b7e074c6f9d75a30fc4bbffaeb5660", "thread": {"social": {"gplus": {"shares": 0}, "pinterest": {"shares": 0}, "vk": {"shares": 0}, "linkedin": {"shares": 0}, "facebook": {"likes": 0, "shares": 0, "comments": 0}, "stumbledupon": {"shares": 0}}, "site_full": "finance.yahoo.com", "main_image": "http://l2.yimg.com/bt/api/res/1.2/6rik6AZwuPGCiADf_9dhPQ--/YXBwaWQ9eW5ld3M7cT03NTt3PTYwMA--/http://l.yimg.com/os/mit/media/m/social/images/social_default_logo-1481777.png", "site_section": "http://finance.yahoo.com/rss/headline?s=C", "section_title": "Yahoo! Finance: C News", "url": "http://finance.yahoo.com/news/citi-third-quarter-2015-earnings-201500293.html", "country": "US", "title": "Citi Third Quarter 2015 Earnings Review", "performance_score": 0, "site": "yahoo.com", "participants_count": 0, "title_full": "Citi Third Quarter 2015 Earnings Review", "spam_score": 0.0, "site_type": "news", "published": "2015-08-20T23:15:00.000+03:00", "replies_count": 0, "uuid": "91fcaf7c57b7e074c6f9d75a30fc4bbffaeb5660"}, "author": "", "url": "http://finance.yahoo.com/news/citi-third-quarter-2015-earnings-201500293.html", "ord_in_thread": 0, "title": "Citi Third Quarter 2015 Earnings Review", "locations": [], "entities": {"persons": [], "locations": [], "organizations": []}, "highlightText": "", "language": "english", "persons": [], "text": "Citi Third Quarter 2015 Earnings Review Citigroup Inc. 1 hour ago  Done \nNEW YORK--(BUSINESS WIRE)-- \nCitigroup will issue its third quarter results via press release at approximately 8:00 AM (ET) on Thursday, October 15, 2015. At 11:00 AM (ET), results will be reviewed via live webcast and teleconference. \nThe press release, webcast and presentation materials will be available at www.citigroup.com/citi/investor . A replay and transcript of the webcast will be available shortly after the event. \nTo dial-in to the live teleconference, please call (866) 516-9582 (for U.S. and Canada callers) or (973) 409-9210 (for international callers). Conference ID: 18347205. A telephonic replay of the call will be available beginning approximately two hours after the event until Thursday, October 22, 2015 by calling (855) 859-2056 (for U.S. and Canada callers) or (404) 537-3406 (for international callers). Conference ID: 18347205. \nAbout Citi \nCiti, the leading global bank, has approximately 200 million customer accounts and does business in more than 160 countries and jurisdictions. Citi provides consumers, corporations, governments and institutions with a broad range of financial products and services, including consumer banking and credit, corporate and investment banking, securities brokerage, transaction services, and wealth management. \nAdditional information may be found at www.citigroup.com | Twitter: @Citi | YouTube: www.youtube.com/citi | Blog: http://new.citi.com | Facebook: www.facebook.com/citi | LinkedIn: www.linkedin.com/company/citi View source version on businesswire.com: http://www.businesswire.com/news/home/20150820006074/en/ Contact:", "external_links": [], "published": "2015-08-20T23:15:00.000+03:00", "crawled": "2015-08-21T00:38:57.871+03:00", "highlightTitle": ""}