{"organizations": [], "uuid": "37276578964ccb85fb8769e16134bd68c7508749", "thread": {"social": {"gplus": {"shares": 0}, "pinterest": {"shares": 0}, "vk": {"shares": 0}, "linkedin": {"shares": 0}, "facebook": {"likes": 0, "shares": 0, "comments": 0}, "stumbledupon": {"shares": 0}}, "site_full": "www.wsj.com", "main_image": "http://si.wsj.net/img/WSJ_Logo_black_social.gif", "site_section": "http://www.wsj.com/news/markets", "section_title": "Stock Market &amp; Finance News - Wall Street Journal", "url": "http://www.wsj.com/articles/fund-reaps-windfall-investing-in-etf-minefield-1440782578", "country": "US", "title": "Fund Reaps Windfall Investing in ETF ‘Minefield’", "performance_score": 0, "site": "wsj.com", "participants_count": 1, "title_full": "Fund Reaps Windfall Investing in ETF ‘Minefield’ - WSJ", "spam_score": 0.0, "site_type": "news", "published": "2015-08-28T21:22:00.000+03:00", "replies_count": 0, "uuid": "37276578964ccb85fb8769e16134bd68c7508749"}, "author": "Daisy Maxey", "url": "http://www.wsj.com/articles/fund-reaps-windfall-investing-in-etf-minefield-1440782578", "ord_in_thread": 0, "title": "Fund Reaps Windfall Investing in ETF ‘Minefield’", "locations": [], "entities": {"persons": [], "locations": [], "organizations": []}, "highlightText": "", "language": "english", "persons": [], "text": "A small mutual fund has returned 42% so far this year with an investment strategy involving exchange-traded funds that have been criticized in past years as a “minefield” for individual investors.\nDavid Miller, senior portfolio manager of the $141 million Catalyst Macro Strategy Fund, isn’t saying that these particular ETFs—which make leveraged bets on various indexes going up or down—are a great investment for individuals. Indeed,... To Read the Full Story, Subscribe or Sign In", "external_links": [], "published": "2015-08-28T21:22:00.000+03:00", "crawled": "2015-08-28T21:02:14.706+03:00", "highlightTitle": ""}