{"organizations": [], "uuid": "21245ee52f4beb6831d77e1145f7b47ac592eba8", "thread": {"social": {"gplus": {"shares": 0}, "pinterest": {"shares": 0}, "vk": {"shares": 0}, "linkedin": {"shares": 0}, "facebook": {"likes": 0, "shares": 0, "comments": 0}, "stumbledupon": {"shares": 0}}, "site_full": "www.wsj.com", "main_image": "http://si.wsj.net/public/resources/images/BN-JZ554_eumeta_G_20150825070144.jpg", "site_section": "http://www.wsj.com/news/markets", "section_title": "Stock Market &amp; Finance News - Wall Street Journal", "url": "http://www.wsj.com/articles/eu-probing-anticompetitive-behavior-in-precious-metals-spot-trading-1440501281", "country": "US", "title": "EU Probing ‘Anticompetitive Behavior in Precious Metals Spot Trading’", "performance_score": 0, "site": "wsj.com", "participants_count": 1, "title_full": "EU Probing ‘Anticompetitive Behavior in Precious Metals Spot Trading’ - WSJ", "spam_score": 0.0, "site_type": "news", "published": "2015-08-25T15:14:00.000+03:00", "replies_count": 0, "uuid": "21245ee52f4beb6831d77e1145f7b47ac592eba8"}, "author": "Gabriele Steinhauser", "url": "http://www.wsj.com/articles/eu-probing-anticompetitive-behavior-in-precious-metals-spot-trading-1440501281", "ord_in_thread": 0, "title": "EU Probing ‘Anticompetitive Behavior in Precious Metals Spot Trading’", "locations": [], "entities": {"persons": [], "locations": [], "organizations": []}, "highlightText": "", "language": "english", "persons": [], "text": "BRUSSELS—The European Union’s competition watchdog is investigating alleged “anticompetitive behavior in precious metals spot trading,” a spokesman said.\nThe spokesman for the European Commission, Ricardo Cardoso, declined to give more details on the probe.\nThe Wall Street Journal reported in February that U.S. officials are probing at... ", "external_links": [], "published": "2015-08-25T15:14:00.000+03:00", "crawled": "2015-08-25T14:36:08.922+03:00", "highlightTitle": ""}