{"organizations": ["IBM"], "uuid": "ea89021d97354db9ed9b4cc56bc011688d12bb8b", "thread": {"social": {"gplus": {"shares": 0}, "pinterest": {"shares": 0}, "vk": {"shares": 0}, "linkedin": {"shares": 0}, "facebook": {"likes": 0, "shares": 0, "comments": 0}, "stumbledupon": {"shares": 0}}, "site_full": "raffimax.tradepub.com", "main_image": "http://img.tradepub.com/free/w_ibmc1125/images/w_ibmc1125c8w.jpg", "site_section": "http://cts.tradepub.com/cts4/?ptnr=raffimax&tm=rss_Fi", "section_title": "Free Finance Magazines and Downloads from raffimax.tradepub.com", "url": "http://raffimax.tradepub.com/c/pubRD.mpl?sr=rss&_t=rss&qf=w_ibmc1125", "country": "US", "title": "Using Analytics and Collaboration to Improve Healthcare Quality and Outcomes", "performance_score": 0, "site": "tradepub.com", "participants_count": 0, "title_full": "Using Analytics and Collaboration to Improve Healthcare Quality and Outcomes", "spam_score": 0.0, "site_type": "news", "published": "2015-08-03T10:00:00.000+03:00", "replies_count": 0, "uuid": "ea89021d97354db9ed9b4cc56bc011688d12bb8b"}, "author": "", "url": "http://raffimax.tradepub.com/c/pubRD.mpl?sr=rss&_t=rss&qf=w_ibmc1125", "ord_in_thread": 0, "title": "Using Analytics and Collaboration to Improve Healthcare Quality and Outcomes", "locations": [], "entities": {"persons": [], "locations": [], "organizations": []}, "highlightText": "", "language": "english", "persons": [], "text": "IBM and its affiliates may use the information you have provided to keep you informed about IBM products, services and offerings. by e-mail. by telephone. by postal mail. By submitting this form I agree that IBM may process my data in the manner indicated above and as described in IBM's Privacy statement.  ", "external_links": [], "published": "2015-08-03T10:00:00.000+03:00", "crawled": "2015-08-04T21:05:26.436+03:00", "highlightTitle": ""}