{"organizations": [], "uuid": "dc3917cfd3ae4444f3e67910d2ba6ec152aa0e4d", "thread": {"social": {"gplus": {"shares": 0}, "pinterest": {"shares": 0}, "vk": {"shares": 0}, "linkedin": {"shares": 0}, "facebook": {"likes": 0, "shares": 0, "comments": 0}, "stumbledupon": {"shares": 0}}, "site_full": "www.afr.com", "main_image": "http://www.afr.com/content/dam/images/g/j/2/n/b/k/image.related.afrArticleLead.620x365.gjbnu2.png/1441012907195.jpg", "site_section": "http://www.afr.com/personal-finance", "section_title": "Personal Finance News | afr.com", "url": "http://www.afr.com/personal-finance/shares/price-slump-tears-at-santos-20150831-gjbnu2", "country": "AU", "title": "Price slump tears at Santos", "performance_score": 0, "site": "afr.com", "participants_count": 1, "title_full": "Price slump tears at Santos | afr.com", "spam_score": 0.0, "site_type": "news", "published": "2015-08-31T17:21:00.000+03:00", "replies_count": 0, "uuid": "dc3917cfd3ae4444f3e67910d2ba6ec152aa0e4d"}, "author": "Trevor Hoey", "url": "http://www.afr.com/personal-finance/shares/price-slump-tears-at-santos-20150831-gjbnu2", "ord_in_thread": 0, "title": "Price slump tears at Santos", "locations": [], "entities": {"persons": [], "locations": [], "organizations": []}, "highlightText": "", "language": "english", "persons": [], "text": "Santos can continue to maintain investment-grade credit rating so long as oil is more than $US60 per barrel Glenn Hunt by Trevor Hoey The situation couldn't look more grim at Santos as the oil and gas producer struggles to find operational answers to macro problems and determine strategies that will restore shareholder value.\nAfter the market rout Santos' shares traded as low as $4.71 last week, a decline of nearly 70 per cent from its 12-month high of $15.28. As part of the overhaul chief executive David Knox will be stepping down from the role.\nThe group's board is looking to conduct a full strategic review, examining all options to restore and maximise shareholder value. This will be a complex issue as outlined by Dale Koenders​ from Citi.\nThat said, he is of the view Santos can continue to maintain investment-grade credit rating so long as oil is more than $US60 per barrel, the average trading range between February and June.\nBalance sheet a priority In his words, fixing sentiment towards the balance sheet is now a priority with the expectation of non-producing asset sales, infrastructure sale and leasebacks, derisking the GLNG project and instigating a rights issue as a backstop option to reduce gearing to a sustainable level.\nMr Koenders is of the view redundancies will deliver cost savings in the vicinity of $70 million a year on a forward basis. On a more positive note, he highlighted the GLNG project is only weeks away from starting up, effectively derisking Santos becoming cash flow positive in calendar year 2015, provided the oil price is about $US50 per barrel.\nTo provide an indication of how analysts view the stock it is worth examining current price targets set by Citi ($9.86), Deutsche Bank ($10.10) and UBS ($7.00).\n All three brokers maintained their buy recommendations following the interim result, but the company is now heavily reliant on a recovery in the oil price.\nTrevor Hoey", "external_links": [], "published": "2015-08-31T17:21:00.000+03:00", "crawled": "2015-08-31T15:00:38.579+03:00", "highlightTitle": ""}