{"organizations": [], "uuid": "034cd411ac7b78e7746b36d367f1f6defefb0d0d", "thread": {"social": {"gplus": {"shares": 0}, "pinterest": {"shares": 0}, "vk": {"shares": 0}, "linkedin": {"shares": 0}, "facebook": {"likes": 0, "shares": 0, "comments": 0}, "stumbledupon": {"shares": 0}}, "site_full": "www.telegraph.co.uk", "main_image": "http://i.telegraph.co.uk/multimedia/archive/02786/shopping_2786549k.jpg", "site_section": "http://www.telegraph.co.uk/newsfeed/rss/money_city.xml", "section_title": "Finance - Business news and market updates - Telegraph", "url": "http://www.telegraph.co.uk/finance/economics/11825173/Three-signs-the-British-economy-is-recovering-nicely.html", "country": "CH", "title": "Three signs the British economy is recovering nicely", "performance_score": 0, "site": "telegraph.co.uk", "participants_count": 1, "title_full": "Three signs the British economy is recovering nicely", "spam_score": 0.0, "site_type": "news", "published": "2015-08-26T16:33:00.000+03:00", "replies_count": 0, "uuid": "034cd411ac7b78e7746b36d367f1f6defefb0d0d"}, "author": "Szu Ping Chan", "url": "http://www.telegraph.co.uk/finance/economics/11825173/Three-signs-the-British-economy-is-recovering-nicely.html", "ord_in_thread": 0, "title": "Three signs the British economy is recovering nicely", "locations": [], "entities": {"persons": [], "locations": [], "organizations": []}, "highlightText": "", "language": "english", "persons": [], "text": "Three signs the British economy is recovering nicely Retail sales are rising, bonuses are growing - but not for bankers - and companies are hiring more staff Strong demand for summer clothing helped to drive up sales in August Photo: PA By Szu Ping Chan", "external_links": [], "published": "2015-08-26T16:33:00.000+03:00", "crawled": "2015-08-26T16:54:29.932+03:00", "highlightTitle": ""}