{"organizations": [], "uuid": "1545b521371add4e287dbc120a1a7a92e5ab0e46", "thread": {"social": {"gplus": {"shares": 0}, "pinterest": {"shares": 0}, "vk": {"shares": 0}, "linkedin": {"shares": 0}, "facebook": {"likes": 0, "shares": 0, "comments": 0}, "stumbledupon": {"shares": 0}}, "site_full": "www.wsj.com", "main_image": "http://si.wsj.net/public/resources/images/BN-JY833_EXIMSA_G_20150823181416.jpg", "site_section": "http://www.wsj.com/news/business", "section_title": "Business &amp; Finance News - Wall Street Journal", "url": "http://www.wsj.com/articles/boeing-to-lay-off-hundreds-of-workers-at-satellite-business-1440464675", "country": "US", "title": "Boeing to Lay Off Hundreds of Workers at Satellite Business", "performance_score": 0, "site": "wsj.com", "participants_count": 1, "title_full": "Boeing to Lay Off Hundreds of Workers at Satellite Business - WSJ", "spam_score": 0.0, "site_type": "news", "published": "2015-08-25T05:20:00.000+03:00", "replies_count": 0, "uuid": "1545b521371add4e287dbc120a1a7a92e5ab0e46"}, "author": "Jon Ostrower", "url": "http://www.wsj.com/articles/boeing-to-lay-off-hundreds-of-workers-at-satellite-business-1440464675", "ord_in_thread": 0, "title": "Boeing to Lay Off Hundreds of Workers at Satellite Business", "locations": [], "entities": {"persons": [], "locations": [], "organizations": []}, "highlightText": "", "language": "english", "persons": [], "text": "Boeing Co. said Monday it had started issuing notices for what could be hundreds of layoffs at its satellite business, a move it blamed partly on the stalled reauthorization of the U.S. Export-Import Bank, which supports many of its sales.\nThe aerospace giant expects to lay off “several hundred” workers over the coming months and into early 2016, a company spokesman said. Boeing last week confirmed it had lost a satellite deal from... ", "external_links": [], "published": "2015-08-25T05:20:00.000+03:00", "crawled": "2015-08-25T05:46:02.832+03:00", "highlightTitle": ""}