{"organizations": [], "uuid": "bd7d67dd134d1020ed2efae1aa45b676b2df8129", "thread": {"social": {"gplus": {"shares": 0}, "pinterest": {"shares": 0}, "vk": {"shares": 0}, "linkedin": {"shares": 0}, "facebook": {"likes": 0, "shares": 0, "comments": 0}, "stumbledupon": {"shares": 0}}, "site_full": "www.reuters.com", "main_image": "", "site_section": "http://www.reuters.com/finance/personal-finance", "section_title": "Wealth, Personal Finance &amp; Money | Reuters.com", "url": "http://www.reuters.com/article/2015/08/28/cushmanandwakefield-ma-dtz-eu-idUSL5N1132HD20150828", "country": "US", "title": "EU clears DTZ's purchase of Cushman & Wakefield", "performance_score": 0, "site": "reuters.com", "participants_count": 1, "title_full": "EU clears DTZ's purchase of Cushman & Wakefield | Reuters", "spam_score": 0.0, "site_type": "news", "published": "2015-08-28T14:24:00.000+03:00", "replies_count": 0, "uuid": "bd7d67dd134d1020ed2efae1aa45b676b2df8129"}, "author": "Reuters", "url": "http://www.reuters.com/article/2015/08/28/cushmanandwakefield-ma-dtz-eu-idUSL5N1132HD20150828", "ord_in_thread": 0, "title": "EU clears DTZ's purchase of Cushman & Wakefield", "locations": [], "entities": {"persons": [], "locations": [], "organizations": []}, "highlightText": "", "language": "english", "persons": [], "text": "BRUSSELS Aug 28 The European Commission said on Friday it had approved DTZ's planned purchase of peer Cushman & Wakefield Inc for an estimated $2 billion to create one of the world's largest real estate services companies.\nThe combined group, which will have more than $5.5 billion in annual revenue and 250 offices in more than 50 countries, will retain the Cushman & Wakefield name.\n\"The Commission concluded that the proposed acquisition would raise no competition concerns, because of the companies' low combined market shares and the presence of a number of strong competitors,\" the Commission said in a statement.\nDTZ is the commercial real estate services company backed by private equity firm TPG\nItalian holding company Exor controls Cushman & Wakefield. (Reporting By Philip Blenkinsop)", "external_links": [], "published": "2015-08-28T14:24:00.000+03:00", "crawled": "2015-08-28T13:29:14.780+03:00", "highlightTitle": ""}