{"organizations": [], "uuid": "aa1b80de520da61ee02477ec8100d7dd2a5e9825", "thread": {"social": {"gplus": {"shares": 0}, "pinterest": {"shares": 0}, "vk": {"shares": 0}, "linkedin": {"shares": 0}, "facebook": {"likes": 0, "shares": 0, "comments": 0}, "stumbledupon": {"shares": 0}}, "site_full": "www.menafn.com", "main_image": "http://menafn.com/images/shared/menafnlogo_sm.gif", "site_section": "http://www.menafn.com/rss/menafn_Business_Finance.xml", "section_title": "MENAFN.com Business/Finance", "url": "http://www.menafn.com/1094323676/China-affects-47-percent-of-British-manufacturers?src=RSS", "country": "US", "title": "China affects 47 percent of British manufacturers", "performance_score": 0, "site": "menafn.com", "participants_count": 1, "title_full": "China affects 47 percent of British manufacturers | MENAFN.COM", "spam_score": 0.0, "site_type": "news", "published": "2015-08-30T03:00:00.000+03:00", "replies_count": 0, "uuid": "aa1b80de520da61ee02477ec8100d7dd2a5e9825"}, "author": "", "url": "http://www.menafn.com/1094323676/China-affects-47-percent-of-British-manufacturers?src=RSS", "ord_in_thread": 0, "title": "China affects 47 percent of British manufacturers", "locations": [], "entities": {"persons": [], "locations": [], "organizations": []}, "highlightText": "", "language": "english", "persons": [], "text": "(MENAFN) Almost 47 percent of British manufacturers are worried by the possibility of a severe slowdown in China's economy and one in ten is revising its business strategies.\n\nBig manufacturing firms were most likely to be looking at their business plans to take into account different scenarios, although UK factories send only a small proportion of their goods to Chinese customers.\n\nThe most directly exposed manufacturing divisions were road vehicles, which account for 16 percent of exports to China, followed by metal working machinery and leather goods.\n\nManufacturing has been one of the weak spots of Britain's strong economic recovery this year. Reports show that manufacturing output fell 0.3 percent in the second quarter as the economy expanded 0.7 percent in general.", "external_links": [], "published": "2015-08-30T03:00:00.000+03:00", "crawled": "2015-08-31T00:43:04.422+03:00", "highlightTitle": ""}