{"organizations": [], "uuid": "df0334a0900dcc1aa0439c7574c86c94252a783a", "thread": {"social": {"gplus": {"shares": 0}, "pinterest": {"shares": 0}, "vk": {"shares": 0}, "linkedin": {"shares": 0}, "facebook": {"likes": 0, "shares": 0, "comments": 0}, "stumbledupon": {"shares": 0}}, "site_full": "www.financialexpress.com", "main_image": "http://www.financialexpress.com/wp-content/uploads/2015/05/barclays-Re-S.jpg", "site_section": "http://www.financialexpress.com/", "section_title": "The Financial Express | India News Today,Latest National News,Stock Market Today,SENSEX NIFTY,NSE BSE India,Finance News,Business News", "url": "http://www.financialexpress.com/article/markets/world-markets/barclays-trims-december-nifty-target-to-9642/128168", "country": "IE", "title": "Barclays trims December Nifty target to 9,642", "performance_score": 0, "site": "financialexpress.com", "participants_count": 1, "title_full": "Barclays trims December Nifty target to 9,642 | The Financial Express", "spam_score": 0.0, "site_type": "news", "published": "2015-09-01T00:05:00.000+03:00", "replies_count": 0, "uuid": "df0334a0900dcc1aa0439c7574c86c94252a783a"}, "author": "financialexpress.com", "url": "http://www.financialexpress.com/article/markets/world-markets/barclays-trims-december-nifty-target-to-9642/128168", "ord_in_thread": 0, "title": "Barclays trims December Nifty target to 9,642", "locations": [], "entities": {"persons": [], "locations": [], "organizations": []}, "highlightText": "", "language": "english", "persons": [], "text": "British brokerage Barclays has trimmed its year-end Nifty target to 9,642 from 10,219 on account of continued “underwhelming” trend in overall corporate earnings.\nAccording to Barclays latest report, Indian earnings have now remained stuck in single-digit growth territory for the past three years.\nWhile, the firm expects an earnings bounce back in the second half of the current financial year in sectors like consumer, financial, healthcare and capital goods, it said, “the postponement in earnings recovery leads us to reduce our 12-month forward Nifty index target to 9,642 from 10,219″.\nBarclays noted that, while earnings performance of India Inc for the first quarter of 2015-16 “was by and large weak, on account of a weaker-than-expected demand recovery”, there were signs of improvement in demand in a few sub-sectors in the consumption and industrial sectors.\nAs per the report, the bounce back in earnings is underpinned by an expectation of better fiscal policy in terms of higher capital expenditure by the government and also an improvement in consumption as lower oil prices trickle down to consumers.\nMeanwhile, Barclays also said that its expectations from the monetary policy is muted.\n“Our economists look for a 25 bps rate cut before March 2016 and FY16 average consumer price index (CPI) of 5 per cent,” it added.\n 31, 2015 4:05 pm", "external_links": [], "published": "2015-09-01T00:05:00.000+03:00", "crawled": "2015-08-31T22:12:21.686+03:00", "highlightTitle": ""}