{"organizations": [], "uuid": "7793ea3e56c5a1b6fa9a389894c2e68b8e1285fa", "thread": {"social": {"gplus": {"shares": 0}, "pinterest": {"shares": 0}, "vk": {"shares": 0}, "linkedin": {"shares": 0}, "facebook": {"likes": 0, "shares": 0, "comments": 0}, "stumbledupon": {"shares": 0}}, "site_full": "www.menafn.com", "main_image": "http://menafn.com/images/shared/menafnlogo_sm.gif", "site_section": "http://www.menafn.com/rss/menafn_Business_Finance.xml", "section_title": "MENAFN.com Business/Finance", "url": "http://www.menafn.com/1094320148/Sydneys-brick-homes-sold-for-USD15m-due-to-property-boom?src=RSS", "country": "US", "title": "Sydney's brick homes sold for USD15m due to property boom", "performance_score": 0, "site": "menafn.com", "participants_count": 1, "title_full": "Sydney's brick homes sold for USD15m due to property boom | MENAFN.COM", "spam_score": 0.0, "site_type": "news", "published": "2015-08-26T03:00:00.000+03:00", "replies_count": 0, "uuid": "7793ea3e56c5a1b6fa9a389894c2e68b8e1285fa"}, "author": "", "url": "http://www.menafn.com/1094320148/Sydneys-brick-homes-sold-for-USD15m-due-to-property-boom?src=RSS", "ord_in_thread": 0, "title": "Sydney's brick homes sold for USD15m due to property boom", "locations": [], "entities": {"persons": [], "locations": [], "organizations": []}, "highlightText": "", "language": "english", "persons": [], "text": "(MENAFN) Due to a surge in Sydney house prices and an acute housing shortage, homeowners started offering their houses as a development block for apartments, like the five suburban brick homes sold for a record USD15 million.\n\nDevelopers such as Stockland and Mirvac are also reaping the rewards, boosting profits as new apartments are snapped up, and it's worth mentioning that they need at least 4,000 sq. meters of land for an apartment building.\n\nSydney's population of 4.5 million people already spreads over 1,600 square km, twice the size of New York City, thus urban planners say higher density living is key to providing sufficient housing.\n\nApprovals for multi-unit projects nationally increased 28 percent in 2014 to record highs, raising hopes that the extra supply will help reduce potentially dangerous house price rises.", "external_links": [], "published": "2015-08-26T03:00:00.000+03:00", "crawled": "2015-08-26T17:45:39.943+03:00", "highlightTitle": ""}