{"organizations": [], "uuid": "9ab88a2ac8616187337f634966b0b54d4ae54c95", "thread": {"social": {"gplus": {"shares": 0}, "pinterest": {"shares": 0}, "vk": {"shares": 0}, "linkedin": {"shares": 0}, "facebook": {"likes": 0, "shares": 0, "comments": 0}, "stumbledupon": {"shares": 0}}, "site_full": "www.reuters.com", "main_image": "", "site_section": "http://www.reuters.com/finance/personal-finance", "section_title": "Wealth, Personal Finance &amp; Money | Reuters.com", "url": "http://www.reuters.com/article/2015/08/27/amer-intl-group-trial-coventry-first-idUSL1N1112NE20150827", "country": "US", "title": "AIG seeking $1.76 bln in 'life settlements' trial in New York", "performance_score": 0, "site": "reuters.com", "participants_count": 1, "title_full": "AIG seeking $1.76 bln in 'life settlements' trial in New York | Reuters", "spam_score": 0.0, "site_type": "news", "published": "2015-08-27T22:13:00.000+03:00", "replies_count": 0, "uuid": "9ab88a2ac8616187337f634966b0b54d4ae54c95"}, "author": "Joseph Ax", "url": "http://www.reuters.com/article/2015/08/27/amer-intl-group-trial-coventry-first-idUSL1N1112NE20150827", "ord_in_thread": 0, "title": "AIG seeking $1.76 bln in 'life settlements' trial in New York", "locations": [], "entities": {"persons": [], "locations": [], "organizations": []}, "highlightText": "", "language": "english", "persons": [], "text": "NEW YORK Aug 26 An American International Group Inc unit on Thursday asked a federal judge to order a Pennsylvania firm to pay it $1.76 billion in damages for allegedly overcharging for life insurance policies acquired from elderly individuals.\nAt the outset of a trial in Manhattan federal court, a lawyer for AIG's Lavastone Capital accused Coventry First of artificially inflating the price of about 300 such policies, known as \"life settlements,\" and using a network of subsidiaries to conceal the markups.\n\"This is a racketeering scheme so audacious it would make the mob blush,\" Randy Mastro said in his opening statement.\nBut Heidi Hubbard, a lawyer for Coventry, said AIG had been aware that Coventry was selling certain policies at a gain and never objected.\n\"There is no fraud if the people handling this business on a day-to-day basis understand and accept the practice that AIG is now challenging,\" she said.\nInvestors who acquire the policies on the secondary market pay the premiums and then collect the payout when the individuals die.\nCoventry, founded by Philadelphia philanthropist Alan Buerger, is the \"leader and creator\" of the life settlement industry, according to its website.\nAIG bought nearly 7,000 life settlements from Coventry with a total face value of $20 billion.\nCoventry caused Lavastone to pay more than $150 million in hidden markups and fee overcharges, including broker's fees it did not incur, Mastro said.\nBut Hubbard said Coventry had a \"reasonable belief\" that its agreement with AIG did not preclude it from acquiring some policies and then selling them to AIG at a profit, and that AIG executives understood that.\nAIG said it is already entitled to more than $250 million in damages, including interest, based on pretrial rulings from Rakoff that found Coventry liable on certain breach of contract claims.\nAIG is also seeking to have Coventry disgorge all of the fees it collected, including legitimate payments for undisputed policies, as well as to impose triple damages under the civil racketeering statute.\nAIG stopped acquiring life settlements in 2011, although it continues to hold about 5,000 policies, regulatory filings show.\nU.S. District Judge Jed Rakoff is overseeing the trial without a jury.\nThe case is Lavastone Capital LLC v. Coventry First LLC et al., U.S. District Court for the Southern District of New York, No. 14-7139. (Reporting by Joseph Ax; Editing by Richard Chang )", "external_links": [], "published": "2015-08-27T22:13:00.000+03:00", "crawled": "2015-08-27T21:28:55.143+03:00", "highlightTitle": ""}