{"organizations": [], "uuid": "bd7bc33827010eb66624e0028634e3226c71af88", "thread": {"social": {"gplus": {"shares": 0}, "pinterest": {"shares": 0}, "vk": {"shares": 0}, "linkedin": {"shares": 0}, "facebook": {"likes": 0, "shares": 0, "comments": 0}, "stumbledupon": {"shares": 0}}, "site_full": "www.wsj.com", "main_image": "http://si.wsj.net/public/resources/images/BN-JZ316_CRM_we_G_20150824173141.jpg", "site_section": "http://www.wsj.com/news/business", "section_title": "Business &amp; Finance News - Wall Street Journal", "url": "http://www.wsj.com/articles/salesforce-com-unveils-software-for-wealth-management-advisers-1440504000", "country": "US", "title": "Salesforce.com Unveils Software for Wealth-Management Advisers", "performance_score": 1, "site": "wsj.com", "participants_count": 1, "title_full": "Salesforce.com Unveils Software for Wealth-Management Advisers - WSJ", "spam_score": 0.0, "site_type": "news", "published": "2015-08-25T16:00:00.000+03:00", "replies_count": 0, "uuid": "bd7bc33827010eb66624e0028634e3226c71af88"}, "author": "Shira Ovide", "url": "http://www.wsj.com/articles/salesforce-com-unveils-software-for-wealth-management-advisers-1440504000", "ord_in_thread": 0, "title": "Salesforce.com Unveils Software for Wealth-Management Advisers", "locations": [], "entities": {"persons": [], "locations": [], "organizations": []}, "highlightText": "", "language": "english", "persons": [], "text": "How does a business software company keep growing after it has pushed into a wide swath of offices with general-purpose tools? Go vertical.\nSalesforce.com Inc., which makes software used by salespeople to keep tabs on clients and prospects, on Tuesday announced a variant of its sales-management tools tailored for a specific industry: wealth management.\nIn the past, Salesforce has expanded from sales into other horizontal... ", "external_links": [], "published": "2015-08-25T16:00:00.000+03:00", "crawled": "2015-08-25T15:37:30.343+03:00", "highlightTitle": ""}