{"organizations": [], "uuid": "6f98cf073af1027183133db663d976e92424620f", "thread": {"social": {"gplus": {"shares": 0}, "pinterest": {"shares": 0}, "vk": {"shares": 0}, "linkedin": {"shares": 0}, "facebook": {"likes": 0, "shares": 0, "comments": 0}, "stumbledupon": {"shares": 0}}, "site_full": "www.reuters.com", "main_image": "", "site_section": "http://www.reuters.com/finance/personal-finance", "section_title": "Wealth, Personal Finance &amp; Money | Reuters.com", "url": "http://www.reuters.com/article/2015/08/29/usa-fed-fischer-idUSW1N10U02Z20150829", "country": "US", "title": "'Good reason to believe' U.S. inflation will rise -Fed's Fischer", "performance_score": 0, "site": "reuters.com", "participants_count": 1, "title_full": "'Good reason to believe' U.S. inflation will rise -Fed's Fischer | Reuters", "spam_score": 0.0, "site_type": "news", "published": "2015-08-29T20:25:00.000+03:00", "replies_count": 0, "uuid": "6f98cf073af1027183133db663d976e92424620f"}, "author": "Reuters", "url": "http://www.reuters.com/article/2015/08/29/usa-fed-fischer-idUSW1N10U02Z20150829", "ord_in_thread": 0, "title": "'Good reason to believe' U.S. inflation will rise -Fed's Fischer", "locations": [], "entities": {"persons": [], "locations": [], "organizations": []}, "highlightText": "", "language": "english", "persons": [], "text": "JACKSON HOLE, Wyo. Aug 29 U.S. inflation will likely rise as the dollar and other influences fade, and the Federal Reserve can probably raise rates gradually, Vice Chairman Stanley Fischer said on Saturday.\n\"Given the apparent stability of inflation expectations, there is good reason to believe that inflation will move higher as the forces holding down inflation dissipate further,\" he told a central bankers' conference in Jackson Hole, Wyoming.\n\"With inflation low, we can probably remove accommodation at a gradual pace,\" he added. \"Yet, because monetary policy influences real activity with a substantial lag, we should not wait until inflation is back to 2 percent to begin tightening.\" (Reporting by Jonathan Spicer and Howard Schneider ; Editing by Andrea Ricci )", "external_links": [], "published": "2015-08-29T20:25:00.000+03:00", "crawled": "2015-08-29T19:33:48.374+03:00", "highlightTitle": ""}