{"organizations": [], "uuid": "9f8264aad0d6cf7c530a0b222776d130afeecdc5", "thread": {"social": {"gplus": {"shares": 0}, "pinterest": {"shares": 0}, "vk": {"shares": 0}, "linkedin": {"shares": 0}, "facebook": {"likes": 0, "shares": 0, "comments": 0}, "stumbledupon": {"shares": 0}}, "site_full": "allafrica.com", "main_image": "http://allafrica.com/static/images/structure/aa-logo-rgba-no-text-128x128.png", "site_section": "http://allafrica.com/tools/headlines/rdf/business/headlines.rdf", "section_title": "AllAfrica News: Economy, Business and Finance", "url": "http://allafrica.com/stories/201508260751.html", "country": "US", "title": "Algeria: Cereal Production Hits 40 Million Quintals in 2015", "performance_score": 0, "site": "allafrica.com", "participants_count": 0, "title_full": "Algeria: Cereal Production Hits 40 Million Quintals in 2015", "spam_score": 0.0, "site_type": "news", "published": "2015-08-26T12:43:00.000+03:00", "replies_count": 0, "uuid": "9f8264aad0d6cf7c530a0b222776d130afeecdc5"}, "author": "", "url": "http://allafrica.com/stories/201508260751.html", "ord_in_thread": 0, "title": "Algeria: Cereal Production Hits 40 Million Quintals in 2015", "locations": ["Algeria"], "entities": {"persons": [], "locations": [], "organizations": []}, "highlightText": "", "language": "english", "persons": [], "text": "Public authorities seek to progressively increase cereal production up to 70 million quintals by 2019, especially through the expansion of irrigated areas, the use of fertilizers and high quality seeds, and mechanization. Algeria \nAlgerian authorities should release or try within a reasonable time in a fair and open trial a pro-Amazigh activist, … see more » Copyright © 2015 Algerie Presse Service. All rights reserved. Distributed by AllAfrica Global Media ( allAfrica.com ). To contact the copyright holder directly for corrections — or for permission to republish or make other authorized use of this material, click here. AllAfrica publishes around 2,000 reports a day from more than 130 news organizations and over 200 other institutions and individuals , representing a diversity of positions on every topic. We publish news and views ranging from vigorous opponents of governments to government publications and spokespersons. Publishers named above each report are responsible for their own content, which AllAfrica does not have the legal right to edit or correct. Articles and commentaries that identify allAfrica.com as the publisher are produced or commissioned by AllAfrica . To address comments or complaints, please Contact us .", "external_links": [], "published": "2015-08-26T12:43:00.000+03:00", "crawled": "2015-08-26T15:31:59.646+03:00", "highlightTitle": ""}