{"organizations": [], "uuid": "a9ebb29a694f5daa094042e1deebdee59412f141", "thread": {"social": {"gplus": {"shares": 0}, "pinterest": {"shares": 0}, "vk": {"shares": 0}, "linkedin": {"shares": 0}, "facebook": {"likes": 0, "shares": 0, "comments": 0}, "stumbledupon": {"shares": 0}}, "site_full": "www.menafn.com", "main_image": "http://menafn.com/images/shared/menafnlogo_sm.gif", "site_section": "http://www.menafn.com/rss/menafn_Business_Finance.xml", "section_title": "MENAFN.com Business/Finance", "url": "http://www.menafn.com/1094319924/DSM-to-lay-off-1100-employees?src=RSS", "country": "US", "title": "DSM to lay off 1,100 employees", "performance_score": 0, "site": "menafn.com", "participants_count": 1, "title_full": "DSM to lay off 1,100 employees | MENAFN.COM", "spam_score": 0.0, "site_type": "news", "published": "2015-08-26T03:00:00.000+03:00", "replies_count": 0, "uuid": "a9ebb29a694f5daa094042e1deebdee59412f141"}, "author": "", "url": "http://www.menafn.com/1094319924/DSM-to-lay-off-1100-employees?src=RSS", "ord_in_thread": 0, "title": "DSM to lay off 1,100 employees", "locations": [], "entities": {"persons": [], "locations": [], "organizations": []}, "highlightText": "", "language": "english", "persons": [], "text": "(MENAFN) Dutch nutritional supplements and Chemicals Company Royal DSM is planning to cut nearly 1,100 jobs on a worldwide scale, as part of a broad overhaul.\n\nThe benefit with the reorganization lies with streamlining business support functions and eliminating duplication of jobs, eventually this move will cut costs by USD173 million by the end of 2017.\n\n\"About half of the job cuts will be in the Netherlands, thus we will become more agile, focused and cost-efficient,\" said Chief Executive Officer with the changes.", "external_links": [], "published": "2015-08-26T03:00:00.000+03:00", "crawled": "2015-08-26T17:50:29.765+03:00", "highlightTitle": ""}