{"organizations": [], "uuid": "3080923d27cbcf2a851937397ea76d627fd563bf", "thread": {"social": {"gplus": {"shares": 0}, "pinterest": {"shares": 0}, "vk": {"shares": 0}, "linkedin": {"shares": 0}, "facebook": {"likes": 0, "shares": 0, "comments": 0}, "stumbledupon": {"shares": 0}}, "site_full": "au.finance.yahoo.com", "main_image": "https://s.yimg.com/bt/api/res/1.2/6rik6AZwuPGCiADf_9dhPQ--/YXBwaWQ9eW5ld3M7cT03NTt3PTYwMA--/http://l.yimg.com/os/mit/media/m/social/images/social_default_logo-1481777.png", "site_section": "https://au.finance.yahoo.com/news/topic-top-stories/?format=rss", "section_title": "Australian Business & World Finance News - Yahoo!7 Finance", "url": "https://au.finance.yahoo.com/news/rivers-stores-drag-specialty-red-230708717.html", "country": "GB", "title": "Rivers stores drag Specialty into the red", "performance_score": 0, "site": "yahoo.com", "participants_count": 0, "title_full": "Rivers stores drag Specialty into the red", "spam_score": 0.0, "site_type": "news", "published": "2015-08-25T02:07:00.000+03:00", "replies_count": 0, "uuid": "3080923d27cbcf2a851937397ea76d627fd563bf"}, "author": "", "url": "https://au.finance.yahoo.com/news/rivers-stores-drag-specialty-red-230708717.html", "ord_in_thread": 0, "title": "Rivers stores drag Specialty into the red", "locations": ["Australia"], "entities": {"persons": [], "locations": [], "organizations": []}, "highlightText": "", "language": "english", "persons": [], "text": "Tue, Aug 25, 2015, 9:16 AM AEST - Australia Markets open in 44 mins. Rivers stores drag Specialty into the red AAP – 8 minutes ago Print \nSpecialty Fashion Group has reported a full year loss of $4.5 million after being dragged into the red by its Rivers stores. \nEarnings before interest, tax, depreciation and amortisation declined 48 per cent to $20.3 million as Specialty, which also owns Katies, Millers and City Chic, took a $21.6 million loss from Rivers due to aggressive discounting as it clears the way for new products. \nThe company reported a net profit of $12.5 million last year. \nSpecialty did not declare a final dividend and said returning Rivers, which it acquired in 2013, to profitability remained a priority. @y7finance on Twitter, become a fan on Facebook AAP \nMining giant BHP Billiton's annual earnings are expected to have been halved by plunging commodity prices. Underlying … Terms \nQuotes are real-time for NASDAQ, NYSE, and NYSEAmex when available. See also delay times for other exchanges . Quotes and other information supplied by independent providers identified on the Yahoo! Finance partner page . Quotes are updated automatically, but will be turned off after 25 minutes of inactivity. Quotes are delayed at least 15 minutes. All information provided \"as is\" for informational purposes only, not intended for trading purposes or advice. Neither Yahoo! nor any of independent providers is liable for any informational errors, incompleteness, or delays, or for any actions taken in reliance on information contained herein. By accessing the Yahoo! site, you agree not to redistribute the information found therein. \nFundamental company data provided by Capital IQ . Historical chart data and daily updates provided by Commodity Systems, Inc. (CSI) . International historical chart data and daily updates provided by Morningstar, Inc . Yahoo7 News Network", "external_links": [], "published": "2015-08-25T02:07:00.000+03:00", "crawled": "2015-08-25T02:19:32.123+03:00", "highlightTitle": ""}