{"organizations": [], "uuid": "123c589d1ba51d4cfe36ec6094469430dbe20cfa", "thread": {"social": {"gplus": {"shares": 0}, "pinterest": {"shares": 0}, "vk": {"shares": 0}, "linkedin": {"shares": 0}, "facebook": {"likes": 0, "shares": 0, "comments": 0}, "stumbledupon": {"shares": 0}}, "site_full": "raffimax.tradepub.com", "main_image": "http://img.tradepub.com/free/w_lifb24/images/w_lifb24c8w.jpg", "site_section": "http://cts.tradepub.com/cts4/?ptnr=raffimax&tm=rss_Fi", "section_title": "Free Finance Magazines and Downloads from raffimax.tradepub.com", "url": "http://raffimax.tradepub.com/c/pubRD.mpl?sr=rss&_t=rss&qf=w_lifb24", "country": "US", "title": "8 Ways to Evaluate Identity Theft Protection Providers", "performance_score": 0, "site": "tradepub.com", "participants_count": 0, "title_full": "8 Ways to Evaluate Identity Theft Protection Providers", "spam_score": 0.0, "site_type": "news", "published": "2015-08-26T10:00:00.000+03:00", "replies_count": 0, "uuid": "123c589d1ba51d4cfe36ec6094469430dbe20cfa"}, "author": "", "url": "http://raffimax.tradepub.com/c/pubRD.mpl?sr=rss&_t=rss&qf=w_lifb24", "ord_in_thread": 0, "title": "8 Ways to Evaluate Identity Theft Protection Providers", "locations": [], "entities": {"persons": [], "locations": [], "organizations": []}, "highlightText": "", "language": "english", "persons": [], "text": " ", "external_links": [], "published": "2015-08-26T10:00:00.000+03:00", "crawled": "2015-08-27T23:14:01.371+03:00", "highlightTitle": ""}