{"organizations": [], "uuid": "2092a9705c2f46e9627cc81664e64a5a602cb939", "thread": {"social": {"gplus": {"shares": 0}, "pinterest": {"shares": 0}, "vk": {"shares": 0}, "linkedin": {"shares": 0}, "facebook": {"likes": 0, "shares": 0, "comments": 0}, "stumbledupon": {"shares": 0}}, "site_full": "www.wsj.com", "main_image": "http://si.wsj.net/public/resources/images/BN-KA837_wolfe_G_20150827113057.jpg", "site_section": "http://www.wsj.com/news/business", "section_title": "Business &amp; Finance News - Wall Street Journal", "url": "http://www.wsj.com/articles/sarah-robb-ohagan-fitness-is-her-business-1440776213", "country": "US", "title": "Sarah Robb O’Hagan: Fitness Is Her Business", "performance_score": 0, "site": "wsj.com", "participants_count": 1, "title_full": "Sarah Robb O’Hagan: Fitness Is Her Business - WSJ", "spam_score": 0.0, "site_type": "news", "published": "2015-08-28T19:36:00.000+03:00", "replies_count": 0, "uuid": "2092a9705c2f46e9627cc81664e64a5a602cb939"}, "author": "Alexandra Wolfe", "url": "http://www.wsj.com/articles/sarah-robb-ohagan-fitness-is-her-business-1440776213", "ord_in_thread": 0, "title": "Sarah Robb O’Hagan: Fitness Is Her Business", "locations": [], "entities": {"persons": [], "locations": [], "organizations": []}, "highlightText": "", "language": "english", "persons": [], "text": "In July, Sarah Robb O’Hagan was training for her fourth mud run event, a shorter version of the obstacle-course race Tough Mudder, when she fell and hurt her knee. It was an unwelcome setback for the president of Equinox Holdings, the company that owns the Equinox fitness clubs, Pure Yoga studios and cycling chain Soul Cycle. She had to get five stitches and couldn’t walk for two weeks. “Me being on crutches is the hardest thing in the world,” she jokes.\nFor someone who usually works out every day—either running around 5... ", "external_links": ["https://join.wsjeuropesubs.com/000HS"], "published": "2015-08-28T19:36:00.000+03:00", "crawled": "2015-08-28T19:29:00.811+03:00", "highlightTitle": ""}