{"organizations": [], "uuid": "544c2751fff3ed72e9131e7ce3b3d0144c416bf3", "thread": {"social": {"gplus": {"shares": 0}, "pinterest": {"shares": 0}, "vk": {"shares": 0}, "linkedin": {"shares": 0}, "facebook": {"likes": 0, "shares": 0, "comments": 0}, "stumbledupon": {"shares": 0}}, "site_full": "www.menafn.com", "main_image": "http://www.menafn.com/updates/pr/2015-08/Pro_gold_bars_2________358_55e24b1c80ddd40bafd3d-b8c5-4d68-95a4-f0491cf8d59e.jpg", "site_section": "http://www.menafn.com/rss/menafn_Business_Finance.xml", "section_title": "MENAFN.com Business/Finance", "url": "http://www.menafn.com/1094323521/Gold-ends-the-week-on-a-high?src=RSS", "country": "US", "title": "Gold ends the week on a high", "performance_score": 0, "site": "menafn.com", "participants_count": 1, "title_full": "Gold ends the week on a high | MENAFN.COM", "spam_score": 0.0, "site_type": "news", "published": "2015-08-30T03:00:00.000+03:00", "replies_count": 0, "uuid": "544c2751fff3ed72e9131e7ce3b3d0144c416bf3"}, "author": "ProactiveInvestors  Australia", "url": "http://www.menafn.com/1094323521/Gold-ends-the-week-on-a-high?src=RSS", "ord_in_thread": 0, "title": "Gold ends the week on a high", "locations": [], "entities": {"persons": [], "locations": [], "organizations": []}, "highlightText": "", "language": "english", "persons": [], "text": "(MENAFN - ProactiveInvestors)Gold futures settled higher on Friday but suffered a 2.2% loss for the week their biggest weekly decline since the week ended July 24. \n\nThe U.S. dollar strengthened this week putting pressure on the metal as the market weighed prospects for an interest-rate hike this year by the Federal Reserve.\n\nDecember gold climbed 1% for the session to settle at US1134 an ounce on the Comex after declines over the past four sessions.\n\nData on Friday showed U.S. consumer spending picked up a bit in July offering further evidence of strength in the economy that could keep the door open to a Federal Reserve interest rate rise this year.\n \nProactive Investors Australia is the market leader in producing news articles and research reports on ASX emerging companies with distribution in Australia UK North America and Hong Kong / China.", "external_links": [], "published": "2015-08-30T03:00:00.000+03:00", "crawled": "2015-08-31T00:43:05.864+03:00", "highlightTitle": ""}