{"organizations": [], "uuid": "23027b85701f8437fcad404e9ae37c6c3c706f8d", "thread": {"social": {"gplus": {"shares": 0}, "pinterest": {"shares": 0}, "vk": {"shares": 0}, "linkedin": {"shares": 0}, "facebook": {"likes": 0, "shares": 0, "comments": 0}, "stumbledupon": {"shares": 0}}, "site_full": "www.reuters.com", "main_image": "", "site_section": "http://www.reuters.com/finance/personal-finance", "section_title": "Wealth, Personal Finance &amp; Money | Reuters.com", "url": "http://www.reuters.com/article/2015/08/26/malaysia-1mdb-idUSL4N1111LS20150826", "country": "US", "title": "Malaysia's 1MDB denies Abu Dhabi's IPIC pulling out of debt plan", "performance_score": 0, "site": "reuters.com", "participants_count": 1, "title_full": "Malaysia's 1MDB denies Abu Dhabi's IPIC pulling out of debt plan | Reuters", "spam_score": 0.0, "site_type": "news", "published": "2015-08-26T07:28:00.000+03:00", "replies_count": 0, "uuid": "23027b85701f8437fcad404e9ae37c6c3c706f8d"}, "author": "Reuters", "url": "http://www.reuters.com/article/2015/08/26/malaysia-1mdb-idUSL4N1111LS20150826", "ord_in_thread": 0, "title": "Malaysia's 1MDB denies Abu Dhabi's IPIC pulling out of debt plan", "locations": [], "entities": {"persons": [], "locations": [], "organizations": []}, "highlightText": "", "language": "english", "persons": [], "text": "KUALA LUMPUR Aug 26 Malaysian state fund 1Malaysia Development Bhd said on Wednesday that it strongly denies that Abu Dhabi's International Petroleum Investment Co (IPIC) is considering pulling out of a plan to help restructure 1MDB's debts.\n\"We in fact confirm that 1MDB remains engaged in discussions with IPIC, to conclude the transaction per the terms as officially announced by IPIC to the London Stock Exchange on 10 June 2015,\" it said in a statement.\nCiting a source, Singapore's Business Times newspaper reported earlier in the day that IPIC is considering withdrawing from the plan to help restructure 1MDB's debts, barely three months after agreeing to do so. The report pushed down the Malaysian ringgit.\nThe Malaysian fund, whose advisory board is chaired by Prime Minister Najib Razak, has been dogged by controversy over its $11 billion in debt and is the subject of multiple investigations amid allegations of financial mismanagement and graft. (Editing by Kim Coghill)", "external_links": [], "published": "2015-08-26T07:28:00.000+03:00", "crawled": "2015-08-26T06:37:58.489+03:00", "highlightTitle": ""}