{"organizations": [], "uuid": "bf44209743aa2ce5df77ef6a29e6d3f9bb05d968", "thread": {"social": {"gplus": {"shares": 0}, "pinterest": {"shares": 0}, "vk": {"shares": 0}, "linkedin": {"shares": 0}, "facebook": {"likes": 0, "shares": 0, "comments": 0}, "stumbledupon": {"shares": 0}}, "site_full": "www.wsj.com", "main_image": "http://si.wsj.net/img/WSJ_Logo_black_social.gif", "site_section": "http://www.wsj.com/news/markets", "section_title": "Stock Market &amp; Finance News - Wall Street Journal", "url": "http://www.wsj.com/articles/european-banks-face-more-pain-from-operational-errors-1440591771", "country": "US", "title": "European Banks Face More Pain From Operational Errors", "performance_score": 0, "site": "wsj.com", "participants_count": 1, "title_full": "European Banks Face More Pain From Operational Errors - WSJ", "spam_score": 0.0, "site_type": "news", "published": "2015-08-26T16:22:00.000+03:00", "replies_count": 0, "uuid": "bf44209743aa2ce5df77ef6a29e6d3f9bb05d968"}, "author": "Paul J. Davies", "url": "http://www.wsj.com/articles/european-banks-face-more-pain-from-operational-errors-1440591771", "ord_in_thread": 0, "title": "European Banks Face More Pain From Operational Errors", "locations": [], "entities": {"persons": [], "locations": [], "organizations": []}, "highlightText": "", "language": "english", "persons": [], "text": "When banks behave badly, it isn’t just the fines they now need to worry about.\nRegulators are making more use of capital-sucking charges for operational risk, a broad term that covers all ways in which a bank can lose money through error, negligence, or illegality.\nHowever, regulators are inconsistent in applying those charges, which take... To Read the Full Story, Subscribe or Sign In", "external_links": [], "published": "2015-08-26T16:22:00.000+03:00", "crawled": "2015-08-26T15:32:19.335+03:00", "highlightTitle": ""}