{"organizations": [], "uuid": "ac58751831cea17f05b497e6780a410408ccd2a8", "thread": {"social": {"gplus": {"shares": 0}, "pinterest": {"shares": 0}, "vk": {"shares": 0}, "linkedin": {"shares": 0}, "facebook": {"likes": 0, "shares": 0, "comments": 0}, "stumbledupon": {"shares": 0}}, "site_full": "au.finance.yahoo.com", "main_image": "https://s.yimg.com/bt/api/res/1.2/6rik6AZwuPGCiADf_9dhPQ--/YXBwaWQ9eW5ld3M7cT03NTt3PTYwMA--/http://l.yimg.com/os/mit/media/m/social/images/social_default_logo-1481777.png", "site_section": "https://au.finance.yahoo.com/news/category-commodities/?format=rss", "section_title": "Commodities Market News - Yahoo!7 Australia Finance", "url": "https://au.finance.yahoo.com/news/aust-bonds-weaken-equities-gain-065932317.html", "country": "US", "title": "Aust bonds weaken as equities gain", "performance_score": 0, "site": "yahoo.com", "participants_count": 0, "title_full": "Aust bonds weaken as equities gain", "spam_score": 0.0, "site_type": "news", "published": "2015-08-26T09:59:00.000+03:00", "replies_count": 0, "uuid": "ac58751831cea17f05b497e6780a410408ccd2a8"}, "author": "", "url": "https://au.finance.yahoo.com/news/aust-bonds-weaken-equities-gain-065932317.html", "ord_in_thread": 0, "title": "Aust bonds weaken as equities gain", "locations": ["Australia"], "entities": {"persons": [], "locations": [], "organizations": []}, "highlightText": "", "language": "english", "persons": [], "text": "Wed, Aug 26, 2015, 5:24 PM AEST - Australia Markets closed Aust bonds weaken as equities gain AAP – 24 minutes ago Print \nThe Australian bond market is weaker, after the local sharemarket enjoyed another day of gains, helped by the Chinese central bank cutting its key interest rate. \nThe People's Bank of China cut its benchmark interest rates and the amount of cash banks must keep on hand in a move to boost its economy as it battles sharemarket turmoil. \nChinese equities responded on Wednesday, eking out gains of around two per cent, following eight and seven per per cent falls on Monday and Tuesday. \nNomura rates strategist Andrew Ticehurst said the move into equites caused some weakness in the safe haven asset of bonds. \n\"The stocks market is certainly taking a little bit of comfort from the policy easing from China,\" he said. \n\"I'd say market sentiment is still fragile and I'd say that market volatility is going to continue for some time as we continue to watch the Chinese stock market gyrate.\" \nMr Ticehurst said falls in bond prices were limited because there is an increased chance of another rate cut by the Reserve Bank next year, and some observers are even tipping one late this year. \nHe said that bond markets will now be focusing on a speech by New York Federal Reserve Bank president William Dudley, for clues as to whether the recent market turmoil has changed the Fed's interest rate outlook. \nAt 1630 AEST on Wednesday, the September 2015 10-year bond futures contract was trading at 97.315 (implying a yield of 2.685 per cent), down from 97.370 (2.630 per cent) on Tuesday. \nThe September 2015 three-year bond futures contract was at 98.230 (1.770 per cent), down from 98.250 (1.750 per cent). \nKEY MOVEMENTS: \n* CGS 5.5pct Jan 2018, 1.755pct, from 1.739pct on Tuesday \n* CGS 4.25pct April 2026, 2.733pct, from 2.670pct \nSydney Futures Exchange prices: \n* September 2015 bill futures, 97.940 from 97.930 \n* December 2015 bill futures, 98.090, from 98.080 \n(*Closes taken at 1630 AEST previous local session) \nSource: IRESS", "external_links": [], "published": "2015-08-26T09:59:00.000+03:00", "crawled": "2015-08-26T10:24:28.202+03:00", "highlightTitle": ""}