{"organizations": [], "uuid": "cd38e4d53195724f1169be19c2044d0a0fd2c9d9", "thread": {"social": {"gplus": {"shares": 0}, "pinterest": {"shares": 0}, "vk": {"shares": 0}, "linkedin": {"shares": 0}, "facebook": {"likes": 0, "shares": 0, "comments": 0}, "stumbledupon": {"shares": 0}}, "site_full": "financefollow.com", "main_image": "", "site_section": "http://financefollow.com/feed/", "section_title": "Finance Follow", "url": "http://financefollow.com/2015/08/two-iraq-generals-killed-by-car-bomb/", "country": "", "title": "Two Iraq generals killed by car bomb", "performance_score": 0, "site": "financefollow.com", "participants_count": 1, "title_full": "Two Iraq generals killed by car bomb", "spam_score": 0.0, "site_type": "news", "published": "2015-08-27T13:29:00.000+03:00", "replies_count": 0, "uuid": "cd38e4d53195724f1169be19c2044d0a0fd2c9d9"}, "author": "Expert", "url": "http://financefollow.com/2015/08/two-iraq-generals-killed-by-car-bomb/", "ord_in_thread": 0, "title": "Two Iraq generals killed by car bomb", "locations": [], "entities": {"persons": [], "locations": [], "organizations": []}, "highlightText": "", "language": "english", "persons": [], "text": " ", "external_links": [], "published": "2015-08-27T13:29:00.000+03:00", "crawled": "2015-08-27T14:08:01.552+03:00", "highlightTitle": ""}