{"organizations": [], "uuid": "5d4d520448afc4d6fc3f3e209914f051eeaff6d2", "thread": {"social": {"gplus": {"shares": 0}, "pinterest": {"shares": 0}, "vk": {"shares": 0}, "linkedin": {"shares": 0}, "facebook": {"likes": 0, "shares": 0, "comments": 0}, "stumbledupon": {"shares": 0}}, "site_full": "www.telegraph.co.uk", "main_image": "http://i.telegraph.co.uk/multimedia/archive/01820/solar_1820750a.jpg", "site_section": "http://www.telegraph.co.uk/finance/", "section_title": "Finance - Business news and market updates - Telegraph - Telegraph", "url": "http://www.telegraph.co.uk/finance/personalfinance/energy-bills/11828078/Rooftop-solar-panels-to-lose-3840-payout-in-drastic-cull-to-green-subsidies.html", "country": "GB", "title": "Rooftop solar panels to lose '£3,840' payout in drastic cull to green subsidies", "performance_score": 2, "site": "telegraph.co.uk", "participants_count": 2, "title_full": "Rooftop solar panels to lose '£3,840' payout in drastic cull to green subsidies - Telegraph", "spam_score": 0.0, "site_type": "news", "published": "2015-08-27T23:02:00.000+03:00", "replies_count": 1, "uuid": "3c41ab86c55898fa01fe929bcaf501bab9bdc768"}, "author": "Kate Palmer", "url": "http://www.telegraph.co.uk/finance/personalfinance/energy-bills/11828078/Rooftop-solar-panels-to-lose-3840-payout-in-drastic-cull-to-green-subsidies.html#post-0", "ord_in_thread": 0, "title": "Rooftop solar panels to lose '£3,840' payout in drastic cull to green subsidies", "locations": [], "entities": {"persons": [], "locations": [], "organizations": []}, "highlightText": "", "language": "english", "persons": [], "text": " Telegraph Switching Services» Telegraph Digital Switching Telegraph Energy Switching Find the best broadband, TV and home phone deals for you See the best gas and electricity deals and switch online Compare now » Compare now »", "external_links": [], "published": "2015-08-27T23:02:00.000+03:00", "crawled": "2015-08-27T17:44:11.834+03:00", "highlightTitle": ""}