{"organizations": [], "uuid": "040fb929584d5d96c167ecb798a3195bb8730635", "thread": {"social": {"gplus": {"shares": 0}, "pinterest": {"shares": 0}, "vk": {"shares": 0}, "linkedin": {"shares": 0}, "facebook": {"likes": 0, "shares": 0, "comments": 0}, "stumbledupon": {"shares": 0}}, "site_full": "www.reuters.com", "main_image": "", "site_section": "http://www.reuters.com/finance/personal-finance", "section_title": "Wealth, Personal Finance &amp; Money | Reuters.com", "url": "http://www.reuters.com/article/2015/08/26/wal-mart-stores-rifles-idUSL1N1111NE20150826", "country": "US", "title": "Wal-Mart says to stop selling AR-15, other rifles", "performance_score": 0, "site": "reuters.com", "participants_count": 1, "title_full": "Wal-Mart says to stop selling AR-15, other rifles | Reuters", "spam_score": 0.0, "site_type": "news", "published": "2015-08-26T22:16:00.000+03:00", "replies_count": 0, "uuid": "040fb929584d5d96c167ecb798a3195bb8730635"}, "author": "Reuters", "url": "http://www.reuters.com/article/2015/08/26/wal-mart-stores-rifles-idUSL1N1111NE20150826", "ord_in_thread": 0, "title": "Wal-Mart says to stop selling AR-15, other rifles", "locations": [], "entities": {"persons": [], "locations": [], "organizations": []}, "highlightText": "", "language": "english", "persons": [], "text": "Aug 26 Wal-Mart Stores says it will stop selling the AR-15 and other modern sports rifles at its stores due to sluggish demand.\nKory Lundberg, a spokesman for the world's largest retailer, said the decision was based solely on demand and was not related to recent high-profile shootings involving the rifles.\n(Reporting by Nathan Layne ; Editing by Chris Reese )", "external_links": [], "published": "2015-08-26T22:16:00.000+03:00", "crawled": "2015-08-26T21:28:24.142+03:00", "highlightTitle": ""}