{"organizations": [], "uuid": "c3cc9cc97c75e782e1b90bd1664d1cbbf310a313", "thread": {"social": {"gplus": {"shares": 0}, "pinterest": {"shares": 0}, "vk": {"shares": 0}, "linkedin": {"shares": 0}, "facebook": {"likes": 0, "shares": 0, "comments": 0}, "stumbledupon": {"shares": 0}}, "site_full": "www.reuters.com", "main_image": "", "site_section": "http://www.reuters.com/finance/personal-finance", "section_title": "Wealth, Personal Finance &amp; Money | Reuters.com", "url": "http://www.reuters.com/article/2015/08/28/usa-fed-lockhart-idUSW1N0ZB01P20150828", "country": "US", "title": "Fed's Lockhart says less resolute on Sept hike prospects- Market News", "performance_score": 0, "site": "reuters.com", "participants_count": 1, "title_full": "Fed's Lockhart says less resolute on Sept hike prospects- Market News | Reuters", "spam_score": 0.0, "site_type": "news", "published": "2015-08-28T20:15:00.000+03:00", "replies_count": 0, "uuid": "c3cc9cc97c75e782e1b90bd1664d1cbbf310a313"}, "author": "Reuters", "url": "http://www.reuters.com/article/2015/08/28/usa-fed-lockhart-idUSW1N0ZB01P20150828", "ord_in_thread": 0, "title": "Fed's Lockhart says less resolute on Sept hike prospects- Market News", "locations": [], "entities": {"persons": [], "locations": [], "organizations": []}, "highlightText": "", "language": "english", "persons": [], "text": "WASHINGTON Aug 28 A key Federal Reserve policymaker said on Friday that recent financial market turbulence made him less resolute over the prospect of hiking U.S. interest rates in September, news agency Market News International reported, citing an interview.\nAtlanta Fed President Dennis Lockhart said it was \"sensible\" to not change policy in the midst of a storm, Market News reported.\n(Reporting by Jason Lange ; Editing by Chizu Nomiyama )", "external_links": [], "published": "2015-08-28T20:15:00.000+03:00", "crawled": "2015-08-28T19:37:16.140+03:00", "highlightTitle": ""}